2026-06-02T01:35:17Z,AIS_ANOMALY,Financial Post,Blackstone Raises $13.1 Billion for Latest Asia Buyout Fund,Unknown,Unspecified Vessel,LOW,0.5381,N/A
2026-06-02T01:07:40Z,AIS_ANOMALY,UN News,Speakers Raise Alarm over Ukraine War’s Spillover Effect as Security Council Discusses Reported Russian Federation Drone Crash in Romania,Unknown,Unspecified Vessel,LOW,0.6507,N/A
2026-06-02T01:00:41Z,PIRACY,Bitcoinist,Crypto Hackers Stole $68 Million In May — But The Attacks Getting No Headlines Are Far More Terrifying,Unknown,Unspecified Vessel,LOW,0.8744,N/A
2026-06-02T01:00:00Z,PIRACY,Hkcert.org,IBM WebSphere Products Multiple Vulnerabilities,Unknown,Unspecified Vessel,LOW,0.5417,N/A
2026-06-02T01:00:00Z,PIRACY,Hkcert.org,Ubuntu Linux Kernel Multiple Vulnerabilities,Unknown,Unspecified Vessel,LOW,0.6399,N/A
2026-06-02T00:59:54Z,PIRACY,Thechronicle.com.gh,Troops rescue 23 kidnapped passengers in Kogi,Unknown,Unspecified Vessel,LOW,0.7954,N/A
2026-06-02T00:49:08Z,AIS_ANOMALY,Financial Post,Oil Holds Biggest Gain in a Month on Standoff in US-Iran Talks,Unknown,AIS Disabled,LOW,0.8159,N/A
2026-06-02T00:47:24Z,PIRACY,The Punch,"Bandits kill 17, loot shops in Sokoto raid",Unknown,Unspecified Vessel,LOW,0.8170,N/A
2026-06-02T00:41:40Z,PIRACY,Thechronicle.com.gh,"‘You’ve Eradicated Piracy, Curtailed Crude Oil Theft,’ Tinubu Lauds Nigerian Navy",Unknown,Unspecified Vessel,MEDIUM,0.8102,N/A
2026-06-02T00:33:25Z,SMUGGLING,Fox News,Hidden tunnel discovered in Tijuana may have supported cross-border trafficking operations,Unknown,Unspecified Vessel,MEDIUM,0.8192,N/A
2026-06-02T00:30:00Z,PIRACY,The Times of India,Palo Alto Networks warns AI-powered cyberattacks could overwhelm enterprises within months: Meerah Rajavel,Unknown,Unspecified Vessel,LOW,0.6485,N/A
"Wed, 20 May 2026 07:00:00 GMT",ILLEGAL_FISHING,GoogleNews_Kumparan.com,Prabowo: Tiap Malam Puluhan Ribu Kapal Asing Ambil Kekayaan Kita Secara Ilegal - kumparan.com - Kumparan.com,Unknown,Unspecified Vessel,LOW,0.8534,N/A
"Thu, 21 May 2026 07:00:00 GMT",ILLEGAL_FISHING,GoogleNews_PontianakPost,"Patroli Laut Maluku Diperketat, TNI AL Siaga Hadang Pelanggaran Lintas Negara dan Ancaman Kapal Asing Ilegal - PontianakPost",Maluku,Unspecified Vessel,LOW,0.9135,"-3.2385, 130.1453"
"Wed, 20 May 2026 08:55:00 GMT",ILLEGAL_FISHING,GoogleNews_CaraPandang,Prabowo Singgung Puluhan Ribu Kapal Asing Curi Hasil Alam Indonesia Secara Ilegal - CaraPandang,Indonesia,Unspecified Vessel,LOW,0.8425,"-2.5489, 118.0149"
"Wed, 20 May 2026 07:00:00 GMT",ILLEGAL_FISHING,GoogleNews_SINDOnews Ekbis,Prabowo: Puluhan Ribu Kapal Asing Tiap Malam Mengambil Kekayaan RI secara Ilegal - SINDOnews Ekbis,Unknown,Unspecified Vessel,LOW,0.8979,N/A
"Sat, 18 Apr 2026 07:00:00 GMT",ILLEGAL_FISHING,GoogleNews_Batamtoday.com,KKP Tindak Tegas Pelanggaran di Pulau-pulau Kecil dan Kapal Asing Ilegal - Batamtoday.com,Unknown,Unspecified Vessel,LOW,0.8984,N/A
"Thu, 16 Apr 2026 07:00:00 GMT",ILLEGAL_FISHING,GoogleNews_Kompas.com,"KKP Tak Tenggelamkan Kapal Asing Ilegal Seperti Era Susi Pudjiastuti, tapi Diberikan ke Nelayan - Kompas.com",Unknown,Unspecified Vessel,LOW,0.8926,N/A
"Fri, 27 Mar 2026 07:00:00 GMT",ILLEGAL_FISHING,GoogleNews_detikNews,Kapten Kapal Indonesia Dibui karena Tangkap Teripang Ilegal di Australia - detikNews,Indonesia,Unspecified Vessel,LOW,0.8877,"-2.5489, 118.0149"
"Wed, 15 Apr 2026 07:00:00 GMT",ENFORCEMENT,GoogleNews_ANTARA News,"KKP tangkap tiga kapal asing, selamatkan potensi rugi Rp20,2 miliar - ANTARA News",Unknown,Unspecified Vessel,LOW,0.8985,N/A
"Thu, 02 Apr 2026 07:00:00 GMT",ILLEGAL_FISHING,GoogleNews_Kemenko Polkam R.I.,Kemenko Polkam Dukung Pencegahan Ilegal Fishing Nelayan - Kemenko Polkam R.I.,Unknown,Unspecified Vessel,LOW,0.9222,N/A
"Sat, 25 Apr 2026 07:00:00 GMT",ILLEGAL_FISHING,GoogleNews_Bicara Indonesia,KKP Manfaatkan Kapal Sitaan Illegal Fishing untuk Nelayan dan Pengawasan - Bicara Indonesia,Indonesia,Unspecified Vessel,MEDIUM,0.6779,"-2.5489, 118.0149"
"Sun, 05 Apr 2026 07:00:00 GMT",ILLEGAL_FISHING,GoogleNews_National Geographic ,Permasalahan Kompleks di Balik Pencurian Ikan oleh Kapal Indonesia di Perairan Australia - National Geographic Indonesia,"Indonesia, Bali",Unspecified Vessel,LOW,0.9106,"-2.5489, 118.0149"
"Fri, 22 May 2026 07:00:00 GMT",ENFORCEMENT,GoogleNews_ANTARA News Yogyakar,Quo Vadis Bakamla RI? - ANTARA News Yogyakarta,Unknown,Unspecified Vessel,LOW,0.9511,N/A
"Fri, 24 Apr 2026 07:00:00 GMT",ENFORCEMENT,GoogleNews_CNN Indonesia,Kepala Bakamla Buka Suara Soal Wacana Biaya di Selat Malaka - CNN Indonesia,Indonesia,Unspecified Vessel,LOW,0.9021,"-2.5489, 118.0149"
2026-06-03T09:52:44.826174,AIS_ANOMALY,VesselFinder,AIS tracking data collected from VesselFinder,Indonesian Waters,Multiple Vessels Tracked,LOW,0.7500,"-6.2088, 106.8456"
2026-06-03T09:52:42.880813,ILLEGAL_FISHING,GlobalFishingWatch,Suspicious fishing vessel activity detected in Indonesian EEZ,Natuna Sea,Foreign Fishing Vessel,MEDIUM,0.8500,"3.9731, 108.2425"
2026-06-03T09:52:44.135182,CONSERVATION_ISSUE,OpenMeteo_Weather,"Maritime conditions: Wave 0.78m, Wind 0km/h at Java Sea",Java Sea,Weather: 0.78m waves,LOW,0.9000,"-5.5, 110.0"
2026-06-03T09:52:45.691770,CONSERVATION_ISSUE,OpenMeteo_Weather,"Maritime conditions: Wave 0.12m, Wind 0km/h at Natuna Sea",Natuna Sea,Weather: 0.12m waves,LOW,0.9000,"3.97, 108.24"
2026-06-03T09:52:46.915071,CONSERVATION_ISSUE,OpenMeteo_Weather,"Maritime conditions: Wave 0m, Wind 0km/h at Malacca Strait",Malacca Strait,Weather: 0m waves,LOW,0.9000,"2.5, 100.0"
2026-06-01T12:00:00Z,AIS_ANOMALY,Globalsecurity.org,"CCG conducts rights-protection law enforcement in waters where Japan, Philippines intend to infringe on China's rights",Philippines,Unspecified Vessel,LOW,0.9151,"12.8797, 121.7740"
2026-05-31T13:44:21Z,ENFORCEMENT,The Times of India,"China conducts patrols near Scarborough Shoal, Philippines dismisses drill assertions as ""unfounded""",Philippines,Unspecified Vessel,LOW,0.5400,"12.8797, 121.7740"
2026-05-26T18:00:00Z,PIRACY,OilPrice.com,Gulf Shipping Crisis Fuels New Eurasian Corridors,Unknown,Unspecified Vessel,LOW,0.7670,N/A
2026-05-26T10:00:00Z,TERRITORIAL_VIOLATION,RTE,Call for tougher action on foreign vessels fishing in EEZ,Unspecified Maritime Zone,Unspecified Vessel,LOW,0.9125,N/A
"Wed, 20 May 2026 07:00:00 GMT",ILLEGAL_FISHING,GoogleNews_Kumparan.com,Prabowo: Tiap Malam Puluhan Ribu Kapal Asing Ambil Kekayaan Kita Secara Ilegal - kumparan.com - Kumparan.com,Unknown,Unspecified Vessel,LOW,0.8534,N/A
"Thu, 21 May 2026 07:00:00 GMT",ILLEGAL_FISHING,GoogleNews_PontianakPost,"Patroli Laut Maluku Diperketat, TNI AL Siaga Hadang Pelanggaran Lintas Negara dan Ancaman Kapal Asing Ilegal - PontianakPost",Maluku,Unspecified Vessel,LOW,0.9135,"-3.2385, 130.1453"
"Wed, 20 May 2026 08:55:00 GMT",ILLEGAL_FISHING,GoogleNews_CaraPandang,Prabowo Singgung Puluhan Ribu Kapal Asing Curi Hasil Alam Indonesia Secara Ilegal - CaraPandang,Indonesia,Unspecified Vessel,LOW,0.8425,"-2.5489, 118.0149"
"Wed, 20 May 2026 07:00:00 GMT",ILLEGAL_FISHING,GoogleNews_Kompas.com,Prabowo: Tiap Malam Puluhan Kapal Asing Ambil Kekayaan Kita Secara Ilegal - Kompas.com,Unknown,Unspecified Vessel,LOW,0.8823,N/A
"Wed, 20 May 2026 07:00:00 GMT",ILLEGAL_FISHING,GoogleNews_SINDOnews Ekbis,Prabowo: Puluhan Ribu Kapal Asing Tiap Malam Mengambil Kekayaan RI secara Ilegal - SINDOnews Ekbis,Unknown,Unspecified Vessel,LOW,0.8979,N/A
"Sat, 18 Apr 2026 07:00:00 GMT",ILLEGAL_FISHING,GoogleNews_Batamtoday.com,KKP Tindak Tegas Pelanggaran di Pulau-pulau Kecil dan Kapal Asing Ilegal - Batamtoday.com,Unknown,Unspecified Vessel,LOW,0.8984,N/A
"Fri, 27 Mar 2026 07:00:00 GMT",ILLEGAL_FISHING,GoogleNews_detikNews,Kapten Kapal Indonesia Dibui karena Tangkap Teripang Ilegal di Australia - detikNews,Indonesia,Unspecified Vessel,LOW,0.8877,"-2.5489, 118.0149"
"Wed, 15 Apr 2026 07:00:00 GMT",ENFORCEMENT,GoogleNews_ANTARA News,"KKP tangkap tiga kapal asing, selamatkan potensi rugi Rp20,2 miliar - ANTARA News",Unknown,Unspecified Vessel,LOW,0.8985,N/A
"Thu, 16 Apr 2026 07:00:00 GMT",ILLEGAL_FISHING,GoogleNews_Kompas.com,"KKP Tak Tenggelamkan Kapal Asing Ilegal Seperti Era Susi Pudjiastuti, tapi Diberikan ke Nelayan - Kompas.com",Unknown,Unspecified Vessel,LOW,0.8926,N/A
"Thu, 06 Nov 2025 08:00:00 GMT",ENFORCEMENT,GoogleNews_Kementerian Kelautan,KKP Tangkap Kapal Ikan Asing Berbendera Vietnam di Laut Natuna Utara - Kementerian Kelautan dan Perikanan,"Natuna, Vietnam",Unspecified Vessel,LOW,0.9018,"3.9731, 108.2425"
"Thu, 06 Nov 2025 08:00:00 GMT",ENFORCEMENT,GoogleNews_Kementerian Kelautan,KKP Tangkap Kapal Ikan Asing Berbendera Vietnam di Laut Natuna Utara - Kementerian Kelautan dan Perikanan,"Natuna, Vietnam",Unspecified Vessel,LOW,0.9018,"3.9731, 108.2425"
"Thu, 02 Apr 2026 07:00:00 GMT",ILLEGAL_FISHING,GoogleNews_Kemenko Polkam R.I.,Kemenko Polkam Dukung Pencegahan Ilegal Fishing Nelayan - Kemenko Polkam R.I.,Unknown,Unspecified Vessel,LOW,0.9222,N/A
"Thu, 06 Nov 2025 08:00:00 GMT",ILLEGAL_FISHING,GoogleNews_ANTARA News Bengkulu,"KKP amankan 41 kapal ""illegal fishing"" di Laut Natuna Utara - ANTARA News Bengkulu",Natuna,Unspecified Vessel,MEDIUM,0.6423,"3.9731, 108.2425"
"Thu, 06 Nov 2025 08:00:00 GMT",ILLEGAL_FISHING,GoogleNews_Emitennews.com,"Sepanjang 2025, KKP Tangkap 255 Kapal Pelaku Illegal Fishing - Emitennews.com",Unknown,Unspecified Vessel,MEDIUM,0.8509,N/A
"Sat, 25 Apr 2026 07:00:00 GMT",ILLEGAL_FISHING,GoogleNews_Bicara Indonesia,KKP Manfaatkan Kapal Sitaan Illegal Fishing untuk Nelayan dan Pengawasan - Bicara Indonesia,Indonesia,Unspecified Vessel,MEDIUM,0.6779,"-2.5489, 118.0149"
"Mon, 21 Jul 2025 04:41:11 GMT",ILLEGAL_FISHING,GoogleNews_Kementerian Kelautan,"NELAYAN TERANCAM, LAUT TERLUKA: DAMPAK IUU FISHING BAGI MASYARAKAT DAN EKOSISTEM - Kementerian Kelautan dan Perikanan",Unknown,Unspecified Vessel,LOW,0.8509,N/A
"Fri, 07 Nov 2025 08:00:00 GMT",ILLEGAL_FISHING,GoogleNews_CNN Indonesia,Kapal Vietnam Pelaku Illegal Fishing Ditangkap di Laut Natuna Utara - CNN Indonesia,"Indonesia, Natuna, Vietnam",Unspecified Vessel,MEDIUM,0.7598,"-2.5489, 118.0149"
"Sun, 05 Apr 2026 07:00:00 GMT",ILLEGAL_FISHING,GoogleNews_National Geographic ,Permasalahan Kompleks di Balik Pencurian Ikan oleh Kapal Indonesia di Perairan Australia - National Geographic Indonesia,"Indonesia, Bali",Unspecified Vessel,LOW,0.9106,"-2.5489, 118.0149"
"Tue, 24 Feb 2026 08:00:00 GMT",TERRITORIAL_VIOLATION,GoogleNews_Indonesiadefense.com,Skenario Tegang di Natuna! TNI AL Hadapi 2 Kapal Perang Asing Kawal Pencuri Ikan - Indonesiadefense.com,"Indonesia, Natuna",Unspecified Vessel,LOW,0.8778,"-2.5489, 118.0149"
"Mon, 23 Dec 2024 08:00:00 GMT",ENFORCEMENT,GoogleNews_Kementerian Kelautan,KKP Tangkap 240 Kapal Pencuri Ikan Sepanjang 2024 - Kementerian Kelautan dan Perikanan,Unknown,Unspecified Vessel,LOW,0.8892,N/A
"Fri, 14 Nov 2025 08:00:00 GMT",ILLEGAL_FISHING,GoogleNews_Mongabay.co.id,Sulitnya Memberantas Pencurian Ikan di Natuna - Mongabay.co.id,Natuna,Unspecified Vessel,LOW,0.8901,"3.9731, 108.2425"
"Thu, 06 Nov 2025 08:00:00 GMT",TERRITORIAL_VIOLATION,GoogleNews_ANTARA News,KKP menangkap kapal Vietnam curi ikan di Laut Natuna Utara - ANTARA News,"Natuna, Vietnam",Unspecified Vessel,LOW,0.8950,"3.9731, 108.2425"
"Mon, 17 Apr 2023 07:00:00 GMT",ILLEGAL_FISHING,GoogleNews_Kompas.id,Pencurian Ikan Masih Marak di Laut Natuna Utara - Kompas.id,Natuna,Unspecified Vessel,LOW,0.8910,"3.9731, 108.2425"
"Sun, 20 Apr 2025 07:00:00 GMT",ILLEGAL_FISHING,GoogleNews_Tempo.co,"Pencurian Ikan di Laut Natuna Utara Diprediksi Merugikan Negara Rp 152,8 Miliar - Tempo.co",Natuna,Unspecified Vessel,LOW,0.9057,"3.9731, 108.2425"
"Fri, 07 Nov 2025 08:00:00 GMT",ILLEGAL_FISHING,GoogleNews_SINDOnews Ekbis,Duit Rp522 Triliun Setiap Tahun Hilang Akibat Pencurian Ikan di Laut Indonesia - SINDOnews Ekbis,Indonesia,Unspecified Vessel,LOW,0.9128,"-2.5489, 118.0149"
"Wed, 26 Jun 2024 07:00:00 GMT",ILLEGAL_FISHING,GoogleNews_Kemenko Polkam R.I.,KEMENKO POLHUKAM UPAYAKAN PERBAIKAN PENCEGAHAN DAN PENANGANAN YANG KOMPREHENSIF ATAS PENCURIAN IKAN YANG DILAKUKAN OLEH NELAYAN INDONESIA DI PERAIRAN AUSTRALIA - Kemenko Polkam R.I.,Indonesia,Unspecified Vessel,LOW,0.8049,"-2.5489, 118.0149"
"Thu, 06 Nov 2025 08:00:00 GMT",ILLEGAL_FISHING,GoogleNews_Emitennews.com,"Sepanjang 2025, KKP Tangkap 255 Kapal Pelaku Illegal Fishing - Emitennews.com",Unknown,Unspecified Vessel,MEDIUM,0.8509,N/A
"Fri, 22 May 2026 07:00:00 GMT",ENFORCEMENT,GoogleNews_ANTARA News Yogyakar,Quo Vadis Bakamla RI? - ANTARA News Yogyakarta,Unknown,Unspecified Vessel,LOW,0.9511,N/A
"Sun, 10 Aug 2025 22:33:10 GMT",ENFORCEMENT,GoogleNews_Kompas.id,Bakamla Tangkap Kapal Tanker Iran di Laut Natuna Utara - Kompas.id,Natuna,Tanker,LOW,0.9095,"3.9731, 108.2425"
"Sun, 03 Aug 2025 07:00:00 GMT",ENFORCEMENT,GoogleNews_Tempo.co,Bakamla Tangkap Kapal Penyelundup Bawang Merah di Batam - Tempo.co,Unknown,Unspecified Vessel,LOW,0.8878,N/A
"Sat, 02 Aug 2025 07:00:00 GMT",ILLEGAL_FISHING,GoogleNews_CNN Indonesia,Bakamla Tangkap Kapal Angkut 400 Karung Bawang Merah Ilegal di Kepri - CNN Indonesia,Indonesia,Unspecified Vessel,LOW,0.8813,"-2.5489, 118.0149"
"Thu, 16 Oct 2025 07:00:00 GMT",ENFORCEMENT,GoogleNews_Kompas.com,Bakamla Tangkap Lima Terduga Perompak Batu Bara di Kaltim - Kompas.com,Unknown,Unspecified Vessel,LOW,0.9290,N/A
"Sun, 03 Aug 2025 07:00:00 GMT",ENFORCEMENT,GoogleNews_iNews.ID,Bakamla Tangkap Kapal Penyelundup Bawang Merah dari Batam ke Kuala Tungkal - iNews.ID,Unknown,Unspecified Vessel,LOW,0.8565,N/A
"Thu, 16 Oct 2025 07:00:00 GMT",ENFORCEMENT,GoogleNews_Niaga.Asia,Bakamla RI Tangkap 5 Orang yang Diduga akan Merampok Tongkang Batubara - Niaga.Asia,Unknown,Unspecified Vessel,LOW,0.9177,N/A
"Sun, 13 Aug 2023 07:00:00 GMT",ENFORCEMENT,GoogleNews_detikNews,Bakamla RI Tangkap Kapal Vietnam Curi 5 Ton Ikan di Laut Natuna Utara - detikNews,"Natuna, Vietnam",Unspecified Vessel,LOW,0.9131,"3.9731, 108.2425"
"Fri, 17 Oct 2025 07:00:00 GMT",ENFORCEMENT,GoogleNews_SinPo.id,Bakamla RI Gagalkan Aksi Perompakan Kapal Tugboat di Perairan Kalimantan Timur - SinPo.id,Unknown,Unspecified Vessel,LOW,0.8882,N/A
"Thu, 13 Jul 2023 07:00:00 GMT",ILLEGAL_FISHING,GoogleNews_Voice of America Ind,Indonesia Sita Kapal Tanker Iran atas Dugaan Transfer Minyak Ilegal Dekat Perairan Natuna - Voice of America Indonesia,"Indonesia, Natuna",Tanker,LOW,0.9250,"-2.5489, 118.0149"
2026-06-03T09:58:59.536291,AIS_ANOMALY,VesselFinder,AIS tracking data collected from VesselFinder,Indonesian Waters,Multiple Vessels Tracked,LOW,0.7500,"-6.2088, 106.8456"
2026-06-03T09:58:53.894868,ILLEGAL_FISHING,GlobalFishingWatch,Suspicious fishing vessel activity detected in Indonesian EEZ,Natuna Sea,Foreign Fishing Vessel,MEDIUM,0.8500,"3.9731, 108.2425"
2026-06-03T09:58:59.197428,CONSERVATION_ISSUE,OpenMeteo_Weather,"Maritime conditions: Wave 0.78m, Wind 0km/h at Java Sea",Java Sea,Weather: 0.78m waves,LOW,0.9000,"-5.5, 110.0"
2026-06-03T09:59:03.646588,CONSERVATION_ISSUE,OpenMeteo_Weather,"Maritime conditions: Wave 0.12m, Wind 0km/h at Natuna Sea",Natuna Sea,Weather: 0.12m waves,LOW,0.9000,"3.97, 108.24"
2026-06-03T09:59:09.412263,CONSERVATION_ISSUE,OpenMeteo_Weather,"Maritime conditions: Wave 0m, Wind 0km/h at Malacca Strait",Malacca Strait,Weather: 0m waves,LOW,0.9000,"2.5, 100.0"
"Wed, 20 May 2026 07:00:00 GMT",ILLEGAL_FISHING,GoogleNews_Kumparan.com,Prabowo: Tiap Malam Puluhan Ribu Kapal Asing Ambil Kekayaan Kita Secara Ilegal - kumparan.com - Kumparan.com,Unknown,Unspecified Vessel,LOW,0.8534,N/A
"Thu, 21 May 2026 07:00:00 GMT",ILLEGAL_FISHING,GoogleNews_PontianakPost,"Patroli Laut Maluku Diperketat, TNI AL Siaga Hadang Pelanggaran Lintas Negara dan Ancaman Kapal Asing Ilegal - PontianakPost",Maluku,Unspecified Vessel,LOW,0.9135,"-3.2385, 130.1453"
"Wed, 20 May 2026 08:55:00 GMT",ILLEGAL_FISHING,GoogleNews_CaraPandang,Prabowo Singgung Puluhan Ribu Kapal Asing Curi Hasil Alam Indonesia Secara Ilegal - CaraPandang,Indonesia,Unspecified Vessel,LOW,0.8425,"-2.5489, 118.0149"
"Wed, 20 May 2026 07:00:00 GMT",ILLEGAL_FISHING,GoogleNews_Kompas.com,Prabowo: Tiap Malam Puluhan Kapal Asing Ambil Kekayaan Kita Secara Ilegal - Kompas.com,Unknown,Unspecified Vessel,LOW,0.8823,N/A
"Wed, 20 May 2026 07:00:00 GMT",ILLEGAL_FISHING,GoogleNews_SINDOnews Ekbis,Prabowo: Puluhan Ribu Kapal Asing Tiap Malam Mengambil Kekayaan RI secara Ilegal - SINDOnews Ekbis,Unknown,Unspecified Vessel,LOW,0.8979,N/A
"Sat, 18 Apr 2026 07:00:00 GMT",ILLEGAL_FISHING,GoogleNews_Batamtoday.com,KKP Tindak Tegas Pelanggaran di Pulau-pulau Kecil dan Kapal Asing Ilegal - Batamtoday.com,Unknown,Unspecified Vessel,LOW,0.8984,N/A
"Fri, 27 Mar 2026 07:00:00 GMT",ILLEGAL_FISHING,GoogleNews_detikNews,Kapten Kapal Indonesia Dibui karena Tangkap Teripang Ilegal di Australia - detikNews,Indonesia,Unspecified Vessel,LOW,0.8877,"-2.5489, 118.0149"
"Wed, 15 Apr 2026 07:00:00 GMT",ENFORCEMENT,GoogleNews_ANTARA News,"KKP tangkap tiga kapal asing, selamatkan potensi rugi Rp20,2 miliar - ANTARA News",Unknown,Unspecified Vessel,LOW,0.8985,N/A
"Thu, 16 Apr 2026 07:00:00 GMT",ILLEGAL_FISHING,GoogleNews_Kompas.com,"KKP Tak Tenggelamkan Kapal Asing Ilegal Seperti Era Susi Pudjiastuti, tapi Diberikan ke Nelayan - Kompas.com",Unknown,Unspecified Vessel,LOW,0.8926,N/A
"Thu, 02 Apr 2026 07:00:00 GMT",ILLEGAL_FISHING,GoogleNews_Kemenko Polkam R.I.,Kemenko Polkam Dukung Pencegahan Ilegal Fishing Nelayan - Kemenko Polkam R.I.,Unknown,Unspecified Vessel,LOW,0.9222,N/A
"Sat, 25 Apr 2026 07:00:00 GMT",ILLEGAL_FISHING,GoogleNews_Bicara Indonesia,KKP Manfaatkan Kapal Sitaan Illegal Fishing untuk Nelayan dan Pengawasan - Bicara Indonesia,Indonesia,Unspecified Vessel,MEDIUM,0.6779,"-2.5489, 118.0149"
"Sun, 05 Apr 2026 07:00:00 GMT",ILLEGAL_FISHING,GoogleNews_National Geographic ,Permasalahan Kompleks di Balik Pencurian Ikan oleh Kapal Indonesia di Perairan Australia - National Geographic Indonesia,"Indonesia, Bali",Unspecified Vessel,LOW,0.9106,"-2.5489, 118.0149"
"Fri, 22 May 2026 07:00:00 GMT",ENFORCEMENT,GoogleNews_ANTARA News Yogyakar,Quo Vadis Bakamla RI? - ANTARA News Yogyakarta,Unknown,Unspecified Vessel,LOW,0.9511,N/A
2026-06-03T10:07:55.866400,AIS_ANOMALY,VesselFinder,AIS tracking data collected from VesselFinder,Indonesian Waters,Multiple Vessels Tracked,LOW,0.7500,"-6.2088, 106.8456"
2026-06-03T10:07:47.726591,ILLEGAL_FISHING,GlobalFishingWatch,Suspicious fishing vessel activity detected in Indonesian EEZ,Natuna Sea,Foreign Fishing Vessel,MEDIUM,0.8500,"3.9731, 108.2425"
2026-06-03T10:07:55.399975,CONSERVATION_ISSUE,OpenMeteo_Weather,"Maritime conditions: Wave 0.78m, Wind 0km/h at Java Sea",Java Sea,Weather: 0.78m waves,LOW,0.9000,"-5.5, 110.0"
2026-06-03T10:07:57.366082,CONSERVATION_ISSUE,OpenMeteo_Weather,"Maritime conditions: Wave 0.12m, Wind 0km/h at Natuna Sea",Natuna Sea,Weather: 0.12m waves,LOW,0.9000,"3.97, 108.24"
2026-06-03T10:07:59.828460,CONSERVATION_ISSUE,OpenMeteo_Weather,"Maritime conditions: Wave 0m, Wind 0km/h at Malacca Strait",Malacca Strait,Weather: 0m waves,LOW,0.9000,"2.5, 100.0"
2026-06-01T12:00:00Z,AIS_ANOMALY,Globalsecurity.org,"CCG conducts rights-protection law enforcement in waters where Japan, Philippines intend to infringe on China's rights",Philippines,Unspecified Vessel,LOW,0.9151,"12.8797, 121.7740"
2026-05-31T13:44:21Z,ENFORCEMENT,The Times of India,"China conducts patrols near Scarborough Shoal, Philippines dismisses drill assertions as ""unfounded""",Philippines,Unspecified Vessel,LOW,0.5400,"12.8797, 121.7740"
2026-05-26T18:00:00Z,PIRACY,OilPrice.com,Gulf Shipping Crisis Fuels New Eurasian Corridors,Unknown,Unspecified Vessel,LOW,0.7670,N/A
2026-05-26T10:00:00Z,TERRITORIAL_VIOLATION,RTE,Call for tougher action on foreign vessels fishing in EEZ,Unspecified Maritime Zone,Unspecified Vessel,LOW,0.9125,N/A
"Wed, 20 May 2026 07:00:00 GMT",ILLEGAL_FISHING,GoogleNews_Kumparan.com,Prabowo: Tiap Malam Puluhan Ribu Kapal Asing Ambil Kekayaan Kita Secara Ilegal - kumparan.com - Kumparan.com,Unknown,Unspecified Vessel,LOW,0.8534,N/A
"Thu, 21 May 2026 07:00:00 GMT",ILLEGAL_FISHING,GoogleNews_PontianakPost,"Patroli Laut Maluku Diperketat, TNI AL Siaga Hadang Pelanggaran Lintas Negara dan Ancaman Kapal Asing Ilegal - PontianakPost",Maluku,Unspecified Vessel,LOW,0.9135,"-3.2385, 130.1453"
"Wed, 20 May 2026 08:55:00 GMT",ILLEGAL_FISHING,GoogleNews_CaraPandang,Prabowo Singgung Puluhan Ribu Kapal Asing Curi Hasil Alam Indonesia Secara Ilegal - CaraPandang,Indonesia,Unspecified Vessel,LOW,0.8425,"-2.5489, 118.0149"
"Wed, 20 May 2026 07:00:00 GMT",ILLEGAL_FISHING,GoogleNews_Kompas.com,Prabowo: Tiap Malam Puluhan Kapal Asing Ambil Kekayaan Kita Secara Ilegal - Kompas.com,Unknown,Unspecified Vessel,LOW,0.8823,N/A
"Wed, 20 May 2026 07:00:00 GMT",ILLEGAL_FISHING,GoogleNews_SINDOnews Ekbis,Prabowo: Puluhan Ribu Kapal Asing Tiap Malam Mengambil Kekayaan RI secara Ilegal - SINDOnews Ekbis,Unknown,Unspecified Vessel,LOW,0.8979,N/A
"Sat, 18 Apr 2026 07:00:00 GMT",ILLEGAL_FISHING,GoogleNews_Batamtoday.com,KKP Tindak Tegas Pelanggaran di Pulau-pulau Kecil dan Kapal Asing Ilegal - Batamtoday.com,Unknown,Unspecified Vessel,LOW,0.8984,N/A
"Fri, 27 Mar 2026 07:00:00 GMT",ILLEGAL_FISHING,GoogleNews_detikNews,Kapten Kapal Indonesia Dibui karena Tangkap Teripang Ilegal di Australia - detikNews,Indonesia,Unspecified Vessel,LOW,0.8877,"-2.5489, 118.0149"
"Wed, 15 Apr 2026 07:00:00 GMT",ENFORCEMENT,GoogleNews_ANTARA News,"KKP tangkap tiga kapal asing, selamatkan potensi rugi Rp20,2 miliar - ANTARA News",Unknown,Unspecified Vessel,LOW,0.8985,N/A
"Thu, 16 Apr 2026 07:00:00 GMT",ILLEGAL_FISHING,GoogleNews_Kompas.com,"KKP Tak Tenggelamkan Kapal Asing Ilegal Seperti Era Susi Pudjiastuti, tapi Diberikan ke Nelayan - Kompas.com",Unknown,Unspecified Vessel,LOW,0.8926,N/A
"Thu, 06 Nov 2025 08:00:00 GMT",ENFORCEMENT,GoogleNews_Kementerian Kelautan,KKP Tangkap Kapal Ikan Asing Berbendera Vietnam di Laut Natuna Utara - Kementerian Kelautan dan Perikanan,"Natuna, Vietnam",Unspecified Vessel,LOW,0.9018,"3.9731, 108.2425"
"Thu, 06 Nov 2025 08:00:00 GMT",ENFORCEMENT,GoogleNews_Kementerian Kelautan,KKP Tangkap Kapal Ikan Asing Berbendera Vietnam di Laut Natuna Utara - Kementerian Kelautan dan Perikanan,"Natuna, Vietnam",Unspecified Vessel,LOW,0.9018,"3.9731, 108.2425"
"Thu, 02 Apr 2026 07:00:00 GMT",ILLEGAL_FISHING,GoogleNews_Kemenko Polkam R.I.,Kemenko Polkam Dukung Pencegahan Ilegal Fishing Nelayan - Kemenko Polkam R.I.,Unknown,Unspecified Vessel,LOW,0.9222,N/A
"Thu, 06 Nov 2025 08:00:00 GMT",ILLEGAL_FISHING,GoogleNews_ANTARA News Bengkulu,"KKP amankan 41 kapal ""illegal fishing"" di Laut Natuna Utara - ANTARA News Bengkulu",Natuna,Unspecified Vessel,MEDIUM,0.6423,"3.9731, 108.2425"
"Thu, 06 Nov 2025 08:00:00 GMT",ILLEGAL_FISHING,GoogleNews_Emitennews.com,"Sepanjang 2025, KKP Tangkap 255 Kapal Pelaku Illegal Fishing - Emitennews.com",Unknown,Unspecified Vessel,MEDIUM,0.8509,N/A
"Sat, 25 Apr 2026 07:00:00 GMT",ILLEGAL_FISHING,GoogleNews_Bicara Indonesia,KKP Manfaatkan Kapal Sitaan Illegal Fishing untuk Nelayan dan Pengawasan - Bicara Indonesia,Indonesia,Unspecified Vessel,MEDIUM,0.6779,"-2.5489, 118.0149"
"Mon, 21 Jul 2025 04:41:11 GMT",ILLEGAL_FISHING,GoogleNews_Kementerian Kelautan,"NELAYAN TERANCAM, LAUT TERLUKA: DAMPAK IUU FISHING BAGI MASYARAKAT DAN EKOSISTEM - Kementerian Kelautan dan Perikanan",Unknown,Unspecified Vessel,LOW,0.8509,N/A
"Fri, 07 Nov 2025 08:00:00 GMT",ILLEGAL_FISHING,GoogleNews_CNN Indonesia,Kapal Vietnam Pelaku Illegal Fishing Ditangkap di Laut Natuna Utara - CNN Indonesia,"Indonesia, Natuna, Vietnam",Unspecified Vessel,MEDIUM,0.7598,"-2.5489, 118.0149"
"Sun, 05 Apr 2026 07:00:00 GMT",ILLEGAL_FISHING,GoogleNews_National Geographic ,Permasalahan Kompleks di Balik Pencurian Ikan oleh Kapal Indonesia di Perairan Australia - National Geographic Indonesia,"Indonesia, Bali",Unspecified Vessel,LOW,0.9106,"-2.5489, 118.0149"
"Mon, 23 Dec 2024 08:00:00 GMT",ENFORCEMENT,GoogleNews_Kementerian Kelautan,KKP Tangkap 240 Kapal Pencuri Ikan Sepanjang 2024 - Kementerian Kelautan dan Perikanan,Unknown,Unspecified Vessel,LOW,0.8892,N/A
"Fri, 14 Nov 2025 08:00:00 GMT",ILLEGAL_FISHING,GoogleNews_Mongabay.co.id,Sulitnya Memberantas Pencurian Ikan di Natuna - Mongabay.co.id,Natuna,Unspecified Vessel,LOW,0.8901,"3.9731, 108.2425"
"Thu, 06 Nov 2025 08:00:00 GMT",TERRITORIAL_VIOLATION,GoogleNews_ANTARA News,KKP menangkap kapal Vietnam curi ikan di Laut Natuna Utara - ANTARA News,"Natuna, Vietnam",Unspecified Vessel,LOW,0.8950,"3.9731, 108.2425"
"Mon, 17 Apr 2023 07:00:00 GMT",ILLEGAL_FISHING,GoogleNews_Kompas.id,Pencurian Ikan Masih Marak di Laut Natuna Utara - Kompas.id,Natuna,Unspecified Vessel,LOW,0.8910,"3.9731, 108.2425"
"Sun, 20 Apr 2025 07:00:00 GMT",ILLEGAL_FISHING,GoogleNews_Tempo.co,"Pencurian Ikan di Laut Natuna Utara Diprediksi Merugikan Negara Rp 152,8 Miliar - Tempo.co",Natuna,Unspecified Vessel,LOW,0.9057,"3.9731, 108.2425"
"Fri, 07 Nov 2025 08:00:00 GMT",ILLEGAL_FISHING,GoogleNews_SINDOnews Ekbis,Duit Rp522 Triliun Setiap Tahun Hilang Akibat Pencurian Ikan di Laut Indonesia - SINDOnews Ekbis,Indonesia,Unspecified Vessel,LOW,0.9128,"-2.5489, 118.0149"
"Wed, 26 Jun 2024 07:00:00 GMT",ILLEGAL_FISHING,GoogleNews_Kemenko Polkam R.I.,KEMENKO POLHUKAM UPAYAKAN PERBAIKAN PENCEGAHAN DAN PENANGANAN YANG KOMPREHENSIF ATAS PENCURIAN IKAN YANG DILAKUKAN OLEH NELAYAN INDONESIA DI PERAIRAN AUSTRALIA - Kemenko Polkam R.I.,Indonesia,Unspecified Vessel,LOW,0.8049,"-2.5489, 118.0149"
"Thu, 06 Nov 2025 08:00:00 GMT",ILLEGAL_FISHING,GoogleNews_Emitennews.com,"Sepanjang 2025, KKP Tangkap 255 Kapal Pelaku Illegal Fishing - Emitennews.com",Unknown,Unspecified Vessel,MEDIUM,0.8509,N/A
"Tue, 24 Jun 2025 07:00:00 GMT",ILLEGAL_FISHING,GoogleNews_Batam Pos,"920 Kapal Ilegal Ditangkap, Negara Selamatkan Rp13,6 Triliun dari Pencurian Ikan - Batam Pos",Unknown,Unspecified Vessel,LOW,0.8779,N/A
"Fri, 22 May 2026 07:00:00 GMT",ENFORCEMENT,GoogleNews_ANTARA News Yogyakar,Quo Vadis Bakamla RI? - ANTARA News Yogyakarta,Unknown,Unspecified Vessel,LOW,0.9511,N/A
"Sun, 10 Aug 2025 22:33:10 GMT",ENFORCEMENT,GoogleNews_Kompas.id,Bakamla Tangkap Kapal Tanker Iran di Laut Natuna Utara - Kompas.id,Natuna,Tanker,LOW,0.9095,"3.9731, 108.2425"
"Sun, 03 Aug 2025 07:00:00 GMT",ENFORCEMENT,GoogleNews_Tempo.co,Bakamla Tangkap Kapal Penyelundup Bawang Merah di Batam - Tempo.co,Unknown,Unspecified Vessel,LOW,0.8878,N/A
"Sat, 02 Aug 2025 07:00:00 GMT",ILLEGAL_FISHING,GoogleNews_CNN Indonesia,Bakamla Tangkap Kapal Angkut 400 Karung Bawang Merah Ilegal di Kepri - CNN Indonesia,Indonesia,Unspecified Vessel,LOW,0.8813,"-2.5489, 118.0149"
"Thu, 16 Oct 2025 07:00:00 GMT",ENFORCEMENT,GoogleNews_Kompas.com,Bakamla Tangkap Lima Terduga Perompak Batu Bara di Kaltim - Kompas.com,Unknown,Unspecified Vessel,LOW,0.9290,N/A
"Sun, 03 Aug 2025 07:00:00 GMT",ENFORCEMENT,GoogleNews_iNews.ID,Bakamla Tangkap Kapal Penyelundup Bawang Merah dari Batam ke Kuala Tungkal - iNews.ID,Unknown,Unspecified Vessel,LOW,0.8565,N/A
"Thu, 16 Oct 2025 07:00:00 GMT",ENFORCEMENT,GoogleNews_Niaga.Asia,Bakamla RI Tangkap 5 Orang yang Diduga akan Merampok Tongkang Batubara - Niaga.Asia,Unknown,Unspecified Vessel,LOW,0.9177,N/A
"Sun, 13 Aug 2023 07:00:00 GMT",ENFORCEMENT,GoogleNews_detikNews,Bakamla RI Tangkap Kapal Vietnam Curi 5 Ton Ikan di Laut Natuna Utara - detikNews,"Natuna, Vietnam",Unspecified Vessel,LOW,0.9131,"3.9731, 108.2425"
"Fri, 17 Oct 2025 07:00:00 GMT",ENFORCEMENT,GoogleNews_SinPo.id,Bakamla RI Gagalkan Aksi Perompakan Kapal Tugboat di Perairan Kalimantan Timur - SinPo.id,Unknown,Unspecified Vessel,LOW,0.8882,N/A
"Thu, 13 Jul 2023 07:00:00 GMT",ILLEGAL_FISHING,GoogleNews_Voice of America Ind,Indonesia Sita Kapal Tanker Iran atas Dugaan Transfer Minyak Ilegal Dekat Perairan Natuna - Voice of America Indonesia,"Indonesia, Natuna",Tanker,LOW,0.9250,"-2.5489, 118.0149"
2026-06-03T10:14:26.986541,AIS_ANOMALY,VesselFinder,AIS tracking data collected from VesselFinder,Indonesian Waters,Multiple Vessels Tracked,LOW,0.7500,"-6.2088, 106.8456"
2026-06-03T10:14:14.204324,ILLEGAL_FISHING,GlobalFishingWatch,Suspicious fishing vessel activity detected in Indonesian EEZ,Natuna Sea,Foreign Fishing Vessel,MEDIUM,0.8500,"3.9731, 108.2425"
2026-06-03T10:14:26.932018,CONSERVATION_ISSUE,OpenMeteo_Weather,"Maritime conditions: Wave 0.78m, Wind 0km/h at Java Sea",Java Sea,Weather: 0.78m waves,LOW,0.9000,"-5.5, 110.0"
2026-06-03T10:14:30.454777,CONSERVATION_ISSUE,OpenMeteo_Weather,"Maritime conditions: Wave 0.12m, Wind 0km/h at Natuna Sea",Natuna Sea,Weather: 0.12m waves,LOW,0.9000,"3.97, 108.24"
2026-06-03T10:14:31.692022,CONSERVATION_ISSUE,OpenMeteo_Weather,"Maritime conditions: Wave 0m, Wind 0km/h at Malacca Strait",Malacca Strait,Weather: 0m waves,LOW,0.9000,"2.5, 100.0"
"Wed, 20 May 2026 07:00:00 GMT",ILLEGAL_FISHING,GoogleNews_Kumparan.com,Prabowo: Tiap Malam Puluhan Ribu Kapal Asing Ambil Kekayaan Kita Secara Ilegal - kumparan.com - Kumparan.com,Unknown,Unspecified Vessel,LOW,0.8534,N/A
"Thu, 21 May 2026 07:00:00 GMT",ILLEGAL_FISHING,GoogleNews_PontianakPost,"Patroli Laut Maluku Diperketat, TNI AL Siaga Hadang Pelanggaran Lintas Negara dan Ancaman Kapal Asing Ilegal - PontianakPost",Maluku,Unspecified Vessel,LOW,0.9135,"-3.2385, 130.1453"
"Wed, 20 May 2026 08:55:00 GMT",ILLEGAL_FISHING,GoogleNews_CaraPandang,Prabowo Singgung Puluhan Ribu Kapal Asing Curi Hasil Alam Indonesia Secara Ilegal - CaraPandang,Indonesia,Unspecified Vessel,LOW,0.8425,"-2.5489, 118.0149"
"Wed, 20 May 2026 07:00:00 GMT",ILLEGAL_FISHING,GoogleNews_Kompas.com,Prabowo: Tiap Malam Puluhan Kapal Asing Ambil Kekayaan Kita Secara Ilegal - Kompas.com,Unknown,Unspecified Vessel,LOW,0.8823,N/A
"Wed, 20 May 2026 07:00:00 GMT",ILLEGAL_FISHING,GoogleNews_SINDOnews Ekbis,Prabowo: Puluhan Ribu Kapal Asing Tiap Malam Mengambil Kekayaan RI secara Ilegal - SINDOnews Ekbis,Unknown,Unspecified Vessel,LOW,0.8979,N/A
"Sat, 18 Apr 2026 07:00:00 GMT",ILLEGAL_FISHING,GoogleNews_Batamtoday.com,KKP Tindak Tegas Pelanggaran di Pulau-pulau Kecil dan Kapal Asing Ilegal - Batamtoday.com,Unknown,Unspecified Vessel,LOW,0.8984,N/A
"Fri, 27 Mar 2026 07:00:00 GMT",ILLEGAL_FISHING,GoogleNews_detikNews,Kapten Kapal Indonesia Dibui karena Tangkap Teripang Ilegal di Australia - detikNews,Indonesia,Unspecified Vessel,LOW,0.8877,"-2.5489, 118.0149"
"Wed, 15 Apr 2026 07:00:00 GMT",ENFORCEMENT,GoogleNews_ANTARA News,"KKP tangkap tiga kapal asing, selamatkan potensi rugi Rp20,2 miliar - ANTARA News",Unknown,Unspecified Vessel,LOW,0.8985,N/A
"Thu, 16 Apr 2026 07:00:00 GMT",ILLEGAL_FISHING,GoogleNews_Kompas.com,"KKP Tak Tenggelamkan Kapal Asing Ilegal Seperti Era Susi Pudjiastuti, tapi Diberikan ke Nelayan - Kompas.com",Unknown,Unspecified Vessel,LOW,0.8926,N/A
"Thu, 02 Apr 2026 07:00:00 GMT",ILLEGAL_FISHING,GoogleNews_Kemenko Polkam R.I.,Kemenko Polkam Dukung Pencegahan Ilegal Fishing Nelayan - Kemenko Polkam R.I.,Unknown,Unspecified Vessel,LOW,0.9222,N/A
"Sat, 25 Apr 2026 07:00:00 GMT",ILLEGAL_FISHING,GoogleNews_Bicara Indonesia,KKP Manfaatkan Kapal Sitaan Illegal Fishing untuk Nelayan dan Pengawasan - Bicara Indonesia,Indonesia,Unspecified Vessel,MEDIUM,0.6779,"-2.5489, 118.0149"
"Sun, 05 Apr 2026 07:00:00 GMT",ILLEGAL_FISHING,GoogleNews_National Geographic ,Permasalahan Kompleks di Balik Pencurian Ikan oleh Kapal Indonesia di Perairan Australia - National Geographic Indonesia,"Indonesia, Bali",Unspecified Vessel,LOW,0.9106,"-2.5489, 118.0149"
"Fri, 22 May 2026 07:00:00 GMT",ENFORCEMENT,GoogleNews_ANTARA News Yogyakar,Quo Vadis Bakamla RI? - ANTARA News Yogyakarta,Unknown,Unspecified Vessel,LOW,0.9511,N/A
2026-06-03T10:14:46.435765,AIS_ANOMALY,VesselFinder,AIS tracking data collected from VesselFinder,Indonesian Waters,Multiple Vessels Tracked,LOW,0.7500,"-6.2088, 106.8456"
2026-06-03T10:14:33.107819,ILLEGAL_FISHING,GlobalFishingWatch,Suspicious fishing vessel activity detected in Indonesian EEZ,Natuna Sea,Foreign Fishing Vessel,MEDIUM,0.8500,"3.9731, 108.2425"
2026-06-03T10:14:46.098170,CONSERVATION_ISSUE,OpenMeteo_Weather,"Maritime conditions: Wave 0.78m, Wind 0km/h at Java Sea",Java Sea,Weather: 0.78m waves,LOW,0.9000,"-5.5, 110.0"
2026-06-03T10:14:48.904451,CONSERVATION_ISSUE,OpenMeteo_Weather,"Maritime conditions: Wave 0.12m, Wind 0km/h at Natuna Sea",Natuna Sea,Weather: 0.12m waves,LOW,0.9000,"3.97, 108.24"
2026-06-03T10:14:50.397919,CONSERVATION_ISSUE,OpenMeteo_Weather,"Maritime conditions: Wave 0m, Wind 0km/h at Malacca Strait",Malacca Strait,Weather: 0m waves,LOW,0.9000,"2.5, 100.0"
"Wed, 20 May 2026 07:00:00 GMT",ILLEGAL_FISHING,GoogleNews_Kumparan.com,Prabowo: Tiap Malam Puluhan Ribu Kapal Asing Ambil Kekayaan Kita Secara Ilegal - kumparan.com - Kumparan.com,Unknown,Unspecified Vessel,LOW,0.8534,N/A
"Thu, 21 May 2026 07:00:00 GMT",ILLEGAL_FISHING,GoogleNews_PontianakPost,"Patroli Laut Maluku Diperketat, TNI AL Siaga Hadang Pelanggaran Lintas Negara dan Ancaman Kapal Asing Ilegal - PontianakPost",Maluku,Unspecified Vessel,LOW,0.9135,"-3.2385, 130.1453"
"Wed, 20 May 2026 08:55:00 GMT",ILLEGAL_FISHING,GoogleNews_CaraPandang,Prabowo Singgung Puluhan Ribu Kapal Asing Curi Hasil Alam Indonesia Secara Ilegal - CaraPandang,Indonesia,Unspecified Vessel,LOW,0.8425,"-2.5489, 118.0149"
"Wed, 20 May 2026 07:00:00 GMT",ILLEGAL_FISHING,GoogleNews_SINDOnews Ekbis,Prabowo: Puluhan Ribu Kapal Asing Tiap Malam Mengambil Kekayaan RI secara Ilegal - SINDOnews Ekbis,Unknown,Unspecified Vessel,LOW,0.8979,N/A
"Sat, 18 Apr 2026 07:00:00 GMT",ILLEGAL_FISHING,GoogleNews_Batamtoday.com,KKP Tindak Tegas Pelanggaran di Pulau-pulau Kecil dan Kapal Asing Ilegal - Batamtoday.com,Unknown,Unspecified Vessel,LOW,0.8984,N/A
"Thu, 16 Apr 2026 07:00:00 GMT",ILLEGAL_FISHING,GoogleNews_Kompas.com,"KKP Tak Tenggelamkan Kapal Asing Ilegal Seperti Era Susi Pudjiastuti, tapi Diberikan ke Nelayan - Kompas.com",Unknown,Unspecified Vessel,LOW,0.8926,N/A
"Fri, 27 Mar 2026 07:00:00 GMT",ILLEGAL_FISHING,GoogleNews_detikNews,Kapten Kapal Indonesia Dibui karena Tangkap Teripang Ilegal di Australia - detikNews,Indonesia,Unspecified Vessel,LOW,0.8877,"-2.5489, 118.0149"
"Wed, 15 Apr 2026 07:00:00 GMT",ENFORCEMENT,GoogleNews_ANTARA News,"KKP tangkap tiga kapal asing, selamatkan potensi rugi Rp20,2 miliar - ANTARA News",Unknown,Unspecified Vessel,LOW,0.8985,N/A
"Thu, 02 Apr 2026 07:00:00 GMT",ILLEGAL_FISHING,GoogleNews_Kemenko Polkam R.I.,Kemenko Polkam Dukung Pencegahan Ilegal Fishing Nelayan - Kemenko Polkam R.I.,Unknown,Unspecified Vessel,LOW,0.9222,N/A
"Sat, 25 Apr 2026 07:00:00 GMT",ILLEGAL_FISHING,GoogleNews_Bicara Indonesia,KKP Manfaatkan Kapal Sitaan Illegal Fishing untuk Nelayan dan Pengawasan - Bicara Indonesia,Indonesia,Unspecified Vessel,MEDIUM,0.6779,"-2.5489, 118.0149"
"Sun, 05 Apr 2026 07:00:00 GMT",ILLEGAL_FISHING,GoogleNews_National Geographic ,Permasalahan Kompleks di Balik Pencurian Ikan oleh Kapal Indonesia di Perairan Australia - National Geographic Indonesia,"Indonesia, Bali",Unspecified Vessel,LOW,0.9106,"-2.5489, 118.0149"
"Tue, 24 Feb 2026 08:00:00 GMT",TERRITORIAL_VIOLATION,GoogleNews_Indonesiadefense.com,Skenario Tegang di Natuna! TNI AL Hadapi 2 Kapal Perang Asing Kawal Pencuri Ikan - Indonesiadefense.com,"Indonesia, Natuna",Unspecified Vessel,LOW,0.8778,"-2.5489, 118.0149"
"Fri, 22 May 2026 07:00:00 GMT",ENFORCEMENT,GoogleNews_ANTARA News Yogyakar,Quo Vadis Bakamla RI? - ANTARA News Yogyakarta,Unknown,Unspecified Vessel,LOW,0.9511,N/A
"Fri, 24 Apr 2026 07:00:00 GMT",ENFORCEMENT,GoogleNews_CNN Indonesia,Kepala Bakamla Buka Suara Soal Wacana Biaya di Selat Malaka - CNN Indonesia,Indonesia,Unspecified Vessel,LOW,0.9021,"-2.5489, 118.0149"
2026-06-03T10:19:58.015016,AIS_ANOMALY,VesselFinder,AIS tracking data collected from VesselFinder,Indonesian Waters,Multiple Vessels Tracked,LOW,0.7500,"-6.2088, 106.8456"
2026-06-03T10:19:52.273411,ILLEGAL_FISHING,GlobalFishingWatch,Suspicious fishing vessel activity detected in Indonesian EEZ,Natuna Sea,Foreign Fishing Vessel,MEDIUM,0.8500,"3.9731, 108.2425"
2026-06-03T10:19:58.018018,CONSERVATION_ISSUE,OpenMeteo_Weather,"Maritime conditions: Wave 0.78m, Wind 0km/h at Java Sea",Java Sea,Weather: 0.78m waves,LOW,0.9000,"-5.5, 110.0"
2026-06-03T10:19:59.783041,CONSERVATION_ISSUE,OpenMeteo_Weather,"Maritime conditions: Wave 0.12m, Wind 0km/h at Natuna Sea",Natuna Sea,Weather: 0.12m waves,LOW,0.9000,"3.97, 108.24"
2026-06-03T10:20:02.451776,CONSERVATION_ISSUE,OpenMeteo_Weather,"Maritime conditions: Wave 0m, Wind 0km/h at Malacca Strait",Malacca Strait,Weather: 0m waves,LOW,0.9000,"2.5, 100.0"
"Wed, 20 May 2026 07:00:00 GMT",ILLEGAL_FISHING,GoogleNews_Kumparan.com,Prabowo: Tiap Malam Puluhan Ribu Kapal Asing Ambil Kekayaan Kita Secara Ilegal - kumparan.com - Kumparan.com,Unknown,Unspecified Vessel,LOW,0.8534,N/A
"Thu, 21 May 2026 07:00:00 GMT",ILLEGAL_FISHING,GoogleNews_PontianakPost,"Patroli Laut Maluku Diperketat, TNI AL Siaga Hadang Pelanggaran Lintas Negara dan Ancaman Kapal Asing Ilegal - PontianakPost",Maluku,Unspecified Vessel,LOW,0.9135,"-3.2385, 130.1453"
"Wed, 20 May 2026 08:55:00 GMT",ILLEGAL_FISHING,GoogleNews_CaraPandang,Prabowo Singgung Puluhan Ribu Kapal Asing Curi Hasil Alam Indonesia Secara Ilegal - CaraPandang,Indonesia,Unspecified Vessel,LOW,0.8425,"-2.5489, 118.0149"
"Wed, 20 May 2026 07:00:00 GMT",ILLEGAL_FISHING,GoogleNews_SINDOnews Ekbis,Prabowo: Puluhan Ribu Kapal Asing Tiap Malam Mengambil Kekayaan RI secara Ilegal - SINDOnews Ekbis,Unknown,Unspecified Vessel,LOW,0.8979,N/A
"Sat, 18 Apr 2026 07:00:00 GMT",ILLEGAL_FISHING,GoogleNews_Batamtoday.com,KKP Tindak Tegas Pelanggaran di Pulau-pulau Kecil dan Kapal Asing Ilegal - Batamtoday.com,Unknown,Unspecified Vessel,LOW,0.8984,N/A
"Thu, 16 Apr 2026 07:00:00 GMT",ILLEGAL_FISHING,GoogleNews_Kompas.com,"KKP Tak Tenggelamkan Kapal Asing Ilegal Seperti Era Susi Pudjiastuti, tapi Diberikan ke Nelayan - Kompas.com",Unknown,Unspecified Vessel,LOW,0.8926,N/A
"Fri, 27 Mar 2026 07:00:00 GMT",ILLEGAL_FISHING,GoogleNews_detikNews,Kapten Kapal Indonesia Dibui karena Tangkap Teripang Ilegal di Australia - detikNews,Indonesia,Unspecified Vessel,LOW,0.8877,"-2.5489, 118.0149"
"Wed, 15 Apr 2026 07:00:00 GMT",ENFORCEMENT,GoogleNews_ANTARA News,"KKP tangkap tiga kapal asing, selamatkan potensi rugi Rp20,2 miliar - ANTARA News",Unknown,Unspecified Vessel,LOW,0.8985,N/A
"Thu, 02 Apr 2026 07:00:00 GMT",ILLEGAL_FISHING,GoogleNews_Kemenko Polkam R.I.,Kemenko Polkam Dukung Pencegahan Ilegal Fishing Nelayan - Kemenko Polkam R.I.,Unknown,Unspecified Vessel,LOW,0.9222,N/A
"Sat, 25 Apr 2026 07:00:00 GMT",ILLEGAL_FISHING,GoogleNews_Bicara Indonesia,KKP Manfaatkan Kapal Sitaan Illegal Fishing untuk Nelayan dan Pengawasan - Bicara Indonesia,Indonesia,Unspecified Vessel,MEDIUM,0.6779,"-2.5489, 118.0149"
"Sun, 05 Apr 2026 07:00:00 GMT",ILLEGAL_FISHING,GoogleNews_National Geographic ,Permasalahan Kompleks di Balik Pencurian Ikan oleh Kapal Indonesia di Perairan Australia - National Geographic Indonesia,"Indonesia, Bali",Unspecified Vessel,LOW,0.9106,"-2.5489, 118.0149"
"Tue, 24 Feb 2026 08:00:00 GMT",TERRITORIAL_VIOLATION,GoogleNews_Indonesiadefense.com,Skenario Tegang di Natuna! TNI AL Hadapi 2 Kapal Perang Asing Kawal Pencuri Ikan - Indonesiadefense.com,"Indonesia, Natuna",Unspecified Vessel,LOW,0.8778,"-2.5489, 118.0149"
"Fri, 22 May 2026 07:00:00 GMT",ENFORCEMENT,GoogleNews_ANTARA News Yogyakar,Quo Vadis Bakamla RI? - ANTARA News Yogyakarta,Unknown,Unspecified Vessel,LOW,0.9511,N/A
"Fri, 24 Apr 2026 07:00:00 GMT",ENFORCEMENT,GoogleNews_CNN Indonesia,Kepala Bakamla Buka Suara Soal Wacana Biaya di Selat Malaka - CNN Indonesia,Indonesia,Unspecified Vessel,LOW,0.9021,"-2.5489, 118.0149"
2026-06-03T10:25:05.414334,AIS_ANOMALY,VesselFinder,AIS tracking data collected from VesselFinder,Indonesian Waters,Multiple Vessels Tracked,LOW,0.7500,"-6.2088, 106.8456"
2026-06-03T10:25:04.154380,ILLEGAL_FISHING,GlobalFishingWatch,Suspicious fishing vessel activity detected in Indonesian EEZ,Natuna Sea,Foreign Fishing Vessel,MEDIUM,0.8500,"3.9731, 108.2425"
2026-06-03T10:25:05.245311,CONSERVATION_ISSUE,OpenMeteo_Weather,"Maritime conditions: Wave 0.78m, Wind 0km/h at Java Sea",Java Sea,Weather: 0.78m waves,LOW,0.9000,"-5.5, 110.0"
2026-06-03T10:25:06.513243,CONSERVATION_ISSUE,OpenMeteo_Weather,"Maritime conditions: Wave 0.12m, Wind 0km/h at Natuna Sea",Natuna Sea,Weather: 0.12m waves,LOW,0.9000,"3.97, 108.24"
2026-06-03T10:25:07.417705,CONSERVATION_ISSUE,OpenMeteo_Weather,"Maritime conditions: Wave 0m, Wind 0km/h at Malacca Strait",Malacca Strait,Weather: 0m waves,LOW,0.9000,"2.5, 100.0"
2026-06-01T12:00:00Z,AIS_ANOMALY,Globalsecurity.org,"CCG conducts rights-protection law enforcement in waters where Japan, Philippines intend to infringe on China's rights",Philippines,Unspecified Vessel,LOW,0.9151,"12.8797, 121.7740"
2026-05-31T13:44:21Z,ENFORCEMENT,The Times of India,"China conducts patrols near Scarborough Shoal, Philippines dismisses drill assertions as ""unfounded""",Philippines,Unspecified Vessel,LOW,0.5400,"12.8797, 121.7740"
2026-05-26T18:00:00Z,PIRACY,OilPrice.com,Gulf Shipping Crisis Fuels New Eurasian Corridors,Unknown,Unspecified Vessel,LOW,0.7670,N/A
2026-05-26T10:00:00Z,TERRITORIAL_VIOLATION,RTE,Call for tougher action on foreign vessels fishing in EEZ,Unspecified Maritime Zone,Unspecified Vessel,LOW,0.9125,N/A
"Wed, 20 May 2026 07:00:00 GMT",ILLEGAL_FISHING,GoogleNews_Kumparan.com,Prabowo: Tiap Malam Puluhan Ribu Kapal Asing Ambil Kekayaan Kita Secara Ilegal - kumparan.com - Kumparan.com,Unknown,Unspecified Vessel,LOW,0.8534,N/A
"Thu, 21 May 2026 07:00:00 GMT",ILLEGAL_FISHING,GoogleNews_PontianakPost,"Patroli Laut Maluku Diperketat, TNI AL Siaga Hadang Pelanggaran Lintas Negara dan Ancaman Kapal Asing Ilegal - PontianakPost",Maluku,Unspecified Vessel,LOW,0.9135,"-3.2385, 130.1453"
"Wed, 20 May 2026 08:55:00 GMT",ILLEGAL_FISHING,GoogleNews_CaraPandang,Prabowo Singgung Puluhan Ribu Kapal Asing Curi Hasil Alam Indonesia Secara Ilegal - CaraPandang,Indonesia,Unspecified Vessel,LOW,0.8425,"-2.5489, 118.0149"
"Wed, 20 May 2026 07:00:00 GMT",ILLEGAL_FISHING,GoogleNews_SINDOnews Ekbis,Prabowo: Puluhan Ribu Kapal Asing Tiap Malam Mengambil Kekayaan RI secara Ilegal - SINDOnews Ekbis,Unknown,Unspecified Vessel,LOW,0.8979,N/A
"Sat, 18 Apr 2026 07:00:00 GMT",ILLEGAL_FISHING,GoogleNews_Batamtoday.com,KKP Tindak Tegas Pelanggaran di Pulau-pulau Kecil dan Kapal Asing Ilegal - Batamtoday.com,Unknown,Unspecified Vessel,LOW,0.8984,N/A
"Thu, 16 Apr 2026 07:00:00 GMT",ILLEGAL_FISHING,GoogleNews_Kompas.com,"KKP Tak Tenggelamkan Kapal Asing Ilegal Seperti Era Susi Pudjiastuti, tapi Diberikan ke Nelayan - Kompas.com",Unknown,Unspecified Vessel,LOW,0.8926,N/A
"Fri, 27 Mar 2026 07:00:00 GMT",ILLEGAL_FISHING,GoogleNews_detikNews,Kapten Kapal Indonesia Dibui karena Tangkap Teripang Ilegal di Australia - detikNews,Indonesia,Unspecified Vessel,LOW,0.8877,"-2.5489, 118.0149"
"Wed, 15 Apr 2026 07:00:00 GMT",ENFORCEMENT,GoogleNews_ANTARA News,"KKP tangkap tiga kapal asing, selamatkan potensi rugi Rp20,2 miliar - ANTARA News",Unknown,Unspecified Vessel,LOW,0.8985,N/A
"Thu, 06 Nov 2025 08:00:00 GMT",ENFORCEMENT,GoogleNews_Kementerian Kelautan,KKP Tangkap Kapal Ikan Asing Berbendera Vietnam di Laut Natuna Utara - Kementerian Kelautan dan Perikanan,"Natuna, Vietnam",Unspecified Vessel,LOW,0.9018,"3.9731, 108.2425"
"Thu, 06 Nov 2025 08:00:00 GMT",ENFORCEMENT,GoogleNews_Kementerian Kelautan,KKP Tangkap Kapal Ikan Asing Berbendera Vietnam di Laut Natuna Utara - Kementerian Kelautan dan Perikanan,"Natuna, Vietnam",Unspecified Vessel,LOW,0.9018,"3.9731, 108.2425"
"Thu, 02 Apr 2026 07:00:00 GMT",ILLEGAL_FISHING,GoogleNews_Kemenko Polkam R.I.,Kemenko Polkam Dukung Pencegahan Ilegal Fishing Nelayan - Kemenko Polkam R.I.,Unknown,Unspecified Vessel,LOW,0.9222,N/A
"Thu, 06 Nov 2025 08:00:00 GMT",ILLEGAL_FISHING,GoogleNews_ANTARA News,"KKP amankan 41 kapal ""illegal fishing"" di Laut Natuna Utara - ANTARA News",Natuna,Unspecified Vessel,MEDIUM,0.6824,"3.9731, 108.2425"
"Thu, 06 Nov 2025 08:00:00 GMT",ILLEGAL_FISHING,GoogleNews_Emitennews.com,"Sepanjang 2025, KKP Tangkap 255 Kapal Pelaku Illegal Fishing - Emitennews.com",Unknown,Unspecified Vessel,MEDIUM,0.8509,N/A
"Sat, 25 Apr 2026 07:00:00 GMT",ILLEGAL_FISHING,GoogleNews_Bicara Indonesia,KKP Manfaatkan Kapal Sitaan Illegal Fishing untuk Nelayan dan Pengawasan - Bicara Indonesia,Indonesia,Unspecified Vessel,MEDIUM,0.6779,"-2.5489, 118.0149"
"Mon, 21 Jul 2025 04:41:11 GMT",ILLEGAL_FISHING,GoogleNews_Kementerian Kelautan,"NELAYAN TERANCAM, LAUT TERLUKA: DAMPAK IUU FISHING BAGI MASYARAKAT DAN EKOSISTEM - Kementerian Kelautan dan Perikanan",Unknown,Unspecified Vessel,LOW,0.8509,N/A
"Fri, 07 Nov 2025 08:00:00 GMT",ILLEGAL_FISHING,GoogleNews_CNN Indonesia,Kapal Vietnam Pelaku Illegal Fishing Ditangkap di Laut Natuna Utara - CNN Indonesia,"Indonesia, Natuna, Vietnam",Unspecified Vessel,MEDIUM,0.7598,"-2.5489, 118.0149"
"Sun, 05 Apr 2026 07:00:00 GMT",ILLEGAL_FISHING,GoogleNews_National Geographic ,Permasalahan Kompleks di Balik Pencurian Ikan oleh Kapal Indonesia di Perairan Australia - National Geographic Indonesia,"Indonesia, Bali",Unspecified Vessel,LOW,0.9106,"-2.5489, 118.0149"
"Tue, 24 Feb 2026 08:00:00 GMT",TERRITORIAL_VIOLATION,GoogleNews_Indonesiadefense.com,Skenario Tegang di Natuna! TNI AL Hadapi 2 Kapal Perang Asing Kawal Pencuri Ikan - Indonesiadefense.com,"Indonesia, Natuna",Unspecified Vessel,LOW,0.8778,"-2.5489, 118.0149"
"Mon, 23 Dec 2024 08:00:00 GMT",ENFORCEMENT,GoogleNews_Kementerian Kelautan,KKP Tangkap 240 Kapal Pencuri Ikan Sepanjang 2024 - Kementerian Kelautan dan Perikanan,Unknown,Unspecified Vessel,LOW,0.8892,N/A
"Fri, 14 Nov 2025 08:00:00 GMT",ILLEGAL_FISHING,GoogleNews_Mongabay.co.id,Sulitnya Memberantas Pencurian Ikan di Natuna - Mongabay.co.id,Natuna,Unspecified Vessel,LOW,0.8901,"3.9731, 108.2425"
"Thu, 06 Nov 2025 08:00:00 GMT",TERRITORIAL_VIOLATION,GoogleNews_ANTARA News,KKP menangkap kapal Vietnam curi ikan di Laut Natuna Utara - ANTARA News,"Natuna, Vietnam",Unspecified Vessel,LOW,0.8950,"3.9731, 108.2425"
"Mon, 17 Apr 2023 07:00:00 GMT",ILLEGAL_FISHING,GoogleNews_Kompas.id,Pencurian Ikan Masih Marak di Laut Natuna Utara - Kompas.id,Natuna,Unspecified Vessel,LOW,0.8910,"3.9731, 108.2425"
"Sun, 20 Apr 2025 07:00:00 GMT",ILLEGAL_FISHING,GoogleNews_Tempo.co,"Pencurian Ikan di Laut Natuna Utara Diprediksi Merugikan Negara Rp 152,8 Miliar - Tempo.co",Natuna,Unspecified Vessel,LOW,0.9057,"3.9731, 108.2425"
"Fri, 07 Nov 2025 08:00:00 GMT",ILLEGAL_FISHING,GoogleNews_SINDOnews Ekbis,Duit Rp522 Triliun Setiap Tahun Hilang Akibat Pencurian Ikan di Laut Indonesia - SINDOnews Ekbis,Indonesia,Unspecified Vessel,LOW,0.9128,"-2.5489, 118.0149"
"Wed, 26 Jun 2024 07:00:00 GMT",ILLEGAL_FISHING,GoogleNews_Kemenko Polkam R.I.,KEMENKO POLHUKAM UPAYAKAN PERBAIKAN PENCEGAHAN DAN PENANGANAN YANG KOMPREHENSIF ATAS PENCURIAN IKAN YANG DILAKUKAN OLEH NELAYAN INDONESIA DI PERAIRAN AUSTRALIA - Kemenko Polkam R.I.,Indonesia,Unspecified Vessel,LOW,0.8049,"-2.5489, 118.0149"
"Thu, 06 Nov 2025 08:00:00 GMT",ILLEGAL_FISHING,GoogleNews_Emitennews.com,"Sepanjang 2025, KKP Tangkap 255 Kapal Pelaku Illegal Fishing - Emitennews.com",Unknown,Unspecified Vessel,MEDIUM,0.8509,N/A
"Fri, 22 May 2026 07:00:00 GMT",ENFORCEMENT,GoogleNews_ANTARA News Yogyakar,Quo Vadis Bakamla RI? - ANTARA News Yogyakarta,Unknown,Unspecified Vessel,LOW,0.9511,N/A
"Sun, 10 Aug 2025 22:33:10 GMT",ENFORCEMENT,GoogleNews_Kompas.id,Bakamla Tangkap Kapal Tanker Iran di Laut Natuna Utara - Kompas.id,Natuna,Tanker,LOW,0.9095,"3.9731, 108.2425"
"Sun, 03 Aug 2025 07:00:00 GMT",ENFORCEMENT,GoogleNews_Tempo.co,Bakamla Tangkap Kapal Penyelundup Bawang Merah di Batam - Tempo.co,Unknown,Unspecified Vessel,LOW,0.8878,N/A
"Sat, 02 Aug 2025 07:00:00 GMT",ILLEGAL_FISHING,GoogleNews_CNN Indonesia,Bakamla Tangkap Kapal Angkut 400 Karung Bawang Merah Ilegal di Kepri - CNN Indonesia,Indonesia,Unspecified Vessel,LOW,0.8813,"-2.5489, 118.0149"
"Thu, 16 Oct 2025 07:00:00 GMT",ENFORCEMENT,GoogleNews_Kompas.com,Bakamla Tangkap Lima Terduga Perompak Batu Bara di Kaltim - Kompas.com,Unknown,Unspecified Vessel,LOW,0.9290,N/A
"Sun, 03 Aug 2025 07:00:00 GMT",ENFORCEMENT,GoogleNews_iNews.ID,Bakamla Tangkap Kapal Penyelundup Bawang Merah dari Batam ke Kuala Tungkal - iNews.ID,Unknown,Unspecified Vessel,LOW,0.8565,N/A
"Thu, 16 Oct 2025 07:00:00 GMT",ENFORCEMENT,GoogleNews_Niaga.Asia,Bakamla RI Tangkap 5 Orang yang Diduga akan Merampok Tongkang Batubara - Niaga.Asia,Unknown,Unspecified Vessel,LOW,0.9177,N/A
"Sun, 13 Aug 2023 07:00:00 GMT",ENFORCEMENT,GoogleNews_detikNews,Bakamla RI Tangkap Kapal Vietnam Curi 5 Ton Ikan di Laut Natuna Utara - detikNews,"Natuna, Vietnam",Unspecified Vessel,LOW,0.9131,"3.9731, 108.2425"
"Fri, 17 Oct 2025 07:00:00 GMT",ENFORCEMENT,GoogleNews_SinPo.id,Bakamla RI Gagalkan Aksi Perompakan Kapal Tugboat di Perairan Kalimantan Timur - SinPo.id,Unknown,Unspecified Vessel,LOW,0.8882,N/A
"Fri, 24 Apr 2026 07:00:00 GMT",ENFORCEMENT,GoogleNews_CNN Indonesia,Kepala Bakamla Buka Suara Soal Wacana Biaya di Selat Malaka - CNN Indonesia,Indonesia,Unspecified Vessel,LOW,0.9021,"-2.5489, 118.0149"
2026-06-03T10:29:55.667509,AIS_ANOMALY,VesselFinder,AIS tracking data collected from VesselFinder,Indonesian Waters,Multiple Vessels Tracked,LOW,0.7500,"-6.2088, 106.8456"
2026-06-03T10:29:46.074967,ILLEGAL_FISHING,GlobalFishingWatch,Suspicious fishing vessel activity detected in Indonesian EEZ,Natuna Sea,Foreign Fishing Vessel,MEDIUM,0.8500,"3.9731, 108.2425"
2026-06-03T10:29:55.670510,CONSERVATION_ISSUE,OpenMeteo_Weather,"Maritime conditions: Wave 0.78m, Wind 0km/h at Java Sea",Java Sea,Weather: 0.78m waves,LOW,0.9000,"-5.5, 110.0"
2026-06-03T10:29:59.322884,CONSERVATION_ISSUE,OpenMeteo_Weather,"Maritime conditions: Wave 0.12m, Wind 0km/h at Natuna Sea",Natuna Sea,Weather: 0.12m waves,LOW,0.9000,"3.97, 108.24"
2026-06-03T10:30:07.787767,CONSERVATION_ISSUE,OpenMeteo_Weather,"Maritime conditions: Wave 0m, Wind 0km/h at Malacca Strait",Malacca Strait,Weather: 0m waves,LOW,0.9000,"2.5, 100.0"
"Wed, 20 May 2026 07:00:00 GMT",ILLEGAL_FISHING,GoogleNews_Kumparan.com,Prabowo: Tiap Malam Puluhan Ribu Kapal Asing Ambil Kekayaan Kita Secara Ilegal - kumparan.com - Kumparan.com,Unknown,Unspecified Vessel,LOW,0.8534,N/A
"Thu, 21 May 2026 07:00:00 GMT",ILLEGAL_FISHING,GoogleNews_PontianakPost,"Patroli Laut Maluku Diperketat, TNI AL Siaga Hadang Pelanggaran Lintas Negara dan Ancaman Kapal Asing Ilegal - PontianakPost",Maluku,Unspecified Vessel,LOW,0.9135,"-3.2385, 130.1453"
"Wed, 20 May 2026 08:55:00 GMT",ILLEGAL_FISHING,GoogleNews_CaraPandang,Prabowo Singgung Puluhan Ribu Kapal Asing Curi Hasil Alam Indonesia Secara Ilegal - CaraPandang,Indonesia,Unspecified Vessel,LOW,0.8425,"-2.5489, 118.0149"
"Wed, 20 May 2026 07:00:00 GMT",ILLEGAL_FISHING,GoogleNews_SINDOnews Ekbis,Prabowo: Puluhan Ribu Kapal Asing Tiap Malam Mengambil Kekayaan RI secara Ilegal - SINDOnews Ekbis,Unknown,Unspecified Vessel,LOW,0.8979,N/A
"Sat, 18 Apr 2026 07:00:00 GMT",ILLEGAL_FISHING,GoogleNews_Batamtoday.com,KKP Tindak Tegas Pelanggaran di Pulau-pulau Kecil dan Kapal Asing Ilegal - Batamtoday.com,Unknown,Unspecified Vessel,LOW,0.8984,N/A
"Thu, 16 Apr 2026 07:00:00 GMT",ILLEGAL_FISHING,GoogleNews_Kompas.com,"KKP Tak Tenggelamkan Kapal Asing Ilegal Seperti Era Susi Pudjiastuti, tapi Diberikan ke Nelayan - Kompas.com",Unknown,Unspecified Vessel,LOW,0.8926,N/A
"Fri, 27 Mar 2026 07:00:00 GMT",ILLEGAL_FISHING,GoogleNews_detikNews,Kapten Kapal Indonesia Dibui karena Tangkap Teripang Ilegal di Australia - detikNews,Indonesia,Unspecified Vessel,LOW,0.8877,"-2.5489, 118.0149"
"Wed, 15 Apr 2026 07:00:00 GMT",ENFORCEMENT,GoogleNews_ANTARA News,"KKP tangkap tiga kapal asing, selamatkan potensi rugi Rp20,2 miliar - ANTARA News",Unknown,Unspecified Vessel,LOW,0.8985,N/A
"Thu, 02 Apr 2026 07:00:00 GMT",ILLEGAL_FISHING,GoogleNews_Kemenko Polkam R.I.,Kemenko Polkam Dukung Pencegahan Ilegal Fishing Nelayan - Kemenko Polkam R.I.,Unknown,Unspecified Vessel,LOW,0.9222,N/A
"Sat, 25 Apr 2026 07:00:00 GMT",ILLEGAL_FISHING,GoogleNews_Bicara Indonesia,KKP Manfaatkan Kapal Sitaan Illegal Fishing untuk Nelayan dan Pengawasan - Bicara Indonesia,Indonesia,Unspecified Vessel,MEDIUM,0.6779,"-2.5489, 118.0149"
"Sun, 05 Apr 2026 07:00:00 GMT",ILLEGAL_FISHING,GoogleNews_National Geographic ,Permasalahan Kompleks di Balik Pencurian Ikan oleh Kapal Indonesia di Perairan Australia - National Geographic Indonesia,"Indonesia, Bali",Unspecified Vessel,LOW,0.9106,"-2.5489, 118.0149"
"Tue, 24 Feb 2026 08:00:00 GMT",TERRITORIAL_VIOLATION,GoogleNews_Indonesiadefense.com,Skenario Tegang di Natuna! TNI AL Hadapi 2 Kapal Perang Asing Kawal Pencuri Ikan - Indonesiadefense.com,"Indonesia, Natuna",Unspecified Vessel,LOW,0.8778,"-2.5489, 118.0149"
"Fri, 22 May 2026 07:00:00 GMT",ENFORCEMENT,GoogleNews_ANTARA News Yogyakar,Quo Vadis Bakamla RI? - ANTARA News Yogyakarta,Unknown,Unspecified Vessel,LOW,0.9511,N/A
"Fri, 24 Apr 2026 07:00:00 GMT",ENFORCEMENT,GoogleNews_CNN Indonesia,Kepala Bakamla Buka Suara Soal Wacana Biaya di Selat Malaka - CNN Indonesia,Indonesia,Unspecified Vessel,LOW,0.9021,"-2.5489, 118.0149"
2026-06-03T10:30:21.950401,AIS_ANOMALY,VesselFinder,AIS tracking data collected from VesselFinder,Indonesian Waters,Multiple Vessels Tracked,LOW,0.7500,"-6.2088, 106.8456"
2026-06-03T10:30:08.412098,ILLEGAL_FISHING,GlobalFishingWatch,Suspicious fishing vessel activity detected in Indonesian EEZ,Natuna Sea,Foreign Fishing Vessel,MEDIUM,0.8500,"3.9731, 108.2425"
2026-06-03T10:30:21.097813,CONSERVATION_ISSUE,OpenMeteo_Weather,"Maritime conditions: Wave 0.78m, Wind 0km/h at Java Sea",Java Sea,Weather: 0.78m waves,LOW,0.9000,"-5.5, 110.0"
2026-06-03T10:30:23.581718,CONSERVATION_ISSUE,OpenMeteo_Weather,"Maritime conditions: Wave 0.12m, Wind 0km/h at Natuna Sea",Natuna Sea,Weather: 0.12m waves,LOW,0.9000,"3.97, 108.24"
2026-06-03T10:30:26.959559,CONSERVATION_ISSUE,OpenMeteo_Weather,"Maritime conditions: Wave 0m, Wind 0km/h at Malacca Strait",Malacca Strait,Weather: 0m waves,LOW,0.9000,"2.5, 100.0"
"Wed, 20 May 2026 07:00:00 GMT",ILLEGAL_FISHING,GoogleNews_Kumparan.com,Prabowo: Tiap Malam Puluhan Ribu Kapal Asing Ambil Kekayaan Kita Secara Ilegal - kumparan.com - Kumparan.com,Unknown,Unspecified Vessel,LOW,0.8534,N/A
"Thu, 21 May 2026 07:00:00 GMT",ILLEGAL_FISHING,GoogleNews_PontianakPost,"Patroli Laut Maluku Diperketat, TNI AL Siaga Hadang Pelanggaran Lintas Negara dan Ancaman Kapal Asing Ilegal - PontianakPost",Maluku,Unspecified Vessel,LOW,0.9135,"-3.2385, 130.1453"
"Wed, 20 May 2026 08:55:00 GMT",ILLEGAL_FISHING,GoogleNews_CaraPandang,Prabowo Singgung Puluhan Ribu Kapal Asing Curi Hasil Alam Indonesia Secara Ilegal - CaraPandang,Indonesia,Unspecified Vessel,LOW,0.8425,"-2.5489, 118.0149"
"Wed, 20 May 2026 07:00:00 GMT",ILLEGAL_FISHING,GoogleNews_Kompas.com,Prabowo: Tiap Malam Puluhan Kapal Asing Ambil Kekayaan Kita Secara Ilegal - Kompas.com,Unknown,Unspecified Vessel,LOW,0.8823,N/A
"Wed, 20 May 2026 07:00:00 GMT",ILLEGAL_FISHING,GoogleNews_SINDOnews Ekbis,Prabowo: Puluhan Ribu Kapal Asing Tiap Malam Mengambil Kekayaan RI secara Ilegal - SINDOnews Ekbis,Unknown,Unspecified Vessel,LOW,0.8979,N/A
"Sat, 18 Apr 2026 07:00:00 GMT",ILLEGAL_FISHING,GoogleNews_Batamtoday.com,KKP Tindak Tegas Pelanggaran di Pulau-pulau Kecil dan Kapal Asing Ilegal - Batamtoday.com,Unknown,Unspecified Vessel,LOW,0.8984,N/A
"Fri, 27 Mar 2026 07:00:00 GMT",ILLEGAL_FISHING,GoogleNews_detikNews,Kapten Kapal Indonesia Dibui karena Tangkap Teripang Ilegal di Australia - detikNews,Indonesia,Unspecified Vessel,LOW,0.8877,"-2.5489, 118.0149"
"Wed, 15 Apr 2026 07:00:00 GMT",ENFORCEMENT,GoogleNews_ANTARA News,"KKP tangkap tiga kapal asing, selamatkan potensi rugi Rp20,2 miliar - ANTARA News",Unknown,Unspecified Vessel,LOW,0.8985,N/A
"Thu, 16 Apr 2026 07:00:00 GMT",ILLEGAL_FISHING,GoogleNews_Kompas.com,"KKP Tak Tenggelamkan Kapal Asing Ilegal Seperti Era Susi Pudjiastuti, tapi Diberikan ke Nelayan - Kompas.com",Unknown,Unspecified Vessel,LOW,0.8926,N/A
"Thu, 16 Apr 2026 07:00:00 GMT",ILLEGAL_FISHING,GoogleNews_Kementerian Kelautan,"KKP Siap Manfaatkan 4 Kapal Eks Illegal Fishing, Salah Satunya “Raksasa” MV Run Zeng 03 | Siaran Pers | KKP - Kementerian Kelautan dan Perikanan",Unknown,Unspecified Vessel,MEDIUM,0.8878,N/A
"Sun, 05 Apr 2026 07:00:00 GMT",ILLEGAL_FISHING,GoogleNews_National Geographic ,Permasalahan Kompleks di Balik Pencurian Ikan oleh Kapal Indonesia di Perairan Australia - National Geographic Indonesia,"Indonesia, Bali",Unspecified Vessel,LOW,0.9106,"-2.5489, 118.0149"
"Tue, 24 Feb 2026 08:00:00 GMT",TERRITORIAL_VIOLATION,GoogleNews_Indonesiadefense.com,Skenario Tegang di Natuna! TNI AL Hadapi 2 Kapal Perang Asing Kawal Pencuri Ikan - Indonesiadefense.com,"Indonesia, Natuna",Unspecified Vessel,LOW,0.8778,"-2.5489, 118.0149"
2026-06-03T10:35:34.158068,AIS_ANOMALY,VesselFinder,AIS tracking data collected from VesselFinder,Indonesian Waters,Multiple Vessels Tracked,LOW,0.7500,"-6.2088, 106.8456"
2026-06-03T10:35:27.078755,ILLEGAL_FISHING,GlobalFishingWatch,Suspicious fishing vessel activity detected in Indonesian EEZ,Natuna Sea,Foreign Fishing Vessel,MEDIUM,0.8500,"3.9731, 108.2425"
2026-06-03T10:35:28.898741,CONSERVATION_ISSUE,OpenMeteo_Weather,"Maritime conditions: Wave 0.78m, Wind 0km/h at Java Sea",Java Sea,Weather: 0.78m waves,LOW,0.9000,"-5.5, 110.0"
2026-06-03T10:35:34.161584,CONSERVATION_ISSUE,OpenMeteo_Weather,"Maritime conditions: Wave 0.12m, Wind 0km/h at Natuna Sea",Natuna Sea,Weather: 0.12m waves,LOW,0.9000,"3.97, 108.24"
2026-06-03T10:35:36.512484,CONSERVATION_ISSUE,OpenMeteo_Weather,"Maritime conditions: Wave 0m, Wind 0km/h at Malacca Strait",Malacca Strait,Weather: 0m waves,LOW,0.9000,"2.5, 100.0"
"Wed, 20 May 2026 07:00:00 GMT",ILLEGAL_FISHING,GoogleNews_Kumparan.com,Prabowo: Tiap Malam Puluhan Ribu Kapal Asing Ambil Kekayaan Kita Secara Ilegal - kumparan.com - Kumparan.com,Unknown,Unspecified Vessel,LOW,0.8534,N/A
"Thu, 21 May 2026 07:00:00 GMT",ILLEGAL_FISHING,GoogleNews_PontianakPost,"Patroli Laut Maluku Diperketat, TNI AL Siaga Hadang Pelanggaran Lintas Negara dan Ancaman Kapal Asing Ilegal - PontianakPost",Maluku,Unspecified Vessel,LOW,0.9135,"-3.2385, 130.1453"
"Wed, 20 May 2026 08:55:00 GMT",ILLEGAL_FISHING,GoogleNews_CaraPandang,Prabowo Singgung Puluhan Ribu Kapal Asing Curi Hasil Alam Indonesia Secara Ilegal - CaraPandang,Indonesia,Unspecified Vessel,LOW,0.8425,"-2.5489, 118.0149"
"Wed, 20 May 2026 07:00:00 GMT",ILLEGAL_FISHING,GoogleNews_SINDOnews Ekbis,Prabowo: Puluhan Ribu Kapal Asing Tiap Malam Mengambil Kekayaan RI secara Ilegal - SINDOnews Ekbis,Unknown,Unspecified Vessel,LOW,0.8979,N/A
"Sat, 18 Apr 2026 07:00:00 GMT",ILLEGAL_FISHING,GoogleNews_Batamtoday.com,KKP Tindak Tegas Pelanggaran di Pulau-pulau Kecil dan Kapal Asing Ilegal - Batamtoday.com,Unknown,Unspecified Vessel,LOW,0.8984,N/A
"Thu, 16 Apr 2026 07:00:00 GMT",ILLEGAL_FISHING,GoogleNews_Kompas.com,"KKP Tak Tenggelamkan Kapal Asing Ilegal Seperti Era Susi Pudjiastuti, tapi Diberikan ke Nelayan - Kompas.com",Unknown,Unspecified Vessel,LOW,0.8926,N/A
"Fri, 27 Mar 2026 07:00:00 GMT",ILLEGAL_FISHING,GoogleNews_detikNews,Kapten Kapal Indonesia Dibui karena Tangkap Teripang Ilegal di Australia - detikNews,Indonesia,Unspecified Vessel,LOW,0.8877,"-2.5489, 118.0149"
"Wed, 15 Apr 2026 07:00:00 GMT",ENFORCEMENT,GoogleNews_ANTARA News,"KKP tangkap tiga kapal asing, selamatkan potensi rugi Rp20,2 miliar - ANTARA News",Unknown,Unspecified Vessel,LOW,0.8985,N/A
"Thu, 02 Apr 2026 07:00:00 GMT",ILLEGAL_FISHING,GoogleNews_Kemenko Polkam R.I.,Kemenko Polkam Dukung Pencegahan Ilegal Fishing Nelayan - Kemenko Polkam R.I.,Unknown,Unspecified Vessel,LOW,0.9222,N/A
"Sat, 25 Apr 2026 07:00:00 GMT",ILLEGAL_FISHING,GoogleNews_Bicara Indonesia,KKP Manfaatkan Kapal Sitaan Illegal Fishing untuk Nelayan dan Pengawasan - Bicara Indonesia,Indonesia,Unspecified Vessel,MEDIUM,0.6779,"-2.5489, 118.0149"
"Sun, 05 Apr 2026 07:00:00 GMT",ILLEGAL_FISHING,GoogleNews_National Geographic ,Permasalahan Kompleks di Balik Pencurian Ikan oleh Kapal Indonesia di Perairan Australia - National Geographic Indonesia,"Indonesia, Bali",Unspecified Vessel,LOW,0.9106,"-2.5489, 118.0149"
"Tue, 24 Feb 2026 08:00:00 GMT",TERRITORIAL_VIOLATION,GoogleNews_Indonesiadefense.com,Skenario Tegang di Natuna! TNI AL Hadapi 2 Kapal Perang Asing Kawal Pencuri Ikan - Indonesiadefense.com,"Indonesia, Natuna",Unspecified Vessel,LOW,0.8778,"-2.5489, 118.0149"
"Fri, 22 May 2026 07:00:00 GMT",ENFORCEMENT,GoogleNews_ANTARA News Yogyakar,Quo Vadis Bakamla RI? - ANTARA News Yogyakarta,Unknown,Unspecified Vessel,LOW,0.9511,N/A
"Fri, 24 Apr 2026 07:00:00 GMT",ENFORCEMENT,GoogleNews_CNN Indonesia,Kepala Bakamla Buka Suara Soal Wacana Biaya di Selat Malaka - CNN Indonesia,Indonesia,Unspecified Vessel,LOW,0.9021,"-2.5489, 118.0149"
2026-06-03T10:40:46.263952,AIS_ANOMALY,VesselFinder,AIS tracking data collected from VesselFinder,Indonesian Waters,Multiple Vessels Tracked,LOW,0.7500,"-6.2088, 106.8456"
2026-06-03T10:40:41.198499,ILLEGAL_FISHING,GlobalFishingWatch,Suspicious fishing vessel activity detected in Indonesian EEZ,Natuna Sea,Foreign Fishing Vessel,MEDIUM,0.8500,"3.9731, 108.2425"
2026-06-03T10:40:46.452022,CONSERVATION_ISSUE,OpenMeteo_Weather,"Maritime conditions: Wave 0.78m, Wind 0km/h at Java Sea",Java Sea,Weather: 0.78m waves,LOW,0.9000,"-5.5, 110.0"
2026-06-03T10:40:48.464978,CONSERVATION_ISSUE,OpenMeteo_Weather,"Maritime conditions: Wave 0.12m, Wind 0km/h at Natuna Sea",Natuna Sea,Weather: 0.12m waves,LOW,0.9000,"3.97, 108.24"
2026-06-03T10:40:50.536677,CONSERVATION_ISSUE,OpenMeteo_Weather,"Maritime conditions: Wave 0m, Wind 0km/h at Malacca Strait",Malacca Strait,Weather: 0m waves,LOW,0.9000,"2.5, 100.0"
2026-06-01T12:00:00Z,AIS_ANOMALY,Globalsecurity.org,"CCG conducts rights-protection law enforcement in waters where Japan, Philippines intend to infringe on China's rights",Philippines,Unspecified Vessel,LOW,0.9151,"12.8797, 121.7740"
2026-05-31T13:44:21Z,ENFORCEMENT,The Times of India,"China conducts patrols near Scarborough Shoal, Philippines dismisses drill assertions as ""unfounded""",Philippines,Unspecified Vessel,LOW,0.5400,"12.8797, 121.7740"
2026-05-26T18:00:00Z,PIRACY,OilPrice.com,Gulf Shipping Crisis Fuels New Eurasian Corridors,Unknown,Unspecified Vessel,LOW,0.7670,N/A
2026-05-26T10:00:00Z,TERRITORIAL_VIOLATION,RTE,Call for tougher action on foreign vessels fishing in EEZ,Unspecified Maritime Zone,Unspecified Vessel,LOW,0.9125,N/A
"Wed, 20 May 2026 07:00:00 GMT",ILLEGAL_FISHING,GoogleNews_Kumparan.com,Prabowo: Tiap Malam Puluhan Ribu Kapal Asing Ambil Kekayaan Kita Secara Ilegal - kumparan.com - Kumparan.com,Unknown,Unspecified Vessel,LOW,0.8534,N/A
"Thu, 21 May 2026 07:00:00 GMT",ILLEGAL_FISHING,GoogleNews_PontianakPost,"Patroli Laut Maluku Diperketat, TNI AL Siaga Hadang Pelanggaran Lintas Negara dan Ancaman Kapal Asing Ilegal - PontianakPost",Maluku,Unspecified Vessel,LOW,0.9135,"-3.2385, 130.1453"
"Wed, 20 May 2026 08:55:00 GMT",ILLEGAL_FISHING,GoogleNews_CaraPandang,Prabowo Singgung Puluhan Ribu Kapal Asing Curi Hasil Alam Indonesia Secara Ilegal - CaraPandang,Indonesia,Unspecified Vessel,LOW,0.8425,"-2.5489, 118.0149"
"Wed, 20 May 2026 07:00:00 GMT",ILLEGAL_FISHING,GoogleNews_SINDOnews Ekbis,Prabowo: Puluhan Ribu Kapal Asing Tiap Malam Mengambil Kekayaan RI secara Ilegal - SINDOnews Ekbis,Unknown,Unspecified Vessel,LOW,0.8979,N/A
"Sat, 18 Apr 2026 07:00:00 GMT",ILLEGAL_FISHING,GoogleNews_Batamtoday.com,KKP Tindak Tegas Pelanggaran di Pulau-pulau Kecil dan Kapal Asing Ilegal - Batamtoday.com,Unknown,Unspecified Vessel,LOW,0.8984,N/A
"Thu, 16 Apr 2026 07:00:00 GMT",ILLEGAL_FISHING,GoogleNews_Kompas.com,"KKP Tak Tenggelamkan Kapal Asing Ilegal Seperti Era Susi Pudjiastuti, tapi Diberikan ke Nelayan - Kompas.com",Unknown,Unspecified Vessel,LOW,0.8926,N/A
"Fri, 27 Mar 2026 07:00:00 GMT",ILLEGAL_FISHING,GoogleNews_detikNews,Kapten Kapal Indonesia Dibui karena Tangkap Teripang Ilegal di Australia - detikNews,Indonesia,Unspecified Vessel,LOW,0.8877,"-2.5489, 118.0149"
"Wed, 15 Apr 2026 07:00:00 GMT",ENFORCEMENT,GoogleNews_ANTARA News,"KKP tangkap tiga kapal asing, selamatkan potensi rugi Rp20,2 miliar - ANTARA News",Unknown,Unspecified Vessel,LOW,0.8985,N/A
"Thu, 06 Nov 2025 08:00:00 GMT",ENFORCEMENT,GoogleNews_kkp.go.id,KKP Tangkap Kapal Ikan Asing Berbendera Vietnam di Laut Natuna Utara - kkp.go.id,"Natuna, Vietnam",Unspecified Vessel,LOW,0.9051,"3.9731, 108.2425"
"Thu, 06 Nov 2025 08:00:00 GMT",ENFORCEMENT,GoogleNews_kkp.go.id,KKP Tangkap Kapal Ikan Asing Berbendera Vietnam di Laut Natuna Utara - kkp.go.id,"Natuna, Vietnam",Unspecified Vessel,LOW,0.9051,"3.9731, 108.2425"
"Thu, 02 Apr 2026 07:00:00 GMT",ILLEGAL_FISHING,GoogleNews_Kemenko Polkam R.I.,Kemenko Polkam Dukung Pencegahan Ilegal Fishing Nelayan - Kemenko Polkam R.I.,Unknown,Unspecified Vessel,LOW,0.9222,N/A
"Thu, 06 Nov 2025 08:00:00 GMT",ILLEGAL_FISHING,GoogleNews_ANTARA News,"KKP amankan 41 kapal ""illegal fishing"" di Laut Natuna Utara - ANTARA News",Natuna,Unspecified Vessel,MEDIUM,0.6824,"3.9731, 108.2425"
"Thu, 06 Nov 2025 08:00:00 GMT",ILLEGAL_FISHING,GoogleNews_Emitennews.com,"Sepanjang 2025, KKP Tangkap 255 Kapal Pelaku Illegal Fishing - Emitennews.com",Unknown,Unspecified Vessel,MEDIUM,0.8509,N/A
"Tue, 18 Nov 2025 01:53:43 GMT",ILLEGAL_FISHING,GoogleNews_Kementerian Agama,"Setahun Pemerintahan JokowiJK: Berantas Illegal Fishing, Produksi Ikan Meningkat - Kementerian Agama",Unknown,Unspecified Vessel,MEDIUM,0.7690,N/A
"Sat, 25 Apr 2026 07:00:00 GMT",ILLEGAL_FISHING,GoogleNews_Bicara Indonesia,KKP Manfaatkan Kapal Sitaan Illegal Fishing untuk Nelayan dan Pengawasan - Bicara Indonesia,Indonesia,Unspecified Vessel,MEDIUM,0.6779,"-2.5489, 118.0149"
"Mon, 21 Jul 2025 04:41:11 GMT",ILLEGAL_FISHING,GoogleNews_kkp.go.id,"NELAYAN TERANCAM, LAUT TERLUKA: DAMPAK IUU FISHING BAGI MASYARAKAT DAN EKOSISTEM - kkp.go.id",Unknown,Unspecified Vessel,LOW,0.8164,N/A
"Sun, 05 Apr 2026 07:00:00 GMT",ILLEGAL_FISHING,GoogleNews_National Geographic ,Permasalahan Kompleks di Balik Pencurian Ikan oleh Kapal Indonesia di Perairan Australia - National Geographic Indonesia,"Indonesia, Bali",Unspecified Vessel,LOW,0.9106,"-2.5489, 118.0149"
"Tue, 24 Feb 2026 08:00:00 GMT",TERRITORIAL_VIOLATION,GoogleNews_Indonesiadefense.com,Skenario Tegang di Natuna! TNI AL Hadapi 2 Kapal Perang Asing Kawal Pencuri Ikan - Indonesiadefense.com,"Indonesia, Natuna",Unspecified Vessel,LOW,0.8778,"-2.5489, 118.0149"
"Mon, 23 Dec 2024 08:00:00 GMT",ENFORCEMENT,GoogleNews_kkp.go.id,KKP Tangkap 240 Kapal Pencuri Ikan Sepanjang 2024 - kkp.go.id,Unknown,Unspecified Vessel,LOW,0.8918,N/A
"Fri, 14 Nov 2025 08:00:00 GMT",ILLEGAL_FISHING,GoogleNews_Mongabay.co.id,Sulitnya Memberantas Pencurian Ikan di Natuna - Mongabay.co.id,Natuna,Unspecified Vessel,LOW,0.8901,"3.9731, 108.2425"
"Thu, 06 Nov 2025 08:00:00 GMT",TERRITORIAL_VIOLATION,GoogleNews_ANTARA News,KKP menangkap kapal Vietnam curi ikan di Laut Natuna Utara - ANTARA News,"Natuna, Vietnam",Unspecified Vessel,LOW,0.8950,"3.9731, 108.2425"
"Mon, 17 Apr 2023 07:00:00 GMT",ILLEGAL_FISHING,GoogleNews_Kompas.id,Pencurian Ikan Masih Marak di Laut Natuna Utara - Kompas.id,Natuna,Unspecified Vessel,LOW,0.8910,"3.9731, 108.2425"
"Sun, 20 Apr 2025 07:00:00 GMT",ILLEGAL_FISHING,GoogleNews_Tempo.co,"Pencurian Ikan di Laut Natuna Utara Diprediksi Merugikan Negara Rp 152,8 Miliar - Tempo.co",Natuna,Unspecified Vessel,LOW,0.9057,"3.9731, 108.2425"
"Fri, 07 Nov 2025 08:00:00 GMT",ILLEGAL_FISHING,GoogleNews_SINDOnews Ekbis,Duit Rp522 Triliun Setiap Tahun Hilang Akibat Pencurian Ikan di Laut Indonesia - SINDOnews Ekbis,Indonesia,Unspecified Vessel,LOW,0.9128,"-2.5489, 118.0149"
"Wed, 26 Jun 2024 07:00:00 GMT",ILLEGAL_FISHING,GoogleNews_Kemenko Polkam R.I.,KEMENKO POLHUKAM UPAYAKAN PERBAIKAN PENCEGAHAN DAN PENANGANAN YANG KOMPREHENSIF ATAS PENCURIAN IKAN YANG DILAKUKAN OLEH NELAYAN INDONESIA DI PERAIRAN AUSTRALIA - Kemenko Polkam R.I.,Indonesia,Unspecified Vessel,LOW,0.8049,"-2.5489, 118.0149"
"Thu, 06 Nov 2025 08:00:00 GMT",ILLEGAL_FISHING,GoogleNews_Emitennews.com,"Sepanjang 2025, KKP Tangkap 255 Kapal Pelaku Illegal Fishing - Emitennews.com",Unknown,Unspecified Vessel,MEDIUM,0.8509,N/A
"Fri, 22 May 2026 07:00:00 GMT",ENFORCEMENT,GoogleNews_ANTARA News Yogyakar,Quo Vadis Bakamla RI? - ANTARA News Yogyakarta,Unknown,Unspecified Vessel,LOW,0.9511,N/A
"Sun, 10 Aug 2025 22:33:10 GMT",ENFORCEMENT,GoogleNews_Kompas.id,Bakamla Tangkap Kapal Tanker Iran di Laut Natuna Utara - Kompas.id,Natuna,Tanker,LOW,0.9095,"3.9731, 108.2425"
"Sun, 03 Aug 2025 07:00:00 GMT",ENFORCEMENT,GoogleNews_Tempo.co,Bakamla Tangkap Kapal Penyelundup Bawang Merah di Batam - Tempo.co,Unknown,Unspecified Vessel,LOW,0.8878,N/A
"Sat, 02 Aug 2025 07:00:00 GMT",ILLEGAL_FISHING,GoogleNews_CNN Indonesia,Bakamla Tangkap Kapal Angkut 400 Karung Bawang Merah Ilegal di Kepri - CNN Indonesia,Indonesia,Unspecified Vessel,LOW,0.8813,"-2.5489, 118.0149"
"Thu, 16 Oct 2025 07:00:00 GMT",ENFORCEMENT,GoogleNews_Kompas.com,Bakamla Tangkap Lima Terduga Perompak Batu Bara di Kaltim - Kompas.com,Unknown,Unspecified Vessel,LOW,0.9290,N/A
"Sun, 03 Aug 2025 07:00:00 GMT",ENFORCEMENT,GoogleNews_iNews.ID,Bakamla Tangkap Kapal Penyelundup Bawang Merah dari Batam ke Kuala Tungkal - iNews.ID,Unknown,Unspecified Vessel,LOW,0.8565,N/A
"Thu, 16 Oct 2025 07:00:00 GMT",ENFORCEMENT,GoogleNews_Niaga.Asia,Bakamla RI Tangkap 5 Orang yang Diduga akan Merampok Tongkang Batubara - Niaga.Asia,Unknown,Unspecified Vessel,LOW,0.9177,N/A
"Sun, 13 Aug 2023 07:00:00 GMT",ENFORCEMENT,GoogleNews_detikNews,Bakamla RI Tangkap Kapal Vietnam Curi 5 Ton Ikan di Laut Natuna Utara - detikNews,"Natuna, Vietnam",Unspecified Vessel,LOW,0.9131,"3.9731, 108.2425"
"Fri, 17 Oct 2025 07:00:00 GMT",ENFORCEMENT,GoogleNews_SinPo.id,Bakamla RI Gagalkan Aksi Perompakan Kapal Tugboat di Perairan Kalimantan Timur - SinPo.id,Unknown,Unspecified Vessel,LOW,0.8882,N/A
"Fri, 24 Apr 2026 07:00:00 GMT",ENFORCEMENT,GoogleNews_CNN Indonesia,Kepala Bakamla Buka Suara Soal Wacana Biaya di Selat Malaka - CNN Indonesia,Indonesia,Unspecified Vessel,LOW,0.9021,"-2.5489, 118.0149"
2026-06-03T10:45:22.457651,AIS_ANOMALY,VesselFinder,AIS tracking data collected from VesselFinder,Indonesian Waters,Multiple Vessels Tracked,LOW,0.7500,"-6.2088, 106.8456"
2026-06-03T10:45:20.540768,ILLEGAL_FISHING,GlobalFishingWatch,Suspicious fishing vessel activity detected in Indonesian EEZ,Natuna Sea,Foreign Fishing Vessel,MEDIUM,0.8500,"3.9731, 108.2425"
2026-06-03T10:45:22.071005,CONSERVATION_ISSUE,OpenMeteo_Weather,"Maritime conditions: Wave 0.76m, Wind 0km/h at Java Sea",Java Sea,Weather: 0.76m waves,LOW,0.9000,"-5.5, 110.0"
2026-06-03T10:45:23.358887,CONSERVATION_ISSUE,OpenMeteo_Weather,"Maritime conditions: Wave 0.12m, Wind 0km/h at Natuna Sea",Natuna Sea,Weather: 0.12m waves,LOW,0.9000,"3.97, 108.24"
2026-06-03T10:45:24.713794,CONSERVATION_ISSUE,OpenMeteo_Weather,"Maritime conditions: Wave 0m, Wind 0km/h at Malacca Strait",Malacca Strait,Weather: 0m waves,LOW,0.9000,"2.5, 100.0"
"Wed, 20 May 2026 07:00:00 GMT",ILLEGAL_FISHING,GoogleNews_Kumparan.com,Prabowo: Tiap Malam Puluhan Ribu Kapal Asing Ambil Kekayaan Kita Secara Ilegal - kumparan.com - Kumparan.com,Unknown,Unspecified Vessel,LOW,0.8534,N/A
"Thu, 21 May 2026 07:00:00 GMT",ILLEGAL_FISHING,GoogleNews_PontianakPost,"Patroli Laut Maluku Diperketat, TNI AL Siaga Hadang Pelanggaran Lintas Negara dan Ancaman Kapal Asing Ilegal - PontianakPost",Maluku,Unspecified Vessel,LOW,0.9135,"-3.2385, 130.1453"
"Wed, 20 May 2026 08:55:00 GMT",ILLEGAL_FISHING,GoogleNews_CaraPandang,Prabowo Singgung Puluhan Ribu Kapal Asing Curi Hasil Alam Indonesia Secara Ilegal - CaraPandang,Indonesia,Unspecified Vessel,LOW,0.8425,"-2.5489, 118.0149"
"Wed, 20 May 2026 07:00:00 GMT",ILLEGAL_FISHING,GoogleNews_Kompas.com,Prabowo: Tiap Malam Puluhan Kapal Asing Ambil Kekayaan Kita Secara Ilegal - Kompas.com,Unknown,Unspecified Vessel,LOW,0.8823,N/A
"Wed, 20 May 2026 07:00:00 GMT",ILLEGAL_FISHING,GoogleNews_SINDOnews Ekbis,Prabowo: Puluhan Ribu Kapal Asing Tiap Malam Mengambil Kekayaan RI secara Ilegal - SINDOnews Ekbis,Unknown,Unspecified Vessel,LOW,0.8979,N/A
"Sat, 18 Apr 2026 07:00:00 GMT",ILLEGAL_FISHING,GoogleNews_Batamtoday.com,KKP Tindak Tegas Pelanggaran di Pulau-pulau Kecil dan Kapal Asing Ilegal - Batamtoday.com,Unknown,Unspecified Vessel,LOW,0.8984,N/A
"Fri, 27 Mar 2026 07:00:00 GMT",ILLEGAL_FISHING,GoogleNews_detikNews,Kapten Kapal Indonesia Dibui karena Tangkap Teripang Ilegal di Australia - detikNews,Indonesia,Unspecified Vessel,LOW,0.8877,"-2.5489, 118.0149"
"Wed, 15 Apr 2026 07:00:00 GMT",ENFORCEMENT,GoogleNews_ANTARA News,"KKP tangkap tiga kapal asing, selamatkan potensi rugi Rp20,2 miliar - ANTARA News",Unknown,Unspecified Vessel,LOW,0.8985,N/A
"Thu, 16 Apr 2026 07:00:00 GMT",ILLEGAL_FISHING,GoogleNews_Kompas.com,"KKP Tak Tenggelamkan Kapal Asing Ilegal Seperti Era Susi Pudjiastuti, tapi Diberikan ke Nelayan - Kompas.com",Unknown,Unspecified Vessel,LOW,0.8926,N/A
"Thu, 02 Apr 2026 07:00:00 GMT",ILLEGAL_FISHING,GoogleNews_Kemenko Polkam R.I.,Kemenko Polkam Dukung Pencegahan Ilegal Fishing Nelayan - Kemenko Polkam R.I.,Unknown,Unspecified Vessel,LOW,0.9222,N/A
"Sat, 25 Apr 2026 07:00:00 GMT",ILLEGAL_FISHING,GoogleNews_Bicara Indonesia,KKP Manfaatkan Kapal Sitaan Illegal Fishing untuk Nelayan dan Pengawasan - Bicara Indonesia,Indonesia,Unspecified Vessel,MEDIUM,0.6779,"-2.5489, 118.0149"
"Sun, 05 Apr 2026 07:00:00 GMT",ILLEGAL_FISHING,GoogleNews_National Geographic ,Permasalahan Kompleks di Balik Pencurian Ikan oleh Kapal Indonesia di Perairan Australia - National Geographic Indonesia,"Indonesia, Bali",Unspecified Vessel,LOW,0.9106,"-2.5489, 118.0149"
2026-06-03T10:45:53.548589,AIS_ANOMALY,VesselFinder,AIS tracking data collected from VesselFinder,Indonesian Waters,Multiple Vessels Tracked,LOW,0.7500,"-6.2088, 106.8456"
2026-06-03T10:45:52.130539,ILLEGAL_FISHING,GlobalFishingWatch,Suspicious fishing vessel activity detected in Indonesian EEZ,Natuna Sea,Foreign Fishing Vessel,MEDIUM,0.8500,"3.9731, 108.2425"
2026-06-03T10:45:53.683551,CONSERVATION_ISSUE,OpenMeteo_Weather,"Maritime conditions: Wave 0.76m, Wind 0km/h at Java Sea",Java Sea,Weather: 0.76m waves,LOW,0.9000,"-5.5, 110.0"
2026-06-03T10:45:54.612256,CONSERVATION_ISSUE,OpenMeteo_Weather,"Maritime conditions: Wave 0.12m, Wind 0km/h at Natuna Sea",Natuna Sea,Weather: 0.12m waves,LOW,0.9000,"3.97, 108.24"
2026-06-03T10:45:55.805188,CONSERVATION_ISSUE,OpenMeteo_Weather,"Maritime conditions: Wave 0m, Wind 0km/h at Malacca Strait",Malacca Strait,Weather: 0m waves,LOW,0.9000,"2.5, 100.0"
"Wed, 20 May 2026 07:00:00 GMT",ILLEGAL_FISHING,GoogleNews_Kumparan.com,Prabowo: Tiap Malam Puluhan Ribu Kapal Asing Ambil Kekayaan Kita Secara Ilegal - kumparan.com - Kumparan.com,Unknown,Unspecified Vessel,LOW,0.8534,N/A
"Wed, 20 May 2026 08:55:00 GMT",ILLEGAL_FISHING,GoogleNews_CaraPandang,Prabowo Singgung Puluhan Ribu Kapal Asing Curi Hasil Alam Indonesia Secara Ilegal - CaraPandang,Indonesia,Unspecified Vessel,LOW,0.8425,"-2.5489, 118.0149"
"Thu, 21 May 2026 03:30:44 GMT",ILLEGAL_FISHING,GoogleNews_PontianakPost,"Patroli Laut Maluku Diperketat, TNI AL Siaga Hadang Pelanggaran Lintas Negara dan Ancaman Kapal Asing Ilegal - PontianakPost",Maluku,Unspecified Vessel,LOW,0.9135,"-3.2385, 130.1453"
"Wed, 20 May 2026 07:00:00 GMT",ILLEGAL_FISHING,GoogleNews_SINDOnews Ekbis,Prabowo: Puluhan Ribu Kapal Asing Tiap Malam Mengambil Kekayaan RI secara Ilegal - SINDOnews Ekbis,Unknown,Unspecified Vessel,LOW,0.8979,N/A
"Sat, 18 Apr 2026 07:00:00 GMT",ILLEGAL_FISHING,GoogleNews_Batamtoday.com,KKP Tindak Tegas Pelanggaran di Pulau-pulau Kecil dan Kapal Asing Ilegal - Batamtoday.com,Unknown,Unspecified Vessel,LOW,0.8984,N/A
"Thu, 16 Apr 2026 07:00:00 GMT",ILLEGAL_FISHING,GoogleNews_Kompas.com,"KKP Tak Tenggelamkan Kapal Asing Ilegal Seperti Era Susi Pudjiastuti, tapi Diberikan ke Nelayan - Kompas.com",Unknown,Unspecified Vessel,LOW,0.8926,N/A
"Fri, 27 Mar 2026 07:00:00 GMT",ILLEGAL_FISHING,GoogleNews_detikNews,Kapten Kapal Indonesia Dibui karena Tangkap Teripang Ilegal di Australia - detikNews,Indonesia,Unspecified Vessel,LOW,0.8877,"-2.5489, 118.0149"
"Wed, 15 Apr 2026 07:00:00 GMT",ENFORCEMENT,GoogleNews_ANTARA News,"KKP tangkap tiga kapal asing, selamatkan potensi rugi Rp20,2 miliar - ANTARA News",Unknown,Unspecified Vessel,LOW,0.8985,N/A
"Thu, 02 Apr 2026 07:00:00 GMT",ILLEGAL_FISHING,GoogleNews_Kemenko Polkam R.I.,Kemenko Polkam Dukung Pencegahan Ilegal Fishing Nelayan - Kemenko Polkam R.I.,Unknown,Unspecified Vessel,LOW,0.9222,N/A
"Sat, 25 Apr 2026 07:00:00 GMT",ILLEGAL_FISHING,GoogleNews_Bicara Indonesia,KKP Manfaatkan Kapal Sitaan Illegal Fishing untuk Nelayan dan Pengawasan - Bicara Indonesia,Indonesia,Unspecified Vessel,MEDIUM,0.6779,"-2.5489, 118.0149"
"Sun, 05 Apr 2026 07:00:00 GMT",ILLEGAL_FISHING,GoogleNews_National Geographic ,Permasalahan Kompleks di Balik Pencurian Ikan oleh Kapal Indonesia di Perairan Australia - National Geographic Indonesia,"Indonesia, Bali",Unspecified Vessel,LOW,0.9106,"-2.5489, 118.0149"
"Tue, 24 Feb 2026 08:00:00 GMT",TERRITORIAL_VIOLATION,GoogleNews_Indonesiadefense.com,Skenario Tegang di Natuna! TNI AL Hadapi 2 Kapal Perang Asing Kawal Pencuri Ikan - Indonesiadefense.com,"Indonesia, Natuna",Unspecified Vessel,LOW,0.8778,"-2.5489, 118.0149"
"Fri, 22 May 2026 07:00:00 GMT",ENFORCEMENT,GoogleNews_ANTARA News Yogyakar,Quo Vadis Bakamla RI? - ANTARA News Yogyakarta,Unknown,Unspecified Vessel,LOW,0.9511,N/A
2026-06-03T10:51:04.113271,AIS_ANOMALY,VesselFinder,AIS tracking data collected from VesselFinder,Indonesian Waters,Multiple Vessels Tracked,LOW,0.7500,"-6.2088, 106.8456"
2026-06-03T10:50:59.127522,ILLEGAL_FISHING,GlobalFishingWatch,Suspicious fishing vessel activity detected in Indonesian EEZ,Natuna Sea,Foreign Fishing Vessel,MEDIUM,0.8500,"3.9731, 108.2425"
2026-06-03T10:51:04.320760,CONSERVATION_ISSUE,OpenMeteo_Weather,"Maritime conditions: Wave 0.76m, Wind 0km/h at Java Sea",Java Sea,Weather: 0.76m waves,LOW,0.9000,"-5.5, 110.0"
2026-06-03T10:51:06.595462,CONSERVATION_ISSUE,OpenMeteo_Weather,"Maritime conditions: Wave 0.12m, Wind 0km/h at Natuna Sea",Natuna Sea,Weather: 0.12m waves,LOW,0.9000,"3.97, 108.24"
2026-06-03T10:51:08.601212,CONSERVATION_ISSUE,OpenMeteo_Weather,"Maritime conditions: Wave 0m, Wind 0km/h at Malacca Strait",Malacca Strait,Weather: 0m waves,LOW,0.9000,"2.5, 100.0"
"Wed, 20 May 2026 07:00:00 GMT",ILLEGAL_FISHING,GoogleNews_Kumparan.com,Prabowo: Tiap Malam Puluhan Ribu Kapal Asing Ambil Kekayaan Kita Secara Ilegal - kumparan.com - Kumparan.com,Unknown,Unspecified Vessel,LOW,0.8534,N/A
"Thu, 21 May 2026 07:00:00 GMT",ILLEGAL_FISHING,GoogleNews_PontianakPost,"Patroli Laut Maluku Diperketat, TNI AL Siaga Hadang Pelanggaran Lintas Negara dan Ancaman Kapal Asing Ilegal - PontianakPost",Maluku,Unspecified Vessel,LOW,0.9135,"-3.2385, 130.1453"
"Wed, 20 May 2026 08:55:00 GMT",ILLEGAL_FISHING,GoogleNews_CaraPandang,Prabowo Singgung Puluhan Ribu Kapal Asing Curi Hasil Alam Indonesia Secara Ilegal - CaraPandang,Indonesia,Unspecified Vessel,LOW,0.8425,"-2.5489, 118.0149"
"Wed, 20 May 2026 07:00:00 GMT",ILLEGAL_FISHING,GoogleNews_SINDOnews Ekbis,Prabowo: Puluhan Ribu Kapal Asing Tiap Malam Mengambil Kekayaan RI secara Ilegal - SINDOnews Ekbis,Unknown,Unspecified Vessel,LOW,0.8979,N/A
"Sat, 18 Apr 2026 07:00:00 GMT",ILLEGAL_FISHING,GoogleNews_Batamtoday.com,KKP Tindak Tegas Pelanggaran di Pulau-pulau Kecil dan Kapal Asing Ilegal - Batamtoday.com,Unknown,Unspecified Vessel,LOW,0.8984,N/A
"Thu, 16 Apr 2026 07:00:00 GMT",ILLEGAL_FISHING,GoogleNews_Kompas.com,"KKP Tak Tenggelamkan Kapal Asing Ilegal Seperti Era Susi Pudjiastuti, tapi Diberikan ke Nelayan - Kompas.com",Unknown,Unspecified Vessel,LOW,0.8926,N/A
"Fri, 27 Mar 2026 07:00:00 GMT",ILLEGAL_FISHING,GoogleNews_detikNews,Kapten Kapal Indonesia Dibui karena Tangkap Teripang Ilegal di Australia - detikNews,Indonesia,Unspecified Vessel,LOW,0.8877,"-2.5489, 118.0149"
"Wed, 15 Apr 2026 07:00:00 GMT",ENFORCEMENT,GoogleNews_ANTARA News,"KKP tangkap tiga kapal asing, selamatkan potensi rugi Rp20,2 miliar - ANTARA News",Unknown,Unspecified Vessel,LOW,0.8985,N/A
"Thu, 02 Apr 2026 07:00:00 GMT",ILLEGAL_FISHING,GoogleNews_Kemenko Polkam R.I.,Kemenko Polkam Dukung Pencegahan Ilegal Fishing Nelayan - Kemenko Polkam R.I.,Unknown,Unspecified Vessel,LOW,0.9222,N/A
"Sat, 25 Apr 2026 07:00:00 GMT",ILLEGAL_FISHING,GoogleNews_Bicara Indonesia,KKP Manfaatkan Kapal Sitaan Illegal Fishing untuk Nelayan dan Pengawasan - Bicara Indonesia,Indonesia,Unspecified Vessel,MEDIUM,0.6779,"-2.5489, 118.0149"
"Sun, 05 Apr 2026 07:00:00 GMT",ILLEGAL_FISHING,GoogleNews_National Geographic ,Permasalahan Kompleks di Balik Pencurian Ikan oleh Kapal Indonesia di Perairan Australia - National Geographic Indonesia,"Indonesia, Bali",Unspecified Vessel,LOW,0.9106,"-2.5489, 118.0149"
"Fri, 22 May 2026 07:00:00 GMT",ENFORCEMENT,GoogleNews_ANTARA News Yogyakar,Quo Vadis Bakamla RI? - ANTARA News Yogyakarta,Unknown,Unspecified Vessel,LOW,0.9511,N/A
"Fri, 24 Apr 2026 07:00:00 GMT",ENFORCEMENT,GoogleNews_CNN Indonesia,Kepala Bakamla Buka Suara Soal Wacana Biaya di Selat Malaka - CNN Indonesia,Indonesia,Unspecified Vessel,LOW,0.9021,"-2.5489, 118.0149"
2026-06-03T10:56:14.407096,AIS_ANOMALY,VesselFinder,AIS tracking data collected from VesselFinder,Indonesian Waters,Multiple Vessels Tracked,LOW,0.7500,"-6.2088, 106.8456"
2026-06-03T10:56:09.319786,ILLEGAL_FISHING,GlobalFishingWatch,Suspicious fishing vessel activity detected in Indonesian EEZ,Natuna Sea,Foreign Fishing Vessel,MEDIUM,0.8500,"3.9731, 108.2425"
2026-06-03T10:56:14.572775,CONSERVATION_ISSUE,OpenMeteo_Weather,"Maritime conditions: Wave 0.76m, Wind 0km/h at Java Sea",Java Sea,Weather: 0.76m waves,LOW,0.9000,"-5.5, 110.0"
2026-06-03T10:56:16.835033,CONSERVATION_ISSUE,OpenMeteo_Weather,"Maritime conditions: Wave 0.12m, Wind 0km/h at Natuna Sea",Natuna Sea,Weather: 0.12m waves,LOW,0.9000,"3.97, 108.24"
2026-06-03T10:56:19.632100,CONSERVATION_ISSUE,OpenMeteo_Weather,"Maritime conditions: Wave 0m, Wind 0km/h at Malacca Strait",Malacca Strait,Weather: 0m waves,LOW,0.9000,"2.5, 100.0"
2026-06-01T12:00:00Z,AIS_ANOMALY,Globalsecurity.org,"CCG conducts rights-protection law enforcement in waters where Japan, Philippines intend to infringe on China's rights",Philippines,Unspecified Vessel,LOW,0.9151,"12.8797, 121.7740"
2026-05-31T13:44:21Z,ENFORCEMENT,The Times of India,"China conducts patrols near Scarborough Shoal, Philippines dismisses drill assertions as ""unfounded""",Philippines,Unspecified Vessel,LOW,0.5400,"12.8797, 121.7740"
2026-05-26T18:00:00Z,PIRACY,OilPrice.com,Gulf Shipping Crisis Fuels New Eurasian Corridors,Unknown,Unspecified Vessel,LOW,0.7670,N/A
2026-05-26T10:00:00Z,TERRITORIAL_VIOLATION,RTE,Call for tougher action on foreign vessels fishing in EEZ,Unspecified Maritime Zone,Unspecified Vessel,LOW,0.9125,N/A
"Wed, 20 May 2026 07:00:00 GMT",ILLEGAL_FISHING,GoogleNews_Kumparan.com,Prabowo: Tiap Malam Puluhan Ribu Kapal Asing Ambil Kekayaan Kita Secara Ilegal - kumparan.com - Kumparan.com,Unknown,Unspecified Vessel,LOW,0.8534,N/A
"Thu, 21 May 2026 07:00:00 GMT",ILLEGAL_FISHING,GoogleNews_PontianakPost,"Patroli Laut Maluku Diperketat, TNI AL Siaga Hadang Pelanggaran Lintas Negara dan Ancaman Kapal Asing Ilegal - PontianakPost",Maluku,Unspecified Vessel,LOW,0.9135,"-3.2385, 130.1453"
"Wed, 20 May 2026 08:55:00 GMT",ILLEGAL_FISHING,GoogleNews_CaraPandang,Prabowo Singgung Puluhan Ribu Kapal Asing Curi Hasil Alam Indonesia Secara Ilegal - CaraPandang,Indonesia,Unspecified Vessel,LOW,0.8425,"-2.5489, 118.0149"
"Wed, 20 May 2026 07:00:00 GMT",ILLEGAL_FISHING,GoogleNews_SINDOnews Ekbis,Prabowo: Puluhan Ribu Kapal Asing Tiap Malam Mengambil Kekayaan RI secara Ilegal - SINDOnews Ekbis,Unknown,Unspecified Vessel,LOW,0.8979,N/A
"Sat, 18 Apr 2026 07:00:00 GMT",ILLEGAL_FISHING,GoogleNews_Batamtoday.com,KKP Tindak Tegas Pelanggaran di Pulau-pulau Kecil dan Kapal Asing Ilegal - Batamtoday.com,Unknown,Unspecified Vessel,LOW,0.8984,N/A
"Thu, 16 Apr 2026 07:00:00 GMT",ILLEGAL_FISHING,GoogleNews_Kompas.com,"KKP Tak Tenggelamkan Kapal Asing Ilegal Seperti Era Susi Pudjiastuti, tapi Diberikan ke Nelayan - Kompas.com",Unknown,Unspecified Vessel,LOW,0.8926,N/A
"Fri, 27 Mar 2026 07:00:00 GMT",ILLEGAL_FISHING,GoogleNews_detikNews,Kapten Kapal Indonesia Dibui karena Tangkap Teripang Ilegal di Australia - detikNews,Indonesia,Unspecified Vessel,LOW,0.8877,"-2.5489, 118.0149"
"Wed, 15 Apr 2026 07:00:00 GMT",ENFORCEMENT,GoogleNews_ANTARA News,"KKP tangkap tiga kapal asing, selamatkan potensi rugi Rp20,2 miliar - ANTARA News",Unknown,Unspecified Vessel,LOW,0.8985,N/A
"Thu, 06 Nov 2025 08:00:00 GMT",ENFORCEMENT,GoogleNews_kkp.go.id,KKP Tangkap Kapal Ikan Asing Berbendera Vietnam di Laut Natuna Utara - kkp.go.id,"Natuna, Vietnam",Unspecified Vessel,LOW,0.9051,"3.9731, 108.2425"
"Thu, 06 Nov 2025 08:00:00 GMT",ENFORCEMENT,GoogleNews_kkp.go.id,KKP Tangkap Kapal Ikan Asing Berbendera Vietnam di Laut Natuna Utara - kkp.go.id,"Natuna, Vietnam",Unspecified Vessel,LOW,0.9051,"3.9731, 108.2425"
"Thu, 02 Apr 2026 07:00:00 GMT",ILLEGAL_FISHING,GoogleNews_Kemenko Polkam R.I.,Kemenko Polkam Dukung Pencegahan Ilegal Fishing Nelayan - Kemenko Polkam R.I.,Unknown,Unspecified Vessel,LOW,0.9222,N/A
"Thu, 06 Nov 2025 08:00:00 GMT",ILLEGAL_FISHING,GoogleNews_ANTARA News,"KKP amankan 41 kapal ""illegal fishing"" di Laut Natuna Utara - ANTARA News",Natuna,Unspecified Vessel,MEDIUM,0.6824,"3.9731, 108.2425"
"Thu, 06 Nov 2025 08:00:00 GMT",ILLEGAL_FISHING,GoogleNews_Emitennews.com,"Sepanjang 2025, KKP Tangkap 255 Kapal Pelaku Illegal Fishing - Emitennews.com",Unknown,Unspecified Vessel,MEDIUM,0.8509,N/A
"Tue, 18 Nov 2025 01:53:43 GMT",ILLEGAL_FISHING,GoogleNews_Kementerian Agama,"Setahun Pemerintahan JokowiJK: Berantas Illegal Fishing, Produksi Ikan Meningkat - Kementerian Agama",Unknown,Unspecified Vessel,MEDIUM,0.7690,N/A
"Sat, 25 Apr 2026 07:00:00 GMT",ILLEGAL_FISHING,GoogleNews_Bicara Indonesia,KKP Manfaatkan Kapal Sitaan Illegal Fishing untuk Nelayan dan Pengawasan - Bicara Indonesia,Indonesia,Unspecified Vessel,MEDIUM,0.6779,"-2.5489, 118.0149"
"Mon, 21 Jul 2025 04:41:11 GMT",ILLEGAL_FISHING,GoogleNews_kkp.go.id,"NELAYAN TERANCAM, LAUT TERLUKA: DAMPAK IUU FISHING BAGI MASYARAKAT DAN EKOSISTEM - kkp.go.id",Unknown,Unspecified Vessel,LOW,0.8164,N/A
"Sun, 05 Apr 2026 07:00:00 GMT",ILLEGAL_FISHING,GoogleNews_National Geographic ,Permasalahan Kompleks di Balik Pencurian Ikan oleh Kapal Indonesia di Perairan Australia - National Geographic Indonesia,"Indonesia, Bali",Unspecified Vessel,LOW,0.9106,"-2.5489, 118.0149"
"Tue, 24 Feb 2026 08:00:00 GMT",TERRITORIAL_VIOLATION,GoogleNews_Indonesiadefense.com,Skenario Tegang di Natuna! TNI AL Hadapi 2 Kapal Perang Asing Kawal Pencuri Ikan - Indonesiadefense.com,"Indonesia, Natuna",Unspecified Vessel,LOW,0.8778,"-2.5489, 118.0149"
"Mon, 23 Dec 2024 08:00:00 GMT",ENFORCEMENT,GoogleNews_kkp.go.id,KKP Tangkap 240 Kapal Pencuri Ikan Sepanjang 2024 - kkp.go.id,Unknown,Unspecified Vessel,LOW,0.8918,N/A
"Fri, 14 Nov 2025 08:00:00 GMT",ILLEGAL_FISHING,GoogleNews_Mongabay.co.id,Sulitnya Memberantas Pencurian Ikan di Natuna - Mongabay.co.id,Natuna,Unspecified Vessel,LOW,0.8901,"3.9731, 108.2425"
"Thu, 06 Nov 2025 08:00:00 GMT",TERRITORIAL_VIOLATION,GoogleNews_ANTARA News,KKP menangkap kapal Vietnam curi ikan di Laut Natuna Utara - ANTARA News,"Natuna, Vietnam",Unspecified Vessel,LOW,0.8950,"3.9731, 108.2425"
"Mon, 17 Apr 2023 07:00:00 GMT",ILLEGAL_FISHING,GoogleNews_Kompas.id,Pencurian Ikan Masih Marak di Laut Natuna Utara - Kompas.id,Natuna,Unspecified Vessel,LOW,0.8910,"3.9731, 108.2425"
"Sun, 20 Apr 2025 07:00:00 GMT",ILLEGAL_FISHING,GoogleNews_Tempo.co,"Pencurian Ikan di Laut Natuna Utara Diprediksi Merugikan Negara Rp 152,8 Miliar - Tempo.co",Natuna,Unspecified Vessel,LOW,0.9057,"3.9731, 108.2425"
"Fri, 07 Nov 2025 08:00:00 GMT",ILLEGAL_FISHING,GoogleNews_SINDOnews Ekbis,Duit Rp522 Triliun Setiap Tahun Hilang Akibat Pencurian Ikan di Laut Indonesia - SINDOnews Ekbis,Indonesia,Unspecified Vessel,LOW,0.9128,"-2.5489, 118.0149"
"Wed, 26 Jun 2024 07:00:00 GMT",ILLEGAL_FISHING,GoogleNews_Kemenko Polkam R.I.,KEMENKO POLHUKAM UPAYAKAN PERBAIKAN PENCEGAHAN DAN PENANGANAN YANG KOMPREHENSIF ATAS PENCURIAN IKAN YANG DILAKUKAN OLEH NELAYAN INDONESIA DI PERAIRAN AUSTRALIA - Kemenko Polkam R.I.,Indonesia,Unspecified Vessel,LOW,0.8049,"-2.5489, 118.0149"
"Thu, 06 Nov 2025 08:00:00 GMT",ILLEGAL_FISHING,GoogleNews_Emitennews.com,"Sepanjang 2025, KKP Tangkap 255 Kapal Pelaku Illegal Fishing - Emitennews.com",Unknown,Unspecified Vessel,MEDIUM,0.8509,N/A
"Fri, 22 May 2026 07:00:00 GMT",ENFORCEMENT,GoogleNews_ANTARA News Yogyakar,Quo Vadis Bakamla RI? - ANTARA News Yogyakarta,Unknown,Unspecified Vessel,LOW,0.9511,N/A
"Sun, 10 Aug 2025 22:33:10 GMT",ENFORCEMENT,GoogleNews_Kompas.id,Bakamla Tangkap Kapal Tanker Iran di Laut Natuna Utara - Kompas.id,Natuna,Tanker,LOW,0.9095,"3.9731, 108.2425"
"Sun, 03 Aug 2025 07:00:00 GMT",ENFORCEMENT,GoogleNews_Tempo.co,Bakamla Tangkap Kapal Penyelundup Bawang Merah di Batam - Tempo.co,Unknown,Unspecified Vessel,LOW,0.8878,N/A
"Sat, 02 Aug 2025 07:00:00 GMT",ILLEGAL_FISHING,GoogleNews_CNN Indonesia,Bakamla Tangkap Kapal Angkut 400 Karung Bawang Merah Ilegal di Kepri - CNN Indonesia,Indonesia,Unspecified Vessel,LOW,0.8813,"-2.5489, 118.0149"
"Thu, 16 Oct 2025 07:00:00 GMT",ENFORCEMENT,GoogleNews_Kompas.com,Bakamla Tangkap Lima Terduga Perompak Batu Bara di Kaltim - Kompas.com,Unknown,Unspecified Vessel,LOW,0.9290,N/A
"Sun, 03 Aug 2025 07:00:00 GMT",ENFORCEMENT,GoogleNews_iNews.ID,Bakamla Tangkap Kapal Penyelundup Bawang Merah dari Batam ke Kuala Tungkal - iNews.ID,Unknown,Unspecified Vessel,LOW,0.8565,N/A
"Thu, 16 Oct 2025 07:00:00 GMT",ENFORCEMENT,GoogleNews_Niaga.Asia,Bakamla RI Tangkap 5 Orang yang Diduga akan Merampok Tongkang Batubara - Niaga.Asia,Unknown,Unspecified Vessel,LOW,0.9177,N/A
"Sun, 13 Aug 2023 07:00:00 GMT",ENFORCEMENT,GoogleNews_detikNews,Bakamla RI Tangkap Kapal Vietnam Curi 5 Ton Ikan di Laut Natuna Utara - detikNews,"Natuna, Vietnam",Unspecified Vessel,LOW,0.9131,"3.9731, 108.2425"
"Fri, 17 Oct 2025 07:00:00 GMT",ENFORCEMENT,GoogleNews_SinPo.id,Bakamla RI Gagalkan Aksi Perompakan Kapal Tugboat di Perairan Kalimantan Timur - SinPo.id,Unknown,Unspecified Vessel,LOW,0.8882,N/A
"Fri, 24 Apr 2026 07:00:00 GMT",ENFORCEMENT,GoogleNews_CNN Indonesia,Kepala Bakamla Buka Suara Soal Wacana Biaya di Selat Malaka - CNN Indonesia,Indonesia,Unspecified Vessel,LOW,0.9021,"-2.5489, 118.0149"
2026-06-03T11:00:34.092556,AIS_ANOMALY,VesselFinder,AIS tracking data collected from VesselFinder,Indonesian Waters,Multiple Vessels Tracked,LOW,0.7500,"-6.2088, 106.8456"
2026-06-03T11:00:25.729960,ILLEGAL_FISHING,GlobalFishingWatch,Suspicious fishing vessel activity detected in Indonesian EEZ,Natuna Sea,Foreign Fishing Vessel,MEDIUM,0.8500,"3.9731, 108.2425"
2026-06-03T11:00:34.113188,CONSERVATION_ISSUE,OpenMeteo_Weather,"Maritime conditions: Wave 0.76m, Wind 0km/h at Java Sea",Java Sea,Weather: 0.76m waves,LOW,0.9000,"-5.5, 110.0"
2026-06-03T11:00:36.981154,CONSERVATION_ISSUE,OpenMeteo_Weather,"Maritime conditions: Wave 0.12m, Wind 0km/h at Natuna Sea",Natuna Sea,Weather: 0.12m waves,LOW,0.9000,"3.97, 108.24"
2026-06-03T11:00:42.086542,CONSERVATION_ISSUE,OpenMeteo_Weather,"Maritime conditions: Wave 0m, Wind 0km/h at Malacca Strait",Malacca Strait,Weather: 0m waves,LOW,0.9000,"2.5, 100.0"
"Wed, 20 May 2026 07:00:00 GMT",ILLEGAL_FISHING,GoogleNews_Kumparan.com,Prabowo: Tiap Malam Puluhan Ribu Kapal Asing Ambil Kekayaan Kita Secara Ilegal - kumparan.com - Kumparan.com,Unknown,Unspecified Vessel,LOW,0.8534,N/A
"Thu, 21 May 2026 07:00:00 GMT",ILLEGAL_FISHING,GoogleNews_PontianakPost,"Patroli Laut Maluku Diperketat, TNI AL Siaga Hadang Pelanggaran Lintas Negara dan Ancaman Kapal Asing Ilegal - PontianakPost",Maluku,Unspecified Vessel,LOW,0.9135,"-3.2385, 130.1453"
"Wed, 20 May 2026 08:55:00 GMT",ILLEGAL_FISHING,GoogleNews_CaraPandang,Prabowo Singgung Puluhan Ribu Kapal Asing Curi Hasil Alam Indonesia Secara Ilegal - CaraPandang,Indonesia,Unspecified Vessel,LOW,0.8425,"-2.5489, 118.0149"
"Wed, 20 May 2026 07:00:00 GMT",ILLEGAL_FISHING,GoogleNews_Kompas.com,Prabowo: Tiap Malam Puluhan Kapal Asing Ambil Kekayaan Kita Secara Ilegal - Kompas.com,Unknown,Unspecified Vessel,LOW,0.8823,N/A
"Wed, 20 May 2026 07:00:00 GMT",ILLEGAL_FISHING,GoogleNews_SINDOnews Ekbis,Prabowo: Puluhan Ribu Kapal Asing Tiap Malam Mengambil Kekayaan RI secara Ilegal - SINDOnews Ekbis,Unknown,Unspecified Vessel,LOW,0.8979,N/A
"Sat, 18 Apr 2026 07:00:00 GMT",ILLEGAL_FISHING,GoogleNews_Batamtoday.com,KKP Tindak Tegas Pelanggaran di Pulau-pulau Kecil dan Kapal Asing Ilegal - Batamtoday.com,Unknown,Unspecified Vessel,LOW,0.8984,N/A
"Fri, 27 Mar 2026 07:00:00 GMT",ILLEGAL_FISHING,GoogleNews_detikNews,Kapten Kapal Indonesia Dibui karena Tangkap Teripang Ilegal di Australia - detikNews,Indonesia,Unspecified Vessel,LOW,0.8877,"-2.5489, 118.0149"
"Wed, 15 Apr 2026 07:00:00 GMT",ENFORCEMENT,GoogleNews_ANTARA News,"KKP tangkap tiga kapal asing, selamatkan potensi rugi Rp20,2 miliar - ANTARA News",Unknown,Unspecified Vessel,LOW,0.8985,N/A
"Thu, 16 Apr 2026 07:00:00 GMT",ILLEGAL_FISHING,GoogleNews_Kompas.com,"KKP Tak Tenggelamkan Kapal Asing Ilegal Seperti Era Susi Pudjiastuti, tapi Diberikan ke Nelayan - Kompas.com",Unknown,Unspecified Vessel,LOW,0.8926,N/A
"Thu, 02 Apr 2026 07:00:00 GMT",ILLEGAL_FISHING,GoogleNews_Kemenko Polkam R.I.,Kemenko Polkam Dukung Pencegahan Ilegal Fishing Nelayan - Kemenko Polkam R.I.,Unknown,Unspecified Vessel,LOW,0.9222,N/A
"Sat, 25 Apr 2026 07:00:00 GMT",ILLEGAL_FISHING,GoogleNews_Bicara Indonesia,KKP Manfaatkan Kapal Sitaan Illegal Fishing untuk Nelayan dan Pengawasan - Bicara Indonesia,Indonesia,Unspecified Vessel,MEDIUM,0.6779,"-2.5489, 118.0149"
"Sun, 05 Apr 2026 07:00:00 GMT",ILLEGAL_FISHING,GoogleNews_National Geographic ,Permasalahan Kompleks di Balik Pencurian Ikan oleh Kapal Indonesia di Perairan Australia - National Geographic Indonesia,"Indonesia, Bali",Unspecified Vessel,LOW,0.9106,"-2.5489, 118.0149"
"Fri, 22 May 2026 07:00:00 GMT",ENFORCEMENT,GoogleNews_ANTARA News Yogyakar,Quo Vadis Bakamla RI? - ANTARA News Yogyakarta,Unknown,Unspecified Vessel,LOW,0.9511,N/A
2026-06-03T11:01:27.608432,AIS_ANOMALY,VesselFinder,AIS tracking data collected from VesselFinder,Indonesian Waters,Multiple Vessels Tracked,LOW,0.7500,"-6.2088, 106.8456"
2026-06-03T11:01:19.816388,ILLEGAL_FISHING,GlobalFishingWatch,Suspicious fishing vessel activity detected in Indonesian EEZ,Natuna Sea,Foreign Fishing Vessel,MEDIUM,0.8500,"3.9731, 108.2425"
2026-06-03T11:01:27.611431,CONSERVATION_ISSUE,OpenMeteo_Weather,"Maritime conditions: Wave 0.76m, Wind 0km/h at Java Sea",Java Sea,Weather: 0.76m waves,LOW,0.9000,"-5.5, 110.0"
2026-06-03T11:01:30.409668,CONSERVATION_ISSUE,OpenMeteo_Weather,"Maritime conditions: Wave 0.12m, Wind 0km/h at Natuna Sea",Natuna Sea,Weather: 0.12m waves,LOW,0.9000,"3.97, 108.24"
2026-06-03T11:01:32.726107,CONSERVATION_ISSUE,OpenMeteo_Weather,"Maritime conditions: Wave 0m, Wind 0km/h at Malacca Strait",Malacca Strait,Weather: 0m waves,LOW,0.9000,"2.5, 100.0"
"Wed, 20 May 2026 07:00:00 GMT",ILLEGAL_FISHING,GoogleNews_Kumparan.com,Prabowo: Tiap Malam Puluhan Ribu Kapal Asing Ambil Kekayaan Kita Secara Ilegal - kumparan.com - Kumparan.com,Unknown,Unspecified Vessel,LOW,0.8534,N/A
"Thu, 21 May 2026 07:00:00 GMT",ILLEGAL_FISHING,GoogleNews_PontianakPost,"Patroli Laut Maluku Diperketat, TNI AL Siaga Hadang Pelanggaran Lintas Negara dan Ancaman Kapal Asing Ilegal - PontianakPost",Maluku,Unspecified Vessel,LOW,0.9135,"-3.2385, 130.1453"
"Wed, 20 May 2026 08:55:00 GMT",ILLEGAL_FISHING,GoogleNews_CaraPandang,Prabowo Singgung Puluhan Ribu Kapal Asing Curi Hasil Alam Indonesia Secara Ilegal - CaraPandang,Indonesia,Unspecified Vessel,LOW,0.8425,"-2.5489, 118.0149"
"Wed, 20 May 2026 07:00:00 GMT",ILLEGAL_FISHING,GoogleNews_SINDOnews Ekbis,Prabowo: Puluhan Ribu Kapal Asing Tiap Malam Mengambil Kekayaan RI secara Ilegal - SINDOnews Ekbis,Unknown,Unspecified Vessel,LOW,0.8979,N/A
"Sat, 18 Apr 2026 07:00:00 GMT",ILLEGAL_FISHING,GoogleNews_Batamtoday.com,KKP Tindak Tegas Pelanggaran di Pulau-pulau Kecil dan Kapal Asing Ilegal - Batamtoday.com,Unknown,Unspecified Vessel,LOW,0.8984,N/A
"Thu, 16 Apr 2026 07:00:00 GMT",ILLEGAL_FISHING,GoogleNews_Kompas.com,"KKP Tak Tenggelamkan Kapal Asing Ilegal Seperti Era Susi Pudjiastuti, tapi Diberikan ke Nelayan - Kompas.com",Unknown,Unspecified Vessel,LOW,0.8926,N/A
"Fri, 27 Mar 2026 07:00:00 GMT",ILLEGAL_FISHING,GoogleNews_detikNews,Kapten Kapal Indonesia Dibui karena Tangkap Teripang Ilegal di Australia - detikNews,Indonesia,Unspecified Vessel,LOW,0.8877,"-2.5489, 118.0149"
"Wed, 15 Apr 2026 07:00:00 GMT",ENFORCEMENT,GoogleNews_ANTARA News,"KKP tangkap tiga kapal asing, selamatkan potensi rugi Rp20,2 miliar - ANTARA News",Unknown,Unspecified Vessel,LOW,0.8985,N/A
"Thu, 02 Apr 2026 07:00:00 GMT",ILLEGAL_FISHING,GoogleNews_Kemenko Polkam R.I.,Kemenko Polkam Dukung Pencegahan Ilegal Fishing Nelayan - Kemenko Polkam R.I.,Unknown,Unspecified Vessel,LOW,0.9222,N/A
"Sat, 25 Apr 2026 07:00:00 GMT",ILLEGAL_FISHING,GoogleNews_Bicara Indonesia,KKP Manfaatkan Kapal Sitaan Illegal Fishing untuk Nelayan dan Pengawasan - Bicara Indonesia,Indonesia,Unspecified Vessel,MEDIUM,0.6779,"-2.5489, 118.0149"
"Sun, 05 Apr 2026 07:00:00 GMT",ILLEGAL_FISHING,GoogleNews_National Geographic ,Permasalahan Kompleks di Balik Pencurian Ikan oleh Kapal Indonesia di Perairan Australia - National Geographic Indonesia,"Indonesia, Bali",Unspecified Vessel,LOW,0.9106,"-2.5489, 118.0149"
"Tue, 24 Feb 2026 08:00:00 GMT",TERRITORIAL_VIOLATION,GoogleNews_Indonesiadefense.com,Skenario Tegang di Natuna! TNI AL Hadapi 2 Kapal Perang Asing Kawal Pencuri Ikan - Indonesiadefense.com,"Indonesia, Natuna",Unspecified Vessel,LOW,0.8778,"-2.5489, 118.0149"
"Fri, 22 May 2026 07:00:00 GMT",ENFORCEMENT,GoogleNews_ANTARA News Yogyakar,Quo Vadis Bakamla RI? - ANTARA News Yogyakarta,Unknown,Unspecified Vessel,LOW,0.9511,N/A
2026-06-03T11:06:42.794257,AIS_ANOMALY,VesselFinder,AIS tracking data collected from VesselFinder,Indonesian Waters,Multiple Vessels Tracked,LOW,0.7500,"-6.2088, 106.8456"
2026-06-03T11:06:35.199672,ILLEGAL_FISHING,GlobalFishingWatch,Suspicious fishing vessel activity detected in Indonesian EEZ,Natuna Sea,Foreign Fishing Vessel,MEDIUM,0.8500,"3.9731, 108.2425"
2026-06-03T11:06:42.797097,CONSERVATION_ISSUE,OpenMeteo_Weather,"Maritime conditions: Wave 0.76m, Wind 0km/h at Java Sea",Java Sea,Weather: 0.76m waves,LOW,0.9000,"-5.5, 110.0"
2026-06-03T11:06:45.257116,CONSERVATION_ISSUE,OpenMeteo_Weather,"Maritime conditions: Wave 0.12m, Wind 0km/h at Natuna Sea",Natuna Sea,Weather: 0.12m waves,LOW,0.9000,"3.97, 108.24"
2026-06-03T11:06:47.813245,CONSERVATION_ISSUE,OpenMeteo_Weather,"Maritime conditions: Wave 0m, Wind 0km/h at Malacca Strait",Malacca Strait,Weather: 0m waves,LOW,0.9000,"2.5, 100.0"
"Wed, 20 May 2026 07:00:00 GMT",ILLEGAL_FISHING,GoogleNews_Kumparan.com,Prabowo: Tiap Malam Puluhan Ribu Kapal Asing Ambil Kekayaan Kita Secara Ilegal - kumparan.com - Kumparan.com,Unknown,Unspecified Vessel,LOW,0.8534,N/A
"Thu, 21 May 2026 07:00:00 GMT",ILLEGAL_FISHING,GoogleNews_PontianakPost,"Patroli Laut Maluku Diperketat, TNI AL Siaga Hadang Pelanggaran Lintas Negara dan Ancaman Kapal Asing Ilegal - PontianakPost",Maluku,Unspecified Vessel,LOW,0.9135,"-3.2385, 130.1453"
"Wed, 20 May 2026 08:55:00 GMT",ILLEGAL_FISHING,GoogleNews_CaraPandang,Prabowo Singgung Puluhan Ribu Kapal Asing Curi Hasil Alam Indonesia Secara Ilegal - CaraPandang,Indonesia,Unspecified Vessel,LOW,0.8425,"-2.5489, 118.0149"
"Wed, 20 May 2026 07:00:00 GMT",ILLEGAL_FISHING,GoogleNews_SINDOnews Ekbis,Prabowo: Puluhan Ribu Kapal Asing Tiap Malam Mengambil Kekayaan RI secara Ilegal - SINDOnews Ekbis,Unknown,Unspecified Vessel,LOW,0.8979,N/A
"Sat, 18 Apr 2026 07:00:00 GMT",ILLEGAL_FISHING,GoogleNews_Batamtoday.com,KKP Tindak Tegas Pelanggaran di Pulau-pulau Kecil dan Kapal Asing Ilegal - Batamtoday.com,Unknown,Unspecified Vessel,LOW,0.8984,N/A
"Thu, 16 Apr 2026 07:00:00 GMT",ILLEGAL_FISHING,GoogleNews_Kompas.com,"KKP Tak Tenggelamkan Kapal Asing Ilegal Seperti Era Susi Pudjiastuti, tapi Diberikan ke Nelayan - Kompas.com",Unknown,Unspecified Vessel,LOW,0.8926,N/A
"Fri, 27 Mar 2026 07:00:00 GMT",ILLEGAL_FISHING,GoogleNews_detikNews,Kapten Kapal Indonesia Dibui karena Tangkap Teripang Ilegal di Australia - detikNews,Indonesia,Unspecified Vessel,LOW,0.8877,"-2.5489, 118.0149"
"Wed, 15 Apr 2026 07:00:00 GMT",ENFORCEMENT,GoogleNews_ANTARA News,"KKP tangkap tiga kapal asing, selamatkan potensi rugi Rp20,2 miliar - ANTARA News",Unknown,Unspecified Vessel,LOW,0.8985,N/A
"Thu, 02 Apr 2026 07:00:00 GMT",ILLEGAL_FISHING,GoogleNews_Kemenko Polkam R.I.,Kemenko Polkam Dukung Pencegahan Ilegal Fishing Nelayan - Kemenko Polkam R.I.,Unknown,Unspecified Vessel,LOW,0.9222,N/A
"Sat, 25 Apr 2026 07:00:00 GMT",ILLEGAL_FISHING,GoogleNews_Bicara Indonesia,KKP Manfaatkan Kapal Sitaan Illegal Fishing untuk Nelayan dan Pengawasan - Bicara Indonesia,Indonesia,Unspecified Vessel,MEDIUM,0.6779,"-2.5489, 118.0149"
"Sun, 05 Apr 2026 07:00:00 GMT",ILLEGAL_FISHING,GoogleNews_National Geographic ,Permasalahan Kompleks di Balik Pencurian Ikan oleh Kapal Indonesia di Perairan Australia - National Geographic Indonesia,"Indonesia, Bali",Unspecified Vessel,LOW,0.9106,"-2.5489, 118.0149"
"Tue, 24 Feb 2026 08:00:00 GMT",TERRITORIAL_VIOLATION,GoogleNews_Indonesiadefense.com,Skenario Tegang di Natuna! TNI AL Hadapi 2 Kapal Perang Asing Kawal Pencuri Ikan - Indonesiadefense.com,"Indonesia, Natuna",Unspecified Vessel,LOW,0.8778,"-2.5489, 118.0149"
"Fri, 22 May 2026 07:00:00 GMT",ENFORCEMENT,GoogleNews_ANTARA News Yogyakar,Quo Vadis Bakamla RI? - ANTARA News Yogyakarta,Unknown,Unspecified Vessel,LOW,0.9511,N/A
2026-06-03T11:11:54.772906,AIS_ANOMALY,VesselFinder,AIS tracking data collected from VesselFinder,Indonesian Waters,Multiple Vessels Tracked,LOW,0.7500,"-6.2088, 106.8456"
2026-06-03T11:11:48.851535,ILLEGAL_FISHING,GlobalFishingWatch,Suspicious fishing vessel activity detected in Indonesian EEZ,Natuna Sea,Foreign Fishing Vessel,MEDIUM,0.8500,"3.9731, 108.2425"
2026-06-03T11:11:54.426697,CONSERVATION_ISSUE,OpenMeteo_Weather,"Maritime conditions: Wave 0.76m, Wind 0km/h at Java Sea",Java Sea,Weather: 0.76m waves,LOW,0.9000,"-5.5, 110.0"
2026-06-03T11:11:56.690591,CONSERVATION_ISSUE,OpenMeteo_Weather,"Maritime conditions: Wave 0.12m, Wind 0km/h at Natuna Sea",Natuna Sea,Weather: 0.12m waves,LOW,0.9000,"3.97, 108.24"
2026-06-03T11:11:58.688491,CONSERVATION_ISSUE,OpenMeteo_Weather,"Maritime conditions: Wave 0m, Wind 0km/h at Malacca Strait",Malacca Strait,Weather: 0m waves,LOW,0.9000,"2.5, 100.0"
2026-06-01T12:00:00Z,AIS_ANOMALY,Globalsecurity.org,"CCG conducts rights-protection law enforcement in waters where Japan, Philippines intend to infringe on China's rights",Philippines,Unspecified Vessel,LOW,0.9151,"12.8797, 121.7740"
2026-05-31T13:44:21Z,ENFORCEMENT,The Times of India,"China conducts patrols near Scarborough Shoal, Philippines dismisses drill assertions as ""unfounded""",Philippines,Unspecified Vessel,LOW,0.5400,"12.8797, 121.7740"
2026-05-26T18:00:00Z,PIRACY,OilPrice.com,Gulf Shipping Crisis Fuels New Eurasian Corridors,Unknown,Unspecified Vessel,LOW,0.7670,N/A
2026-05-26T10:00:00Z,TERRITORIAL_VIOLATION,RTE,Call for tougher action on foreign vessels fishing in EEZ,Unspecified Maritime Zone,Unspecified Vessel,LOW,0.9125,N/A
"Wed, 20 May 2026 07:00:00 GMT",ILLEGAL_FISHING,GoogleNews_Kumparan.com,Prabowo: Tiap Malam Puluhan Ribu Kapal Asing Ambil Kekayaan Kita Secara Ilegal - kumparan.com - Kumparan.com,Unknown,Unspecified Vessel,LOW,0.8534,N/A
"Thu, 21 May 2026 07:00:00 GMT",ILLEGAL_FISHING,GoogleNews_PontianakPost,"Patroli Laut Maluku Diperketat, TNI AL Siaga Hadang Pelanggaran Lintas Negara dan Ancaman Kapal Asing Ilegal - PontianakPost",Maluku,Unspecified Vessel,LOW,0.9135,"-3.2385, 130.1453"
"Wed, 20 May 2026 08:55:00 GMT",ILLEGAL_FISHING,GoogleNews_CaraPandang,Prabowo Singgung Puluhan Ribu Kapal Asing Curi Hasil Alam Indonesia Secara Ilegal - CaraPandang,Indonesia,Unspecified Vessel,LOW,0.8425,"-2.5489, 118.0149"
"Wed, 20 May 2026 07:00:00 GMT",ILLEGAL_FISHING,GoogleNews_SINDOnews Ekbis,Prabowo: Puluhan Ribu Kapal Asing Tiap Malam Mengambil Kekayaan RI secara Ilegal - SINDOnews Ekbis,Unknown,Unspecified Vessel,LOW,0.8979,N/A
"Sat, 18 Apr 2026 07:00:00 GMT",ILLEGAL_FISHING,GoogleNews_Batamtoday.com,KKP Tindak Tegas Pelanggaran di Pulau-pulau Kecil dan Kapal Asing Ilegal - Batamtoday.com,Unknown,Unspecified Vessel,LOW,0.8984,N/A
"Fri, 08 May 2026 07:00:00 GMT",TERRITORIAL_VIOLATION,GoogleNews_RiauPagi.com,"Nasib Nelayan Natuna Hari Ini Masih Terhimpit Kapal Asing, 'Terkadang Bisa Terusir dari Laut Sendiri' - RiauPagi.com","Natuna, Riau",Unspecified Vessel,LOW,0.9162,"3.9731, 108.2425"
"Thu, 16 Apr 2026 07:00:00 GMT",ILLEGAL_FISHING,GoogleNews_Kompas.com,"KKP Tak Tenggelamkan Kapal Asing Ilegal Seperti Era Susi Pudjiastuti, tapi Diberikan ke Nelayan - Kompas.com",Unknown,Unspecified Vessel,LOW,0.8926,N/A
"Fri, 27 Mar 2026 07:00:00 GMT",ILLEGAL_FISHING,GoogleNews_detikNews,Kapten Kapal Indonesia Dibui karena Tangkap Teripang Ilegal di Australia - detikNews,Indonesia,Unspecified Vessel,LOW,0.8877,"-2.5489, 118.0149"
"Wed, 15 Apr 2026 07:00:00 GMT",ENFORCEMENT,GoogleNews_ANTARA News,"KKP tangkap tiga kapal asing, selamatkan potensi rugi Rp20,2 miliar - ANTARA News",Unknown,Unspecified Vessel,LOW,0.8985,N/A
"Thu, 06 Nov 2025 08:00:00 GMT",ENFORCEMENT,GoogleNews_kkp.go.id,KKP Tangkap Kapal Ikan Asing Berbendera Vietnam di Laut Natuna Utara - kkp.go.id,"Natuna, Vietnam",Unspecified Vessel,LOW,0.9051,"3.9731, 108.2425"
"Thu, 06 Nov 2025 08:00:00 GMT",ENFORCEMENT,GoogleNews_kkp.go.id,KKP Tangkap Kapal Ikan Asing Berbendera Vietnam di Laut Natuna Utara - kkp.go.id,"Natuna, Vietnam",Unspecified Vessel,LOW,0.9051,"3.9731, 108.2425"
"Thu, 02 Apr 2026 07:00:00 GMT",ILLEGAL_FISHING,GoogleNews_Kemenko Polkam R.I.,Kemenko Polkam Dukung Pencegahan Ilegal Fishing Nelayan - Kemenko Polkam R.I.,Unknown,Unspecified Vessel,LOW,0.9222,N/A
"Thu, 06 Nov 2025 08:00:00 GMT",ILLEGAL_FISHING,GoogleNews_ANTARA News Bengkulu,"KKP amankan 41 kapal ""illegal fishing"" di Laut Natuna Utara - ANTARA News Bengkulu",Natuna,Unspecified Vessel,MEDIUM,0.6423,"3.9731, 108.2425"
"Thu, 06 Nov 2025 08:00:00 GMT",ILLEGAL_FISHING,GoogleNews_Emitennews.com,"Sepanjang 2025, KKP Tangkap 255 Kapal Pelaku Illegal Fishing - Emitennews.com",Unknown,Unspecified Vessel,MEDIUM,0.8509,N/A
"Tue, 18 Nov 2025 01:53:43 GMT",ILLEGAL_FISHING,GoogleNews_Kementerian Agama,"Setahun Pemerintahan JokowiJK: Berantas Illegal Fishing, Produksi Ikan Meningkat - Kementerian Agama",Unknown,Unspecified Vessel,MEDIUM,0.7690,N/A
"Sat, 25 Apr 2026 07:00:00 GMT",ILLEGAL_FISHING,GoogleNews_Bicara Indonesia,KKP Manfaatkan Kapal Sitaan Illegal Fishing untuk Nelayan dan Pengawasan - Bicara Indonesia,Indonesia,Unspecified Vessel,MEDIUM,0.6779,"-2.5489, 118.0149"
"Mon, 21 Jul 2025 04:41:11 GMT",ILLEGAL_FISHING,GoogleNews_kkp.go.id,"NELAYAN TERANCAM, LAUT TERLUKA: DAMPAK IUU FISHING BAGI MASYARAKAT DAN EKOSISTEM - kkp.go.id",Unknown,Unspecified Vessel,LOW,0.8164,N/A
"Sun, 05 Apr 2026 07:00:00 GMT",ILLEGAL_FISHING,GoogleNews_National Geographic ,Permasalahan Kompleks di Balik Pencurian Ikan oleh Kapal Indonesia di Perairan Australia - National Geographic Indonesia,"Indonesia, Bali",Unspecified Vessel,LOW,0.9106,"-2.5489, 118.0149"
"Tue, 24 Feb 2026 08:00:00 GMT",TERRITORIAL_VIOLATION,GoogleNews_Indonesiadefense.com,Skenario Tegang di Natuna! TNI AL Hadapi 2 Kapal Perang Asing Kawal Pencuri Ikan - Indonesiadefense.com,"Indonesia, Natuna",Unspecified Vessel,LOW,0.8778,"-2.5489, 118.0149"
"Mon, 23 Dec 2024 08:00:00 GMT",ENFORCEMENT,GoogleNews_kkp.go.id,KKP Tangkap 240 Kapal Pencuri Ikan Sepanjang 2024 - kkp.go.id,Unknown,Unspecified Vessel,LOW,0.8918,N/A
"Fri, 14 Nov 2025 08:00:00 GMT",ILLEGAL_FISHING,GoogleNews_Mongabay.co.id,Sulitnya Memberantas Pencurian Ikan di Natuna - Mongabay.co.id,Natuna,Unspecified Vessel,LOW,0.8901,"3.9731, 108.2425"
"Thu, 06 Nov 2025 08:00:00 GMT",TERRITORIAL_VIOLATION,GoogleNews_ANTARA News,KKP menangkap kapal Vietnam curi ikan di Laut Natuna Utara - ANTARA News,"Natuna, Vietnam",Unspecified Vessel,LOW,0.8950,"3.9731, 108.2425"
"Mon, 17 Apr 2023 07:00:00 GMT",ILLEGAL_FISHING,GoogleNews_Kompas.id,Pencurian Ikan Masih Marak di Laut Natuna Utara - Kompas.id,Natuna,Unspecified Vessel,LOW,0.8910,"3.9731, 108.2425"
"Sun, 20 Apr 2025 07:00:00 GMT",ILLEGAL_FISHING,GoogleNews_Tempo.co,"Pencurian Ikan di Laut Natuna Utara Diprediksi Merugikan Negara Rp 152,8 Miliar - Tempo.co",Natuna,Unspecified Vessel,LOW,0.9057,"3.9731, 108.2425"
"Fri, 07 Nov 2025 08:00:00 GMT",ILLEGAL_FISHING,GoogleNews_SINDOnews Ekbis,Duit Rp522 Triliun Setiap Tahun Hilang Akibat Pencurian Ikan di Laut Indonesia - SINDOnews Ekbis,Indonesia,Unspecified Vessel,LOW,0.9128,"-2.5489, 118.0149"
"Wed, 26 Jun 2024 07:00:00 GMT",ILLEGAL_FISHING,GoogleNews_Kemenko Polkam R.I.,KEMENKO POLHUKAM UPAYAKAN PERBAIKAN PENCEGAHAN DAN PENANGANAN YANG KOMPREHENSIF ATAS PENCURIAN IKAN YANG DILAKUKAN OLEH NELAYAN INDONESIA DI PERAIRAN AUSTRALIA - Kemenko Polkam R.I.,Indonesia,Unspecified Vessel,LOW,0.8049,"-2.5489, 118.0149"
"Thu, 06 Nov 2025 08:00:00 GMT",ILLEGAL_FISHING,GoogleNews_Emitennews.com,"Sepanjang 2025, KKP Tangkap 255 Kapal Pelaku Illegal Fishing - Emitennews.com",Unknown,Unspecified Vessel,MEDIUM,0.8509,N/A
"Fri, 22 May 2026 07:00:00 GMT",ENFORCEMENT,GoogleNews_ANTARA News Yogyakar,Quo Vadis Bakamla RI? - ANTARA News Yogyakarta,Unknown,Unspecified Vessel,LOW,0.9511,N/A
"Sun, 10 Aug 2025 22:33:10 GMT",ENFORCEMENT,GoogleNews_Kompas.id,Bakamla Tangkap Kapal Tanker Iran di Laut Natuna Utara - Kompas.id,Natuna,Tanker,LOW,0.9095,"3.9731, 108.2425"
"Sun, 03 Aug 2025 07:00:00 GMT",ENFORCEMENT,GoogleNews_Tempo.co,Bakamla Tangkap Kapal Penyelundup Bawang Merah di Batam - Tempo.co,Unknown,Unspecified Vessel,LOW,0.8878,N/A
"Sat, 02 Aug 2025 07:00:00 GMT",ILLEGAL_FISHING,GoogleNews_CNN Indonesia,Bakamla Tangkap Kapal Angkut 400 Karung Bawang Merah Ilegal di Kepri - CNN Indonesia,Indonesia,Unspecified Vessel,LOW,0.8813,"-2.5489, 118.0149"
"Thu, 16 Oct 2025 07:00:00 GMT",ENFORCEMENT,GoogleNews_Kompas.com,Bakamla Tangkap Lima Terduga Perompak Batu Bara di Kaltim - Kompas.com,Unknown,Unspecified Vessel,LOW,0.9290,N/A
"Sun, 03 Aug 2025 07:00:00 GMT",ENFORCEMENT,GoogleNews_iNews.ID,Bakamla Tangkap Kapal Penyelundup Bawang Merah dari Batam ke Kuala Tungkal - iNews.ID,Unknown,Unspecified Vessel,LOW,0.8565,N/A
"Thu, 16 Oct 2025 07:00:00 GMT",ENFORCEMENT,GoogleNews_Niaga.Asia,Bakamla RI Tangkap 5 Orang yang Diduga akan Merampok Tongkang Batubara - Niaga.Asia,Unknown,Unspecified Vessel,LOW,0.9177,N/A
"Sun, 13 Aug 2023 07:00:00 GMT",ENFORCEMENT,GoogleNews_detikNews,Bakamla RI Tangkap Kapal Vietnam Curi 5 Ton Ikan di Laut Natuna Utara - detikNews,"Natuna, Vietnam",Unspecified Vessel,LOW,0.9131,"3.9731, 108.2425"
"Fri, 17 Oct 2025 07:00:00 GMT",ENFORCEMENT,GoogleNews_SinPo.id,Bakamla RI Gagalkan Aksi Perompakan Kapal Tugboat di Perairan Kalimantan Timur - SinPo.id,Unknown,Unspecified Vessel,LOW,0.8882,N/A
"Thu, 13 Jul 2023 07:00:00 GMT",ILLEGAL_FISHING,GoogleNews_Voice of America Ind,Indonesia Sita Kapal Tanker Iran atas Dugaan Transfer Minyak Ilegal Dekat Perairan Natuna - Voice of America Indonesia,"Indonesia, Natuna",Tanker,LOW,0.9250,"-2.5489, 118.0149"
2026-06-03T11:15:52.778495,AIS_ANOMALY,VesselFinder,AIS tracking data collected from VesselFinder,Indonesian Waters,Multiple Vessels Tracked,LOW,0.7500,"-6.2088, 106.8456"
2026-06-03T11:15:46.839262,ILLEGAL_FISHING,GlobalFishingWatch,Suspicious fishing vessel activity detected in Indonesian EEZ,Natuna Sea,Foreign Fishing Vessel,MEDIUM,0.8500,"3.9731, 108.2425"
2026-06-03T11:15:52.781493,CONSERVATION_ISSUE,OpenMeteo_Weather,"Maritime conditions: Wave 0.76m, Wind 0km/h at Java Sea",Java Sea,Weather: 0.76m waves,LOW,0.9000,"-5.5, 110.0"
2026-06-03T11:15:57.442198,CONSERVATION_ISSUE,OpenMeteo_Weather,"Maritime conditions: Wave 0.12m, Wind 0km/h at Natuna Sea",Natuna Sea,Weather: 0.12m waves,LOW,0.9000,"3.97, 108.24"
2026-06-03T11:16:01.720491,CONSERVATION_ISSUE,OpenMeteo_Weather,"Maritime conditions: Wave 0m, Wind 0km/h at Malacca Strait",Malacca Strait,Weather: 0m waves,LOW,0.9000,"2.5, 100.0"
"Wed, 20 May 2026 07:00:00 GMT",ILLEGAL_FISHING,GoogleNews_Kumparan.com,Prabowo: Tiap Malam Puluhan Ribu Kapal Asing Ambil Kekayaan Kita Secara Ilegal - kumparan.com - Kumparan.com,Unknown,Unspecified Vessel,LOW,0.8534,N/A
"Thu, 21 May 2026 07:00:00 GMT",ILLEGAL_FISHING,GoogleNews_PontianakPost,"Patroli Laut Maluku Diperketat, TNI AL Siaga Hadang Pelanggaran Lintas Negara dan Ancaman Kapal Asing Ilegal - PontianakPost",Maluku,Unspecified Vessel,LOW,0.9135,"-3.2385, 130.1453"
"Wed, 20 May 2026 08:55:00 GMT",ILLEGAL_FISHING,GoogleNews_CaraPandang,Prabowo Singgung Puluhan Ribu Kapal Asing Curi Hasil Alam Indonesia Secara Ilegal - CaraPandang,Indonesia,Unspecified Vessel,LOW,0.8425,"-2.5489, 118.0149"
"Wed, 20 May 2026 07:00:00 GMT",ILLEGAL_FISHING,GoogleNews_SINDOnews Ekbis,Prabowo: Puluhan Ribu Kapal Asing Tiap Malam Mengambil Kekayaan RI secara Ilegal - SINDOnews Ekbis,Unknown,Unspecified Vessel,LOW,0.8979,N/A
"Sat, 18 Apr 2026 07:00:00 GMT",ILLEGAL_FISHING,GoogleNews_Batamtoday.com,KKP Tindak Tegas Pelanggaran di Pulau-pulau Kecil dan Kapal Asing Ilegal - Batamtoday.com,Unknown,Unspecified Vessel,LOW,0.8984,N/A
"Fri, 08 May 2026 07:00:00 GMT",TERRITORIAL_VIOLATION,GoogleNews_RiauPagi.com,"Nasib Nelayan Natuna Hari Ini Masih Terhimpit Kapal Asing, 'Terkadang Bisa Terusir dari Laut Sendiri' - RiauPagi.com","Natuna, Riau",Unspecified Vessel,LOW,0.9162,"3.9731, 108.2425"
"Thu, 16 Apr 2026 07:00:00 GMT",ILLEGAL_FISHING,GoogleNews_Kompas.com,"KKP Tak Tenggelamkan Kapal Asing Ilegal Seperti Era Susi Pudjiastuti, tapi Diberikan ke Nelayan - Kompas.com",Unknown,Unspecified Vessel,LOW,0.8926,N/A
"Fri, 27 Mar 2026 07:00:00 GMT",ILLEGAL_FISHING,GoogleNews_detikNews,Kapten Kapal Indonesia Dibui karena Tangkap Teripang Ilegal di Australia - detikNews,Indonesia,Unspecified Vessel,LOW,0.8877,"-2.5489, 118.0149"
"Wed, 15 Apr 2026 07:00:00 GMT",ENFORCEMENT,GoogleNews_ANTARA News,"KKP tangkap tiga kapal asing, selamatkan potensi rugi Rp20,2 miliar - ANTARA News",Unknown,Unspecified Vessel,LOW,0.8985,N/A
"Thu, 02 Apr 2026 07:00:00 GMT",ILLEGAL_FISHING,GoogleNews_Kemenko Polkam R.I.,Kemenko Polkam Dukung Pencegahan Ilegal Fishing Nelayan - Kemenko Polkam R.I.,Unknown,Unspecified Vessel,LOW,0.9222,N/A
"Sat, 25 Apr 2026 07:00:00 GMT",ILLEGAL_FISHING,GoogleNews_Bicara Indonesia,KKP Manfaatkan Kapal Sitaan Illegal Fishing untuk Nelayan dan Pengawasan - Bicara Indonesia,Indonesia,Unspecified Vessel,MEDIUM,0.6779,"-2.5489, 118.0149"
"Sun, 05 Apr 2026 07:00:00 GMT",ILLEGAL_FISHING,GoogleNews_National Geographic ,Permasalahan Kompleks di Balik Pencurian Ikan oleh Kapal Indonesia di Perairan Australia - National Geographic Indonesia,"Indonesia, Bali",Unspecified Vessel,LOW,0.9106,"-2.5489, 118.0149"
"Tue, 24 Feb 2026 08:00:00 GMT",TERRITORIAL_VIOLATION,GoogleNews_Indonesiadefense.com,Skenario Tegang di Natuna! TNI AL Hadapi 2 Kapal Perang Asing Kawal Pencuri Ikan - Indonesiadefense.com,"Indonesia, Natuna",Unspecified Vessel,LOW,0.8778,"-2.5489, 118.0149"
"Fri, 22 May 2026 07:00:00 GMT",ENFORCEMENT,GoogleNews_ANTARA News Yogyakar,Quo Vadis Bakamla RI? - ANTARA News Yogyakarta,Unknown,Unspecified Vessel,LOW,0.9511,N/A
2026-06-03T11:17:06.351740,AIS_ANOMALY,VesselFinder,AIS tracking data collected from VesselFinder,Indonesian Waters,Multiple Vessels Tracked,LOW,0.7500,"-6.2088, 106.8456"
2026-06-03T11:17:00.255416,ILLEGAL_FISHING,GlobalFishingWatch,Suspicious fishing vessel activity detected in Indonesian EEZ,Natuna Sea,Foreign Fishing Vessel,MEDIUM,0.8500,"3.9731, 108.2425"
2026-06-03T11:17:06.546112,CONSERVATION_ISSUE,OpenMeteo_Weather,"Maritime conditions: Wave 0.76m, Wind 0km/h at Java Sea",Java Sea,Weather: 0.76m waves,LOW,0.9000,"-5.5, 110.0"
2026-06-03T11:17:09.470449,CONSERVATION_ISSUE,OpenMeteo_Weather,"Maritime conditions: Wave 0.12m, Wind 0km/h at Natuna Sea",Natuna Sea,Weather: 0.12m waves,LOW,0.9000,"3.97, 108.24"
2026-06-03T11:17:11.327347,CONSERVATION_ISSUE,OpenMeteo_Weather,"Maritime conditions: Wave 0m, Wind 0km/h at Malacca Strait",Malacca Strait,Weather: 0m waves,LOW,0.9000,"2.5, 100.0"
"Wed, 20 May 2026 07:00:00 GMT",ILLEGAL_FISHING,GoogleNews_Kumparan.com,Prabowo: Tiap Malam Puluhan Ribu Kapal Asing Ambil Kekayaan Kita Secara Ilegal - kumparan.com - Kumparan.com,Unknown,Unspecified Vessel,LOW,0.8534,N/A
"Thu, 21 May 2026 07:00:00 GMT",ILLEGAL_FISHING,GoogleNews_PontianakPost,"Patroli Laut Maluku Diperketat, TNI AL Siaga Hadang Pelanggaran Lintas Negara dan Ancaman Kapal Asing Ilegal - PontianakPost",Maluku,Unspecified Vessel,LOW,0.9135,"-3.2385, 130.1453"
"Wed, 20 May 2026 08:55:00 GMT",ILLEGAL_FISHING,GoogleNews_CaraPandang,Prabowo Singgung Puluhan Ribu Kapal Asing Curi Hasil Alam Indonesia Secara Ilegal - CaraPandang,Indonesia,Unspecified Vessel,LOW,0.8425,"-2.5489, 118.0149"
"Wed, 20 May 2026 07:00:00 GMT",ILLEGAL_FISHING,GoogleNews_SINDOnews Ekbis,Prabowo: Puluhan Ribu Kapal Asing Tiap Malam Mengambil Kekayaan RI secara Ilegal - SINDOnews Ekbis,Unknown,Unspecified Vessel,LOW,0.8979,N/A
"Sat, 18 Apr 2026 07:00:00 GMT",ILLEGAL_FISHING,GoogleNews_Batamtoday.com,KKP Tindak Tegas Pelanggaran di Pulau-pulau Kecil dan Kapal Asing Ilegal - Batamtoday.com,Unknown,Unspecified Vessel,LOW,0.8984,N/A
"Thu, 16 Apr 2026 07:00:00 GMT",ILLEGAL_FISHING,GoogleNews_Kompas.com,"KKP Tak Tenggelamkan Kapal Asing Ilegal Seperti Era Susi Pudjiastuti, tapi Diberikan ke Nelayan - Kompas.com",Unknown,Unspecified Vessel,LOW,0.8926,N/A
"Fri, 27 Mar 2026 07:00:00 GMT",ILLEGAL_FISHING,GoogleNews_detikNews,Kapten Kapal Indonesia Dibui karena Tangkap Teripang Ilegal di Australia - detikNews,Indonesia,Unspecified Vessel,LOW,0.8877,"-2.5489, 118.0149"
"Wed, 15 Apr 2026 07:00:00 GMT",ENFORCEMENT,GoogleNews_ANTARA News,"KKP tangkap tiga kapal asing, selamatkan potensi rugi Rp20,2 miliar - ANTARA News",Unknown,Unspecified Vessel,LOW,0.8985,N/A
"Thu, 02 Apr 2026 07:00:00 GMT",ILLEGAL_FISHING,GoogleNews_Kemenko Polkam R.I.,Kemenko Polkam Dukung Pencegahan Ilegal Fishing Nelayan - Kemenko Polkam R.I.,Unknown,Unspecified Vessel,LOW,0.9222,N/A
"Sat, 25 Apr 2026 07:00:00 GMT",ILLEGAL_FISHING,GoogleNews_Bicara Indonesia,KKP Manfaatkan Kapal Sitaan Illegal Fishing untuk Nelayan dan Pengawasan - Bicara Indonesia,Indonesia,Unspecified Vessel,MEDIUM,0.6779,"-2.5489, 118.0149"
"Sun, 05 Apr 2026 07:00:00 GMT",ILLEGAL_FISHING,GoogleNews_National Geographic ,Permasalahan Kompleks di Balik Pencurian Ikan oleh Kapal Indonesia di Perairan Australia - National Geographic Indonesia,"Indonesia, Bali",Unspecified Vessel,LOW,0.9106,"-2.5489, 118.0149"
"Tue, 24 Feb 2026 08:00:00 GMT",TERRITORIAL_VIOLATION,GoogleNews_Indonesiadefense.com,Skenario Tegang di Natuna! TNI AL Hadapi 2 Kapal Perang Asing Kawal Pencuri Ikan - Indonesiadefense.com,"Indonesia, Natuna",Unspecified Vessel,LOW,0.8778,"-2.5489, 118.0149"
"Fri, 22 May 2026 07:00:00 GMT",ENFORCEMENT,GoogleNews_ANTARA News Yogyakar,Quo Vadis Bakamla RI? - ANTARA News Yogyakarta,Unknown,Unspecified Vessel,LOW,0.9511,N/A
2026-06-03T11:22:12.909516,AIS_ANOMALY,VesselFinder,AIS tracking data collected from VesselFinder,Indonesian Waters,Multiple Vessels Tracked,LOW,0.7500,"-6.2088, 106.8456"
2026-06-03T11:22:11.451127,ILLEGAL_FISHING,GlobalFishingWatch,Suspicious fishing vessel activity detected in Indonesian EEZ,Natuna Sea,Foreign Fishing Vessel,MEDIUM,0.8500,"3.9731, 108.2425"
2026-06-03T11:22:12.808501,CONSERVATION_ISSUE,OpenMeteo_Weather,"Maritime conditions: Wave 0.76m, Wind 0km/h at Java Sea",Java Sea,Weather: 0.76m waves,LOW,0.9000,"-5.5, 110.0"
2026-06-03T11:22:13.952847,CONSERVATION_ISSUE,OpenMeteo_Weather,"Maritime conditions: Wave 0.12m, Wind 0km/h at Natuna Sea",Natuna Sea,Weather: 0.12m waves,LOW,0.9000,"3.97, 108.24"
2026-06-03T11:22:15.158694,CONSERVATION_ISSUE,OpenMeteo_Weather,"Maritime conditions: Wave 0m, Wind 0km/h at Malacca Strait",Malacca Strait,Weather: 0m waves,LOW,0.9000,"2.5, 100.0"
2026-06-03T11:23:01.227020,ILLEGAL_FISHING,GlobalFishingWatch,Suspicious fishing vessel activity detected in Indonesian EEZ,Natuna Sea,Foreign Fishing Vessel,MEDIUM,0.8500,"3.9731, 108.2425"
2026-06-03T11:23:03.429270,CONSERVATION_ISSUE,OpenMeteo_Weather,"Maritime conditions: Wave 0.76m, Wind 0km/h at Java Sea",Java Sea,Weather: 0.76m waves,LOW,0.9000,"-5.5, 110.0"
2026-06-03T11:23:04.479256,CONSERVATION_ISSUE,OpenMeteo_Weather,"Maritime conditions: Wave 0.12m, Wind 0km/h at Natuna Sea",Natuna Sea,Weather: 0.12m waves,LOW,0.9000,"3.97, 108.24"
2026-06-03T11:23:05.384461,CONSERVATION_ISSUE,OpenMeteo_Weather,"Maritime conditions: Wave 0m, Wind 0km/h at Malacca Strait",Malacca Strait,Weather: 0m waves,LOW,0.9000,"2.5, 100.0"
"Wed, 20 May 2026 07:00:00 GMT",ILLEGAL_FISHING,GoogleNews_Kumparan.com,Prabowo: Tiap Malam Puluhan Ribu Kapal Asing Ambil Kekayaan Kita Secara Ilegal - kumparan.com - Kumparan.com,Unknown,Unspecified Vessel,LOW,0.8534,N/A
"Thu, 21 May 2026 07:00:00 GMT",ILLEGAL_FISHING,GoogleNews_PontianakPost,"Patroli Laut Maluku Diperketat, TNI AL Siaga Hadang Pelanggaran Lintas Negara dan Ancaman Kapal Asing Ilegal - PontianakPost",Maluku,Unspecified Vessel,LOW,0.9135,"-3.2385, 130.1453"
"Wed, 20 May 2026 08:55:00 GMT",ILLEGAL_FISHING,GoogleNews_CaraPandang,Prabowo Singgung Puluhan Ribu Kapal Asing Curi Hasil Alam Indonesia Secara Ilegal - CaraPandang,Indonesia,Unspecified Vessel,LOW,0.8425,"-2.5489, 118.0149"
"Wed, 20 May 2026 07:00:00 GMT",ILLEGAL_FISHING,GoogleNews_SINDOnews Ekbis,Prabowo: Puluhan Ribu Kapal Asing Tiap Malam Mengambil Kekayaan RI secara Ilegal - SINDOnews Ekbis,Unknown,Unspecified Vessel,LOW,0.8979,N/A
"Sat, 18 Apr 2026 07:00:00 GMT",ILLEGAL_FISHING,GoogleNews_Batamtoday.com,KKP Tindak Tegas Pelanggaran di Pulau-pulau Kecil dan Kapal Asing Ilegal - Batamtoday.com,Unknown,Unspecified Vessel,LOW,0.8984,N/A
"Thu, 16 Apr 2026 07:00:00 GMT",ILLEGAL_FISHING,GoogleNews_Kompas.com,"KKP Tak Tenggelamkan Kapal Asing Ilegal Seperti Era Susi Pudjiastuti, tapi Diberikan ke Nelayan - Kompas.com",Unknown,Unspecified Vessel,LOW,0.8926,N/A
"Fri, 27 Mar 2026 07:00:00 GMT",ILLEGAL_FISHING,GoogleNews_detikNews,Kapten Kapal Indonesia Dibui karena Tangkap Teripang Ilegal di Australia - detikNews,Indonesia,Unspecified Vessel,LOW,0.8877,"-2.5489, 118.0149"
"Wed, 15 Apr 2026 07:00:00 GMT",ENFORCEMENT,GoogleNews_ANTARA News,"KKP tangkap tiga kapal asing, selamatkan potensi rugi Rp20,2 miliar - ANTARA News",Unknown,Unspecified Vessel,LOW,0.8985,N/A
"Thu, 02 Apr 2026 07:00:00 GMT",ILLEGAL_FISHING,GoogleNews_Kemenko Polkam R.I.,Kemenko Polkam Dukung Pencegahan Ilegal Fishing Nelayan - Kemenko Polkam R.I.,Unknown,Unspecified Vessel,LOW,0.9222,N/A
"Sat, 25 Apr 2026 07:00:00 GMT",ILLEGAL_FISHING,GoogleNews_Bicara Indonesia,KKP Manfaatkan Kapal Sitaan Illegal Fishing untuk Nelayan dan Pengawasan - Bicara Indonesia,Indonesia,Unspecified Vessel,MEDIUM,0.6779,"-2.5489, 118.0149"
"Sun, 05 Apr 2026 07:00:00 GMT",ILLEGAL_FISHING,GoogleNews_National Geographic ,Permasalahan Kompleks di Balik Pencurian Ikan oleh Kapal Indonesia di Perairan Australia - National Geographic Indonesia,"Indonesia, Bali",Unspecified Vessel,LOW,0.9106,"-2.5489, 118.0149"
"Tue, 24 Feb 2026 08:00:00 GMT",TERRITORIAL_VIOLATION,GoogleNews_Indonesiadefense.com,Skenario Tegang di Natuna! TNI AL Hadapi 2 Kapal Perang Asing Kawal Pencuri Ikan - Indonesiadefense.com,"Indonesia, Natuna",Unspecified Vessel,LOW,0.8778,"-2.5489, 118.0149"
"Fri, 22 May 2026 07:00:00 GMT",ENFORCEMENT,GoogleNews_ANTARA News Yogyakar,Quo Vadis Bakamla RI? - ANTARA News Yogyakarta,Unknown,Unspecified Vessel,LOW,0.9511,N/A
2026-06-03T11:23:04.389955,AIS_ANOMALY,VesselFinder,AIS tracking data collected from VesselFinder,Indonesian Waters,Multiple Vessels Tracked,LOW,0.7500,"-6.2088, 106.8456"
2026-06-03T11:23:35.402311,ILLEGAL_FISHING,GlobalFishingWatch,Suspicious fishing vessel activity detected in Indonesian EEZ,Natuna Sea,Foreign Fishing Vessel,MEDIUM,0.8500,"3.9731, 108.2425"
2026-06-03T11:23:36.362691,CONSERVATION_ISSUE,OpenMeteo_Weather,"Maritime conditions: Wave 0.76m, Wind 0km/h at Java Sea",Java Sea,Weather: 0.76m waves,LOW,0.9000,"-5.5, 110.0"
2026-06-03T11:23:37.254787,CONSERVATION_ISSUE,OpenMeteo_Weather,"Maritime conditions: Wave 0.12m, Wind 0km/h at Natuna Sea",Natuna Sea,Weather: 0.12m waves,LOW,0.9000,"3.97, 108.24"
2026-06-03T11:23:38.154051,CONSERVATION_ISSUE,OpenMeteo_Weather,"Maritime conditions: Wave 0m, Wind 0km/h at Malacca Strait",Malacca Strait,Weather: 0m waves,LOW,0.9000,"2.5, 100.0"
2026-06-03T11:24:07.471428,ILLEGAL_FISHING,GlobalFishingWatch,Suspicious fishing vessel activity detected in Indonesian EEZ,Natuna Sea,Foreign Fishing Vessel,MEDIUM,0.8500,"3.9731, 108.2425"
2026-06-03T11:24:09.633725,CONSERVATION_ISSUE,OpenMeteo_Weather,"Maritime conditions: Wave 0.76m, Wind 0km/h at Java Sea",Java Sea,Weather: 0.76m waves,LOW,0.9000,"-5.5, 110.0"
2026-06-03T11:24:10.790547,CONSERVATION_ISSUE,OpenMeteo_Weather,"Maritime conditions: Wave 0.12m, Wind 0km/h at Natuna Sea",Natuna Sea,Weather: 0.12m waves,LOW,0.9000,"3.97, 108.24"
2026-06-03T11:24:12.513105,CONSERVATION_ISSUE,OpenMeteo_Weather,"Maritime conditions: Wave 0m, Wind 0km/h at Malacca Strait",Malacca Strait,Weather: 0m waves,LOW,0.9000,"2.5, 100.0"
"Wed, 20 May 2026 07:00:00 GMT",ILLEGAL_FISHING,GoogleNews_Kumparan.com,Prabowo: Tiap Malam Puluhan Ribu Kapal Asing Ambil Kekayaan Kita Secara Ilegal - kumparan.com - Kumparan.com,Unknown,Unspecified Vessel,LOW,0.8534,N/A
"Thu, 21 May 2026 07:00:00 GMT",ILLEGAL_FISHING,GoogleNews_PontianakPost,"Patroli Laut Maluku Diperketat, TNI AL Siaga Hadang Pelanggaran Lintas Negara dan Ancaman Kapal Asing Ilegal - PontianakPost",Maluku,Unspecified Vessel,LOW,0.9135,"-3.2385, 130.1453"
"Wed, 20 May 2026 08:55:00 GMT",ILLEGAL_FISHING,GoogleNews_CaraPandang,Prabowo Singgung Puluhan Ribu Kapal Asing Curi Hasil Alam Indonesia Secara Ilegal - CaraPandang,Indonesia,Unspecified Vessel,LOW,0.8425,"-2.5489, 118.0149"
"Wed, 20 May 2026 07:00:00 GMT",ILLEGAL_FISHING,GoogleNews_SINDOnews Ekbis,Prabowo: Puluhan Ribu Kapal Asing Tiap Malam Mengambil Kekayaan RI secara Ilegal - SINDOnews Ekbis,Unknown,Unspecified Vessel,LOW,0.8979,N/A
"Sat, 18 Apr 2026 07:00:00 GMT",ILLEGAL_FISHING,GoogleNews_Batamtoday.com,KKP Tindak Tegas Pelanggaran di Pulau-pulau Kecil dan Kapal Asing Ilegal - Batamtoday.com,Unknown,Unspecified Vessel,LOW,0.8984,N/A
"Thu, 16 Apr 2026 07:00:00 GMT",ILLEGAL_FISHING,GoogleNews_Kompas.com,"KKP Tak Tenggelamkan Kapal Asing Ilegal Seperti Era Susi Pudjiastuti, tapi Diberikan ke Nelayan - Kompas.com",Unknown,Unspecified Vessel,LOW,0.8926,N/A
"Fri, 27 Mar 2026 07:00:00 GMT",ILLEGAL_FISHING,GoogleNews_detikNews,Kapten Kapal Indonesia Dibui karena Tangkap Teripang Ilegal di Australia - detikNews,Indonesia,Unspecified Vessel,LOW,0.8877,"-2.5489, 118.0149"
"Wed, 15 Apr 2026 07:00:00 GMT",ENFORCEMENT,GoogleNews_ANTARA News,"KKP tangkap tiga kapal asing, selamatkan potensi rugi Rp20,2 miliar - ANTARA News",Unknown,Unspecified Vessel,LOW,0.8985,N/A
"Thu, 02 Apr 2026 07:00:00 GMT",ILLEGAL_FISHING,GoogleNews_Kemenko Polkam R.I.,Kemenko Polkam Dukung Pencegahan Ilegal Fishing Nelayan - Kemenko Polkam R.I.,Unknown,Unspecified Vessel,LOW,0.9222,N/A
"Sat, 25 Apr 2026 07:00:00 GMT",ILLEGAL_FISHING,GoogleNews_Bicara Indonesia,KKP Manfaatkan Kapal Sitaan Illegal Fishing untuk Nelayan dan Pengawasan - Bicara Indonesia,Indonesia,Unspecified Vessel,MEDIUM,0.6779,"-2.5489, 118.0149"
"Sun, 05 Apr 2026 07:00:00 GMT",ILLEGAL_FISHING,GoogleNews_National Geographic ,Permasalahan Kompleks di Balik Pencurian Ikan oleh Kapal Indonesia di Perairan Australia - National Geographic Indonesia,"Indonesia, Bali",Unspecified Vessel,LOW,0.9106,"-2.5489, 118.0149"
"Tue, 24 Feb 2026 08:00:00 GMT",TERRITORIAL_VIOLATION,GoogleNews_Indonesiadefense.com,Skenario Tegang di Natuna! TNI AL Hadapi 2 Kapal Perang Asing Kawal Pencuri Ikan - Indonesiadefense.com,"Indonesia, Natuna",Unspecified Vessel,LOW,0.8778,"-2.5489, 118.0149"
"Fri, 22 May 2026 07:00:00 GMT",ENFORCEMENT,GoogleNews_ANTARA News Yogyakar,Quo Vadis Bakamla RI? - ANTARA News Yogyakarta,Unknown,Unspecified Vessel,LOW,0.9511,N/A
2026-06-03T11:24:09.182318,AIS_ANOMALY,VesselFinder,AIS tracking data collected from VesselFinder,Indonesian Waters,Multiple Vessels Tracked,LOW,0.7500,"-6.2088, 106.8456"
2026-06-03T11:24:42.527887,ILLEGAL_FISHING,GlobalFishingWatch,Suspicious fishing vessel activity detected in Indonesian EEZ,Natuna Sea,Foreign Fishing Vessel,MEDIUM,0.8500,"3.9731, 108.2425"
2026-06-03T11:24:43.501202,CONSERVATION_ISSUE,OpenMeteo_Weather,"Maritime conditions: Wave 0.76m, Wind 0km/h at Java Sea",Java Sea,Weather: 0.76m waves,LOW,0.9000,"-5.5, 110.0"
2026-06-03T11:24:44.709885,CONSERVATION_ISSUE,OpenMeteo_Weather,"Maritime conditions: Wave 0.12m, Wind 0km/h at Natuna Sea",Natuna Sea,Weather: 0.12m waves,LOW,0.9000,"3.97, 108.24"
2026-06-03T11:24:46.492163,CONSERVATION_ISSUE,OpenMeteo_Weather,"Maritime conditions: Wave 0m, Wind 0km/h at Malacca Strait",Malacca Strait,Weather: 0m waves,LOW,0.9000,"2.5, 100.0"
2026-06-03T11:25:16.498535,ILLEGAL_FISHING,GlobalFishingWatch,Suspicious fishing vessel activity detected in Indonesian EEZ,Natuna Sea,Foreign Fishing Vessel,MEDIUM,0.8500,"3.9731, 108.2425"
2026-06-03T11:25:17.468081,CONSERVATION_ISSUE,OpenMeteo_Weather,"Maritime conditions: Wave 0.76m, Wind 0km/h at Java Sea",Java Sea,Weather: 0.76m waves,LOW,0.9000,"-5.5, 110.0"
2026-06-03T11:25:18.738331,CONSERVATION_ISSUE,OpenMeteo_Weather,"Maritime conditions: Wave 0.12m, Wind 0km/h at Natuna Sea",Natuna Sea,Weather: 0.12m waves,LOW,0.9000,"3.97, 108.24"
2026-06-03T11:25:19.634907,CONSERVATION_ISSUE,OpenMeteo_Weather,"Maritime conditions: Wave 0m, Wind 0km/h at Malacca Strait",Malacca Strait,Weather: 0m waves,LOW,0.9000,"2.5, 100.0"
2026-06-03T11:25:49.743686,ILLEGAL_FISHING,GlobalFishingWatch,Suspicious fishing vessel activity detected in Indonesian EEZ,Natuna Sea,Foreign Fishing Vessel,MEDIUM,0.8500,"3.9731, 108.2425"
2026-06-03T11:25:51.615471,CONSERVATION_ISSUE,OpenMeteo_Weather,"Maritime conditions: Wave 0.76m, Wind 0km/h at Java Sea",Java Sea,Weather: 0.76m waves,LOW,0.9000,"-5.5, 110.0"
2026-06-03T11:25:52.712974,CONSERVATION_ISSUE,OpenMeteo_Weather,"Maritime conditions: Wave 0.12m, Wind 0km/h at Natuna Sea",Natuna Sea,Weather: 0.12m waves,LOW,0.9000,"3.97, 108.24"
2026-06-03T11:25:53.634954,CONSERVATION_ISSUE,OpenMeteo_Weather,"Maritime conditions: Wave 0m, Wind 0km/h at Malacca Strait",Malacca Strait,Weather: 0m waves,LOW,0.9000,"2.5, 100.0"
2026-06-03T11:26:23.722234,ILLEGAL_FISHING,GlobalFishingWatch,Suspicious fishing vessel activity detected in Indonesian EEZ,Natuna Sea,Foreign Fishing Vessel,MEDIUM,0.8500,"3.9731, 108.2425"
2026-06-03T11:26:25.093021,CONSERVATION_ISSUE,OpenMeteo_Weather,"Maritime conditions: Wave 0.76m, Wind 0km/h at Java Sea",Java Sea,Weather: 0.76m waves,LOW,0.9000,"-5.5, 110.0"
2026-06-03T11:26:26.505035,CONSERVATION_ISSUE,OpenMeteo_Weather,"Maritime conditions: Wave 0.12m, Wind 0km/h at Natuna Sea",Natuna Sea,Weather: 0.12m waves,LOW,0.9000,"3.97, 108.24"
2026-06-03T11:26:28.083208,CONSERVATION_ISSUE,OpenMeteo_Weather,"Maritime conditions: Wave 0m, Wind 0km/h at Malacca Strait",Malacca Strait,Weather: 0m waves,LOW,0.9000,"2.5, 100.0"
"Wed, 20 May 2026 07:00:00 GMT",ILLEGAL_FISHING,GoogleNews_Kumparan.com,Prabowo: Tiap Malam Puluhan Ribu Kapal Asing Ambil Kekayaan Kita Secara Ilegal - kumparan.com - Kumparan.com,Unknown,Unspecified Vessel,LOW,0.8534,N/A
"Thu, 21 May 2026 07:00:00 GMT",ILLEGAL_FISHING,GoogleNews_PontianakPost,"Patroli Laut Maluku Diperketat, TNI AL Siaga Hadang Pelanggaran Lintas Negara dan Ancaman Kapal Asing Ilegal - PontianakPost",Maluku,Unspecified Vessel,LOW,0.9135,"-3.2385, 130.1453"
"Wed, 20 May 2026 08:55:00 GMT",ILLEGAL_FISHING,GoogleNews_CaraPandang,Prabowo Singgung Puluhan Ribu Kapal Asing Curi Hasil Alam Indonesia Secara Ilegal - CaraPandang,Indonesia,Unspecified Vessel,LOW,0.8425,"-2.5489, 118.0149"
"Wed, 20 May 2026 07:00:00 GMT",ILLEGAL_FISHING,GoogleNews_SINDOnews Ekbis,Prabowo: Puluhan Ribu Kapal Asing Tiap Malam Mengambil Kekayaan RI secara Ilegal - SINDOnews Ekbis,Unknown,Unspecified Vessel,LOW,0.8979,N/A
"Sat, 18 Apr 2026 07:00:00 GMT",ILLEGAL_FISHING,GoogleNews_Batamtoday.com,KKP Tindak Tegas Pelanggaran di Pulau-pulau Kecil dan Kapal Asing Ilegal - Batamtoday.com,Unknown,Unspecified Vessel,LOW,0.8984,N/A
"Thu, 16 Apr 2026 07:00:00 GMT",ILLEGAL_FISHING,GoogleNews_Kompas.com,"KKP Tak Tenggelamkan Kapal Asing Ilegal Seperti Era Susi Pudjiastuti, tapi Diberikan ke Nelayan - Kompas.com",Unknown,Unspecified Vessel,LOW,0.8926,N/A
"Fri, 27 Mar 2026 07:00:00 GMT",ILLEGAL_FISHING,GoogleNews_detikNews,Kapten Kapal Indonesia Dibui karena Tangkap Teripang Ilegal di Australia - detikNews,Indonesia,Unspecified Vessel,LOW,0.8877,"-2.5489, 118.0149"
"Wed, 15 Apr 2026 07:00:00 GMT",ENFORCEMENT,GoogleNews_ANTARA News,"KKP tangkap tiga kapal asing, selamatkan potensi rugi Rp20,2 miliar - ANTARA News",Unknown,Unspecified Vessel,LOW,0.8985,N/A
"Thu, 02 Apr 2026 07:00:00 GMT",ILLEGAL_FISHING,GoogleNews_Kemenko Polkam R.I.,Kemenko Polkam Dukung Pencegahan Ilegal Fishing Nelayan - Kemenko Polkam R.I.,Unknown,Unspecified Vessel,LOW,0.9222,N/A
"Sat, 25 Apr 2026 07:00:00 GMT",ILLEGAL_FISHING,GoogleNews_Bicara Indonesia,KKP Manfaatkan Kapal Sitaan Illegal Fishing untuk Nelayan dan Pengawasan - Bicara Indonesia,Indonesia,Unspecified Vessel,MEDIUM,0.6779,"-2.5489, 118.0149"
"Sun, 05 Apr 2026 07:00:00 GMT",ILLEGAL_FISHING,GoogleNews_National Geographic ,Permasalahan Kompleks di Balik Pencurian Ikan oleh Kapal Indonesia di Perairan Australia - National Geographic Indonesia,"Indonesia, Bali",Unspecified Vessel,LOW,0.9106,"-2.5489, 118.0149"
"Tue, 24 Feb 2026 08:00:00 GMT",TERRITORIAL_VIOLATION,GoogleNews_Indonesiadefense.com,Skenario Tegang di Natuna! TNI AL Hadapi 2 Kapal Perang Asing Kawal Pencuri Ikan - Indonesiadefense.com,"Indonesia, Natuna",Unspecified Vessel,LOW,0.8778,"-2.5489, 118.0149"
"Fri, 22 May 2026 07:00:00 GMT",ENFORCEMENT,GoogleNews_ANTARA News Yogyakar,Quo Vadis Bakamla RI? - ANTARA News Yogyakarta,Unknown,Unspecified Vessel,LOW,0.9511,N/A
2026-06-03T11:26:58.094916,ILLEGAL_FISHING,GlobalFishingWatch,Suspicious fishing vessel activity detected in Indonesian EEZ,Natuna Sea,Foreign Fishing Vessel,MEDIUM,0.8500,"3.9731, 108.2425"
2026-06-03T11:26:59.338897,CONSERVATION_ISSUE,OpenMeteo_Weather,"Maritime conditions: Wave 0.76m, Wind 0km/h at Java Sea",Java Sea,Weather: 0.76m waves,LOW,0.9000,"-5.5, 110.0"
2026-06-03T11:27:00.477375,CONSERVATION_ISSUE,OpenMeteo_Weather,"Maritime conditions: Wave 0.12m, Wind 0km/h at Natuna Sea",Natuna Sea,Weather: 0.12m waves,LOW,0.9000,"3.97, 108.24"
2026-06-03T11:27:01.414745,CONSERVATION_ISSUE,OpenMeteo_Weather,"Maritime conditions: Wave 0m, Wind 0km/h at Malacca Strait",Malacca Strait,Weather: 0m waves,LOW,0.9000,"2.5, 100.0"
2026-06-03T11:27:31.470540,ILLEGAL_FISHING,GlobalFishingWatch,Suspicious fishing vessel activity detected in Indonesian EEZ,Natuna Sea,Foreign Fishing Vessel,MEDIUM,0.8500,"3.9731, 108.2425"
2026-06-03T11:27:32.710801,CONSERVATION_ISSUE,OpenMeteo_Weather,"Maritime conditions: Wave 0.76m, Wind 0km/h at Java Sea",Java Sea,Weather: 0.76m waves,LOW,0.9000,"-5.5, 110.0"
2026-06-03T11:27:34.517805,CONSERVATION_ISSUE,OpenMeteo_Weather,"Maritime conditions: Wave 0.12m, Wind 0km/h at Natuna Sea",Natuna Sea,Weather: 0.12m waves,LOW,0.9000,"3.97, 108.24"
2026-06-03T11:27:35.618844,CONSERVATION_ISSUE,OpenMeteo_Weather,"Maritime conditions: Wave 0m, Wind 0km/h at Malacca Strait",Malacca Strait,Weather: 0m waves,LOW,0.9000,"2.5, 100.0"
2026-06-03T11:28:05.625931,ILLEGAL_FISHING,GlobalFishingWatch,Suspicious fishing vessel activity detected in Indonesian EEZ,Natuna Sea,Foreign Fishing Vessel,MEDIUM,0.8500,"3.9731, 108.2425"
2026-06-03T11:28:07.652368,CONSERVATION_ISSUE,OpenMeteo_Weather,"Maritime conditions: Wave 0.76m, Wind 0km/h at Java Sea",Java Sea,Weather: 0.76m waves,LOW,0.9000,"-5.5, 110.0"
2026-06-03T11:28:08.995832,CONSERVATION_ISSUE,OpenMeteo_Weather,"Maritime conditions: Wave 0.12m, Wind 0km/h at Natuna Sea",Natuna Sea,Weather: 0.12m waves,LOW,0.9000,"3.97, 108.24"
2026-06-03T11:28:10.400035,CONSERVATION_ISSUE,OpenMeteo_Weather,"Maritime conditions: Wave 0m, Wind 0km/h at Malacca Strait",Malacca Strait,Weather: 0m waves,LOW,0.9000,"2.5, 100.0"
2026-06-03T11:28:40.419570,ILLEGAL_FISHING,GlobalFishingWatch,Suspicious fishing vessel activity detected in Indonesian EEZ,Natuna Sea,Foreign Fishing Vessel,MEDIUM,0.8500,"3.9731, 108.2425"
2026-06-03T11:28:44.772238,CONSERVATION_ISSUE,OpenMeteo_Weather,"Maritime conditions: Wave 0.76m, Wind 0km/h at Java Sea",Java Sea,Weather: 0.76m waves,LOW,0.9000,"-5.5, 110.0"
2026-06-03T11:28:47.155612,CONSERVATION_ISSUE,OpenMeteo_Weather,"Maritime conditions: Wave 0.12m, Wind 0km/h at Natuna Sea",Natuna Sea,Weather: 0.12m waves,LOW,0.9000,"3.97, 108.24"
2026-06-03T11:28:49.596539,CONSERVATION_ISSUE,OpenMeteo_Weather,"Maritime conditions: Wave 0m, Wind 0km/h at Malacca Strait",Malacca Strait,Weather: 0m waves,LOW,0.9000,"2.5, 100.0"
"Wed, 20 May 2026 07:00:00 GMT",ILLEGAL_FISHING,GoogleNews_Kumparan.com,Prabowo: Tiap Malam Puluhan Ribu Kapal Asing Ambil Kekayaan Kita Secara Ilegal - kumparan.com - Kumparan.com,Unknown,Unspecified Vessel,LOW,0.8534,N/A
"Wed, 20 May 2026 08:55:00 GMT",ILLEGAL_FISHING,GoogleNews_CaraPandang,Prabowo Singgung Puluhan Ribu Kapal Asing Curi Hasil Alam Indonesia Secara Ilegal - CaraPandang,Indonesia,Unspecified Vessel,LOW,0.8425,"-2.5489, 118.0149"
"Thu, 21 May 2026 03:30:44 GMT",ILLEGAL_FISHING,GoogleNews_PontianakPost,"Patroli Laut Maluku Diperketat, TNI AL Siaga Hadang Pelanggaran Lintas Negara dan Ancaman Kapal Asing Ilegal - PontianakPost",Maluku,Unspecified Vessel,LOW,0.9135,"-3.2385, 130.1453"
"Wed, 20 May 2026 07:00:00 GMT",ILLEGAL_FISHING,GoogleNews_SINDOnews Ekbis,Prabowo: Puluhan Ribu Kapal Asing Tiap Malam Mengambil Kekayaan RI secara Ilegal - SINDOnews Ekbis,Unknown,Unspecified Vessel,LOW,0.8979,N/A
"Sat, 18 Apr 2026 07:00:00 GMT",ILLEGAL_FISHING,GoogleNews_Batamtoday.com,KKP Tindak Tegas Pelanggaran di Pulau-pulau Kecil dan Kapal Asing Ilegal - Batamtoday.com,Unknown,Unspecified Vessel,LOW,0.8984,N/A
"Thu, 16 Apr 2026 07:00:00 GMT",ILLEGAL_FISHING,GoogleNews_Kompas.com,"KKP Tak Tenggelamkan Kapal Asing Ilegal Seperti Era Susi Pudjiastuti, tapi Diberikan ke Nelayan - Kompas.com",Unknown,Unspecified Vessel,LOW,0.8926,N/A
"Fri, 27 Mar 2026 07:00:00 GMT",ILLEGAL_FISHING,GoogleNews_detikNews,Kapten Kapal Indonesia Dibui karena Tangkap Teripang Ilegal di Australia - detikNews,Indonesia,Unspecified Vessel,LOW,0.8877,"-2.5489, 118.0149"
"Wed, 15 Apr 2026 07:00:00 GMT",ENFORCEMENT,GoogleNews_ANTARA News,"KKP tangkap tiga kapal asing, selamatkan potensi rugi Rp20,2 miliar - ANTARA News",Unknown,Unspecified Vessel,LOW,0.8985,N/A
"Thu, 02 Apr 2026 07:00:00 GMT",ILLEGAL_FISHING,GoogleNews_Kemenko Polkam R.I.,Kemenko Polkam Dukung Pencegahan Ilegal Fishing Nelayan - Kemenko Polkam R.I.,Unknown,Unspecified Vessel,LOW,0.9222,N/A
"Sat, 25 Apr 2026 07:00:00 GMT",ILLEGAL_FISHING,GoogleNews_Bicara Indonesia,KKP Manfaatkan Kapal Sitaan Illegal Fishing untuk Nelayan dan Pengawasan - Bicara Indonesia,Indonesia,Unspecified Vessel,MEDIUM,0.6779,"-2.5489, 118.0149"
"Sun, 05 Apr 2026 07:00:00 GMT",ILLEGAL_FISHING,GoogleNews_National Geographic ,Permasalahan Kompleks di Balik Pencurian Ikan oleh Kapal Indonesia di Perairan Australia - National Geographic Indonesia,"Indonesia, Bali",Unspecified Vessel,LOW,0.9106,"-2.5489, 118.0149"
"Tue, 24 Feb 2026 08:00:00 GMT",TERRITORIAL_VIOLATION,GoogleNews_Indonesiadefense.com,Skenario Tegang di Natuna! TNI AL Hadapi 2 Kapal Perang Asing Kawal Pencuri Ikan - Indonesiadefense.com,"Indonesia, Natuna",Unspecified Vessel,LOW,0.8778,"-2.5489, 118.0149"
"Fri, 22 May 2026 07:00:00 GMT",ENFORCEMENT,GoogleNews_ANTARA News Yogyakar,Quo Vadis Bakamla RI? - ANTARA News Yogyakarta,Unknown,Unspecified Vessel,LOW,0.9511,N/A
2026-06-03T11:29:20.671757,ILLEGAL_FISHING,GlobalFishingWatch,Suspicious fishing vessel activity detected in Indonesian EEZ,Natuna Sea,Foreign Fishing Vessel,MEDIUM,0.8500,"3.9731, 108.2425"
2026-06-03T11:29:22.512713,CONSERVATION_ISSUE,OpenMeteo_Weather,"Maritime conditions: Wave 0.76m, Wind 0km/h at Java Sea",Java Sea,Weather: 0.76m waves,LOW,0.9000,"-5.5, 110.0"
2026-06-03T11:29:24.331196,CONSERVATION_ISSUE,OpenMeteo_Weather,"Maritime conditions: Wave 0.12m, Wind 0km/h at Natuna Sea",Natuna Sea,Weather: 0.12m waves,LOW,0.9000,"3.97, 108.24"
2026-06-03T11:29:25.754230,CONSERVATION_ISSUE,OpenMeteo_Weather,"Maritime conditions: Wave 0m, Wind 0km/h at Malacca Strait",Malacca Strait,Weather: 0m waves,LOW,0.9000,"2.5, 100.0"
2026-06-03T11:29:55.759019,ILLEGAL_FISHING,GlobalFishingWatch,Suspicious fishing vessel activity detected in Indonesian EEZ,Natuna Sea,Foreign Fishing Vessel,MEDIUM,0.8500,"3.9731, 108.2425"
2026-06-03T11:29:58.393041,CONSERVATION_ISSUE,OpenMeteo_Weather,"Maritime conditions: Wave 0.76m, Wind 0km/h at Java Sea",Java Sea,Weather: 0.76m waves,LOW,0.9000,"-5.5, 110.0"
2026-06-03T11:30:00.580733,CONSERVATION_ISSUE,OpenMeteo_Weather,"Maritime conditions: Wave 0.12m, Wind 0km/h at Natuna Sea",Natuna Sea,Weather: 0.12m waves,LOW,0.9000,"3.97, 108.24"
2026-06-03T11:30:02.018666,CONSERVATION_ISSUE,OpenMeteo_Weather,"Maritime conditions: Wave 0m, Wind 0km/h at Malacca Strait",Malacca Strait,Weather: 0m waves,LOW,0.9000,"2.5, 100.0"
2026-06-03T11:29:58.321576,AIS_ANOMALY,VesselFinder,AIS tracking data collected from VesselFinder,Indonesian Waters,Multiple Vessels Tracked,LOW,0.7500,"-6.2088, 106.8456"
2026-06-03T11:30:32.044027,ILLEGAL_FISHING,GlobalFishingWatch,Suspicious fishing vessel activity detected in Indonesian EEZ,Natuna Sea,Foreign Fishing Vessel,MEDIUM,0.8500,"3.9731, 108.2425"
2026-06-03T11:30:34.115491,CONSERVATION_ISSUE,OpenMeteo_Weather,"Maritime conditions: Wave 0.76m, Wind 0km/h at Java Sea",Java Sea,Weather: 0.76m waves,LOW,0.9000,"-5.5, 110.0"
2026-06-03T11:30:35.873900,CONSERVATION_ISSUE,OpenMeteo_Weather,"Maritime conditions: Wave 0.12m, Wind 0km/h at Natuna Sea",Natuna Sea,Weather: 0.12m waves,LOW,0.9000,"3.97, 108.24"
2026-06-03T11:30:37.200526,CONSERVATION_ISSUE,OpenMeteo_Weather,"Maritime conditions: Wave 0m, Wind 0km/h at Malacca Strait",Malacca Strait,Weather: 0m waves,LOW,0.9000,"2.5, 100.0"
2026-06-03T11:31:07.325263,ILLEGAL_FISHING,GlobalFishingWatch,Suspicious fishing vessel activity detected in Indonesian EEZ,Natuna Sea,Foreign Fishing Vessel,MEDIUM,0.8500,"3.9731, 108.2425"
2026-06-03T11:31:16.752028,CONSERVATION_ISSUE,OpenMeteo_Weather,"Maritime conditions: Wave 0.76m, Wind 0km/h at Java Sea",Java Sea,Weather: 0.76m waves,LOW,0.9000,"-5.5, 110.0"
2026-06-03T11:31:19.923357,CONSERVATION_ISSUE,OpenMeteo_Weather,"Maritime conditions: Wave 0.12m, Wind 0km/h at Natuna Sea",Natuna Sea,Weather: 0.12m waves,LOW,0.9000,"3.97, 108.24"
2026-06-03T11:31:24.544843,CONSERVATION_ISSUE,OpenMeteo_Weather,"Maritime conditions: Wave 0m, Wind 0km/h at Malacca Strait",Malacca Strait,Weather: 0m waves,LOW,0.9000,"2.5, 100.0"
"Wed, 20 May 2026 07:00:00 GMT",ILLEGAL_FISHING,GoogleNews_Kumparan.com,Prabowo: Tiap Malam Puluhan Ribu Kapal Asing Ambil Kekayaan Kita Secara Ilegal - kumparan.com - Kumparan.com,Unknown,Unspecified Vessel,LOW,0.8534,N/A
"Wed, 20 May 2026 08:55:00 GMT",ILLEGAL_FISHING,GoogleNews_CaraPandang,Prabowo Singgung Puluhan Ribu Kapal Asing Curi Hasil Alam Indonesia Secara Ilegal - CaraPandang,Indonesia,Unspecified Vessel,LOW,0.8425,"-2.5489, 118.0149"
"Thu, 21 May 2026 03:30:44 GMT",ILLEGAL_FISHING,GoogleNews_PontianakPost,"Patroli Laut Maluku Diperketat, TNI AL Siaga Hadang Pelanggaran Lintas Negara dan Ancaman Kapal Asing Ilegal - PontianakPost",Maluku,Unspecified Vessel,LOW,0.9135,"-3.2385, 130.1453"
"Wed, 20 May 2026 07:00:00 GMT",ILLEGAL_FISHING,GoogleNews_SINDOnews Ekbis,Prabowo: Puluhan Ribu Kapal Asing Tiap Malam Mengambil Kekayaan RI secara Ilegal - SINDOnews Ekbis,Unknown,Unspecified Vessel,LOW,0.8979,N/A
"Sat, 18 Apr 2026 07:00:00 GMT",ILLEGAL_FISHING,GoogleNews_Batamtoday.com,KKP Tindak Tegas Pelanggaran di Pulau-pulau Kecil dan Kapal Asing Ilegal - Batamtoday.com,Unknown,Unspecified Vessel,LOW,0.8984,N/A
"Thu, 16 Apr 2026 07:00:00 GMT",ILLEGAL_FISHING,GoogleNews_Kompas.com,"KKP Tak Tenggelamkan Kapal Asing Ilegal Seperti Era Susi Pudjiastuti, tapi Diberikan ke Nelayan - Kompas.com",Unknown,Unspecified Vessel,LOW,0.8926,N/A
"Fri, 27 Mar 2026 07:00:00 GMT",ILLEGAL_FISHING,GoogleNews_detikNews,Kapten Kapal Indonesia Dibui karena Tangkap Teripang Ilegal di Australia - detikNews,Indonesia,Unspecified Vessel,LOW,0.8877,"-2.5489, 118.0149"
"Wed, 15 Apr 2026 07:00:00 GMT",ENFORCEMENT,GoogleNews_ANTARA News,"KKP tangkap tiga kapal asing, selamatkan potensi rugi Rp20,2 miliar - ANTARA News",Unknown,Unspecified Vessel,LOW,0.8985,N/A
"Thu, 02 Apr 2026 07:00:00 GMT",ILLEGAL_FISHING,GoogleNews_Kemenko Polkam R.I.,Kemenko Polkam Dukung Pencegahan Ilegal Fishing Nelayan - Kemenko Polkam R.I.,Unknown,Unspecified Vessel,LOW,0.9222,N/A
"Sat, 25 Apr 2026 07:00:00 GMT",ILLEGAL_FISHING,GoogleNews_Bicara Indonesia,KKP Manfaatkan Kapal Sitaan Illegal Fishing untuk Nelayan dan Pengawasan - Bicara Indonesia,Indonesia,Unspecified Vessel,MEDIUM,0.6779,"-2.5489, 118.0149"
"Sun, 05 Apr 2026 07:00:00 GMT",ILLEGAL_FISHING,GoogleNews_National Geographic ,Permasalahan Kompleks di Balik Pencurian Ikan oleh Kapal Indonesia di Perairan Australia - National Geographic Indonesia,"Indonesia, Bali",Unspecified Vessel,LOW,0.9106,"-2.5489, 118.0149"
"Tue, 24 Feb 2026 08:00:00 GMT",TERRITORIAL_VIOLATION,GoogleNews_Indonesiadefense.com,Skenario Tegang di Natuna! TNI AL Hadapi 2 Kapal Perang Asing Kawal Pencuri Ikan - Indonesiadefense.com,"Indonesia, Natuna",Unspecified Vessel,LOW,0.8778,"-2.5489, 118.0149"
"Fri, 22 May 2026 07:00:00 GMT",ENFORCEMENT,GoogleNews_ANTARA News Yogyakar,Quo Vadis Bakamla RI? - ANTARA News Yogyakarta,Unknown,Unspecified Vessel,LOW,0.9511,N/A
2026-06-01T12:00:00Z,AIS_ANOMALY,Globalsecurity.org,"CCG conducts rights-protection law enforcement in waters where Japan, Philippines intend to infringe on China's rights",Philippines,Unspecified Vessel,LOW,0.9151,"12.8797, 121.7740"
2026-05-31T13:44:21Z,ENFORCEMENT,The Times of India,"China conducts patrols near Scarborough Shoal, Philippines dismisses drill assertions as ""unfounded""",Philippines,Unspecified Vessel,LOW,0.5400,"12.8797, 121.7740"
2026-05-26T18:00:00Z,PIRACY,OilPrice.com,Gulf Shipping Crisis Fuels New Eurasian Corridors,Unknown,Unspecified Vessel,LOW,0.7670,N/A
2026-05-26T10:00:00Z,TERRITORIAL_VIOLATION,RTE,Call for tougher action on foreign vessels fishing in EEZ,Unspecified Maritime Zone,Unspecified Vessel,LOW,0.9125,N/A
"Wed, 20 May 2026 07:00:00 GMT",ILLEGAL_FISHING,GoogleNews_Kumparan.com,Prabowo: Tiap Malam Puluhan Ribu Kapal Asing Ambil Kekayaan Kita Secara Ilegal - kumparan.com - Kumparan.com,Unknown,Unspecified Vessel,LOW,0.8534,N/A
"Wed, 20 May 2026 08:55:00 GMT",ILLEGAL_FISHING,GoogleNews_CaraPandang,Prabowo Singgung Puluhan Ribu Kapal Asing Curi Hasil Alam Indonesia Secara Ilegal - CaraPandang,Indonesia,Unspecified Vessel,LOW,0.8425,"-2.5489, 118.0149"
"Thu, 21 May 2026 03:30:44 GMT",ILLEGAL_FISHING,GoogleNews_PontianakPost,"Patroli Laut Maluku Diperketat, TNI AL Siaga Hadang Pelanggaran Lintas Negara dan Ancaman Kapal Asing Ilegal - PontianakPost",Maluku,Unspecified Vessel,LOW,0.9135,"-3.2385, 130.1453"
"Wed, 20 May 2026 07:00:00 GMT",ILLEGAL_FISHING,GoogleNews_SINDOnews Ekbis,Prabowo: Puluhan Ribu Kapal Asing Tiap Malam Mengambil Kekayaan RI secara Ilegal - SINDOnews Ekbis,Unknown,Unspecified Vessel,LOW,0.8979,N/A
"Sat, 18 Apr 2026 07:00:00 GMT",ILLEGAL_FISHING,GoogleNews_Batamtoday.com,KKP Tindak Tegas Pelanggaran di Pulau-pulau Kecil dan Kapal Asing Ilegal - Batamtoday.com,Unknown,Unspecified Vessel,LOW,0.8984,N/A
"Thu, 16 Apr 2026 07:00:00 GMT",ILLEGAL_FISHING,GoogleNews_Kompas.com,"KKP Tak Tenggelamkan Kapal Asing Ilegal Seperti Era Susi Pudjiastuti, tapi Diberikan ke Nelayan - Kompas.com",Unknown,Unspecified Vessel,LOW,0.8926,N/A
"Fri, 27 Mar 2026 07:00:00 GMT",ILLEGAL_FISHING,GoogleNews_detikNews,Kapten Kapal Indonesia Dibui karena Tangkap Teripang Ilegal di Australia - detikNews,Indonesia,Unspecified Vessel,LOW,0.8877,"-2.5489, 118.0149"
"Wed, 15 Apr 2026 07:00:00 GMT",ENFORCEMENT,GoogleNews_ANTARA News,"KKP tangkap tiga kapal asing, selamatkan potensi rugi Rp20,2 miliar - ANTARA News",Unknown,Unspecified Vessel,LOW,0.8985,N/A
"Thu, 06 Nov 2025 08:00:00 GMT",ENFORCEMENT,GoogleNews_kkp.go.id,KKP Tangkap Kapal Ikan Asing Berbendera Vietnam di Laut Natuna Utara - kkp.go.id,"Natuna, Vietnam",Unspecified Vessel,LOW,0.9051,"3.9731, 108.2425"
"Thu, 06 Nov 2025 08:00:00 GMT",ENFORCEMENT,GoogleNews_kkp.go.id,KKP Tangkap Kapal Ikan Asing Berbendera Vietnam di Laut Natuna Utara - kkp.go.id,"Natuna, Vietnam",Unspecified Vessel,LOW,0.9051,"3.9731, 108.2425"
"Thu, 02 Apr 2026 07:00:00 GMT",ILLEGAL_FISHING,GoogleNews_Kemenko Polkam R.I.,Kemenko Polkam Dukung Pencegahan Ilegal Fishing Nelayan - Kemenko Polkam R.I.,Unknown,Unspecified Vessel,LOW,0.9222,N/A
"Thu, 06 Nov 2025 08:00:00 GMT",ILLEGAL_FISHING,GoogleNews_ANTARA News Bengkulu,"KKP amankan 41 kapal ""illegal fishing"" di Laut Natuna Utara - ANTARA News Bengkulu",Natuna,Unspecified Vessel,MEDIUM,0.6423,"3.9731, 108.2425"
"Thu, 06 Nov 2025 08:00:00 GMT",ILLEGAL_FISHING,GoogleNews_Emitennews.com,"Sepanjang 2025, KKP Tangkap 255 Kapal Pelaku Illegal Fishing - Emitennews.com",Unknown,Unspecified Vessel,MEDIUM,0.8509,N/A
"Tue, 18 Nov 2025 01:53:43 GMT",ILLEGAL_FISHING,GoogleNews_Kementerian Agama,"Setahun Pemerintahan JokowiJK: Berantas Illegal Fishing, Produksi Ikan Meningkat - Kementerian Agama",Unknown,Unspecified Vessel,MEDIUM,0.7690,N/A
"Sat, 25 Apr 2026 07:00:00 GMT",ILLEGAL_FISHING,GoogleNews_Bicara Indonesia,KKP Manfaatkan Kapal Sitaan Illegal Fishing untuk Nelayan dan Pengawasan - Bicara Indonesia,Indonesia,Unspecified Vessel,MEDIUM,0.6779,"-2.5489, 118.0149"
"Mon, 21 Jul 2025 04:41:11 GMT",ILLEGAL_FISHING,GoogleNews_kkp.go.id,"NELAYAN TERANCAM, LAUT TERLUKA: DAMPAK IUU FISHING BAGI MASYARAKAT DAN EKOSISTEM - kkp.go.id",Unknown,Unspecified Vessel,LOW,0.8164,N/A
"Sun, 05 Apr 2026 07:00:00 GMT",ILLEGAL_FISHING,GoogleNews_National Geographic ,Permasalahan Kompleks di Balik Pencurian Ikan oleh Kapal Indonesia di Perairan Australia - National Geographic Indonesia,"Indonesia, Bali",Unspecified Vessel,LOW,0.9106,"-2.5489, 118.0149"
"Tue, 24 Feb 2026 08:00:00 GMT",TERRITORIAL_VIOLATION,GoogleNews_Indonesiadefense.com,Skenario Tegang di Natuna! TNI AL Hadapi 2 Kapal Perang Asing Kawal Pencuri Ikan - Indonesiadefense.com,"Indonesia, Natuna",Unspecified Vessel,LOW,0.8778,"-2.5489, 118.0149"
"Mon, 23 Dec 2024 08:00:00 GMT",ENFORCEMENT,GoogleNews_kkp.go.id,KKP Tangkap 240 Kapal Pencuri Ikan Sepanjang 2024 - kkp.go.id,Unknown,Unspecified Vessel,LOW,0.8918,N/A
"Fri, 14 Nov 2025 08:00:00 GMT",ILLEGAL_FISHING,GoogleNews_Mongabay.co.id,Sulitnya Memberantas Pencurian Ikan di Natuna - Mongabay.co.id,Natuna,Unspecified Vessel,LOW,0.8901,"3.9731, 108.2425"
"Thu, 06 Nov 2025 08:00:00 GMT",TERRITORIAL_VIOLATION,GoogleNews_ANTARA News,KKP menangkap kapal Vietnam curi ikan di Laut Natuna Utara - ANTARA News,"Natuna, Vietnam",Unspecified Vessel,LOW,0.8950,"3.9731, 108.2425"
"Mon, 17 Apr 2023 07:00:00 GMT",ILLEGAL_FISHING,GoogleNews_Kompas.id,Pencurian Ikan Masih Marak di Laut Natuna Utara - Kompas.id,Natuna,Unspecified Vessel,LOW,0.8910,"3.9731, 108.2425"
"Sun, 20 Apr 2025 07:00:00 GMT",ILLEGAL_FISHING,GoogleNews_Tempo.co,"Pencurian Ikan di Laut Natuna Utara Diprediksi Merugikan Negara Rp 152,8 Miliar - Tempo.co",Natuna,Unspecified Vessel,LOW,0.9057,"3.9731, 108.2425"
"Fri, 07 Nov 2025 08:00:00 GMT",ILLEGAL_FISHING,GoogleNews_SINDOnews Ekbis,Duit Rp522 Triliun Setiap Tahun Hilang Akibat Pencurian Ikan di Laut Indonesia - SINDOnews Ekbis,Indonesia,Unspecified Vessel,LOW,0.9128,"-2.5489, 118.0149"
"Wed, 26 Jun 2024 07:00:00 GMT",ILLEGAL_FISHING,GoogleNews_Kemenko Polkam R.I.,KEMENKO POLHUKAM UPAYAKAN PERBAIKAN PENCEGAHAN DAN PENANGANAN YANG KOMPREHENSIF ATAS PENCURIAN IKAN YANG DILAKUKAN OLEH NELAYAN INDONESIA DI PERAIRAN AUSTRALIA - Kemenko Polkam R.I.,Indonesia,Unspecified Vessel,LOW,0.8049,"-2.5489, 118.0149"
"Thu, 06 Nov 2025 08:00:00 GMT",ILLEGAL_FISHING,GoogleNews_Emitennews.com,"Sepanjang 2025, KKP Tangkap 255 Kapal Pelaku Illegal Fishing - Emitennews.com",Unknown,Unspecified Vessel,MEDIUM,0.8509,N/A
"Fri, 22 May 2026 07:00:00 GMT",ENFORCEMENT,GoogleNews_ANTARA News Yogyakar,Quo Vadis Bakamla RI? - ANTARA News Yogyakarta,Unknown,Unspecified Vessel,LOW,0.9511,N/A
"Sun, 10 Aug 2025 22:33:10 GMT",ENFORCEMENT,GoogleNews_Kompas.id,Bakamla Tangkap Kapal Tanker Iran di Laut Natuna Utara - Kompas.id,Natuna,Tanker,LOW,0.9095,"3.9731, 108.2425"
"Sun, 03 Aug 2025 07:00:00 GMT",ENFORCEMENT,GoogleNews_Tempo.co,Bakamla Tangkap Kapal Penyelundup Bawang Merah di Batam - Tempo.co,Unknown,Unspecified Vessel,LOW,0.8878,N/A
"Sat, 02 Aug 2025 07:00:00 GMT",ILLEGAL_FISHING,GoogleNews_CNN Indonesia,Bakamla Tangkap Kapal Angkut 400 Karung Bawang Merah Ilegal di Kepri - CNN Indonesia,Indonesia,Unspecified Vessel,LOW,0.8813,"-2.5489, 118.0149"
"Thu, 16 Oct 2025 07:00:00 GMT",ENFORCEMENT,GoogleNews_Kompas.com,Bakamla Tangkap Lima Terduga Perompak Batu Bara di Kaltim - Kompas.com,Unknown,Unspecified Vessel,LOW,0.9290,N/A
"Sun, 03 Aug 2025 07:00:00 GMT",ENFORCEMENT,GoogleNews_iNews.ID,Bakamla Tangkap Kapal Penyelundup Bawang Merah dari Batam ke Kuala Tungkal - iNews.ID,Unknown,Unspecified Vessel,LOW,0.8565,N/A
"Thu, 16 Oct 2025 07:00:00 GMT",ENFORCEMENT,GoogleNews_Niaga.Asia,Bakamla RI Tangkap 5 Orang yang Diduga akan Merampok Tongkang Batubara - Niaga.Asia,Unknown,Unspecified Vessel,LOW,0.9177,N/A
"Sun, 13 Aug 2023 07:00:00 GMT",ENFORCEMENT,GoogleNews_detikNews,Bakamla RI Tangkap Kapal Vietnam Curi 5 Ton Ikan di Laut Natuna Utara - detikNews,"Natuna, Vietnam",Unspecified Vessel,LOW,0.9131,"3.9731, 108.2425"
"Fri, 17 Oct 2025 07:00:00 GMT",ENFORCEMENT,GoogleNews_SinPo.id,Bakamla RI Gagalkan Aksi Perompakan Kapal Tugboat di Perairan Kalimantan Timur - SinPo.id,Unknown,Unspecified Vessel,LOW,0.8882,N/A
"Thu, 13 Jul 2023 07:00:00 GMT",ILLEGAL_FISHING,GoogleNews_Voice of America Ind,Indonesia Sita Kapal Tanker Iran atas Dugaan Transfer Minyak Ilegal Dekat Perairan Natuna - Voice of America Indonesia,"Indonesia, Natuna",Tanker,LOW,0.9250,"-2.5489, 118.0149"
2026-06-03T11:31:20.614792,AIS_ANOMALY,VesselFinder,AIS tracking data collected from VesselFinder,Indonesian Waters,Multiple Vessels Tracked,LOW,0.7500,"-6.2088, 106.8456"
2026-06-03T11:31:05.704941,ILLEGAL_FISHING,GlobalFishingWatch,Suspicious fishing vessel activity detected in Indonesian EEZ,Natuna Sea,Foreign Fishing Vessel,MEDIUM,0.8500,"3.9731, 108.2425"
2026-06-03T11:31:20.526888,CONSERVATION_ISSUE,OpenMeteo_Weather,"Maritime conditions: Wave 0.76m, Wind 0km/h at Java Sea",Java Sea,Weather: 0.76m waves,LOW,0.9000,"-5.5, 110.0"
2026-06-03T11:31:27.104551,CONSERVATION_ISSUE,OpenMeteo_Weather,"Maritime conditions: Wave 0.12m, Wind 0km/h at Natuna Sea",Natuna Sea,Weather: 0.12m waves,LOW,0.9000,"3.97, 108.24"
2026-06-03T11:31:33.306236,CONSERVATION_ISSUE,OpenMeteo_Weather,"Maritime conditions: Wave 0m, Wind 0km/h at Malacca Strait",Malacca Strait,Weather: 0m waves,LOW,0.9000,"2.5, 100.0"
2026-06-03T11:31:56.556459,ILLEGAL_FISHING,GlobalFishingWatch,Suspicious fishing vessel activity detected in Indonesian EEZ,Natuna Sea,Foreign Fishing Vessel,MEDIUM,0.8500,"3.9731, 108.2425"
2026-06-03T11:31:59.162536,CONSERVATION_ISSUE,OpenMeteo_Weather,"Maritime conditions: Wave 0.76m, Wind 0km/h at Java Sea",Java Sea,Weather: 0.76m waves,LOW,0.9000,"-5.5, 110.0"
2026-06-03T11:32:01.212748,CONSERVATION_ISSUE,OpenMeteo_Weather,"Maritime conditions: Wave 0.12m, Wind 0km/h at Natuna Sea",Natuna Sea,Weather: 0.12m waves,LOW,0.9000,"3.97, 108.24"
2026-06-03T11:32:04.735203,CONSERVATION_ISSUE,OpenMeteo_Weather,"Maritime conditions: Wave 0m, Wind 0km/h at Malacca Strait",Malacca Strait,Weather: 0m waves,LOW,0.9000,"2.5, 100.0"
2026-06-03T11:32:34.751726,ILLEGAL_FISHING,GlobalFishingWatch,Suspicious fishing vessel activity detected in Indonesian EEZ,Natuna Sea,Foreign Fishing Vessel,MEDIUM,0.8500,"3.9731, 108.2425"
2026-06-03T11:32:36.903054,CONSERVATION_ISSUE,OpenMeteo_Weather,"Maritime conditions: Wave 0.76m, Wind 0km/h at Java Sea",Java Sea,Weather: 0.76m waves,LOW,0.9000,"-5.5, 110.0"
2026-06-03T11:32:38.537883,CONSERVATION_ISSUE,OpenMeteo_Weather,"Maritime conditions: Wave 0.12m, Wind 0km/h at Natuna Sea",Natuna Sea,Weather: 0.12m waves,LOW,0.9000,"3.97, 108.24"
2026-06-03T11:32:40.133058,CONSERVATION_ISSUE,OpenMeteo_Weather,"Maritime conditions: Wave 0m, Wind 0km/h at Malacca Strait",Malacca Strait,Weather: 0m waves,LOW,0.9000,"2.5, 100.0"
2026-06-03T11:33:10.148224,ILLEGAL_FISHING,GlobalFishingWatch,Suspicious fishing vessel activity detected in Indonesian EEZ,Natuna Sea,Foreign Fishing Vessel,MEDIUM,0.8500,"3.9731, 108.2425"
2026-06-03T11:33:11.900743,CONSERVATION_ISSUE,OpenMeteo_Weather,"Maritime conditions: Wave 0.76m, Wind 0km/h at Java Sea",Java Sea,Weather: 0.76m waves,LOW,0.9000,"-5.5, 110.0"
2026-06-03T11:33:13.788625,CONSERVATION_ISSUE,OpenMeteo_Weather,"Maritime conditions: Wave 0.12m, Wind 0km/h at Natuna Sea",Natuna Sea,Weather: 0.12m waves,LOW,0.9000,"3.97, 108.24"
2026-06-03T11:33:15.472435,CONSERVATION_ISSUE,OpenMeteo_Weather,"Maritime conditions: Wave 0m, Wind 0km/h at Malacca Strait",Malacca Strait,Weather: 0m waves,LOW,0.9000,"2.5, 100.0"
2026-06-03T11:33:45.492001,ILLEGAL_FISHING,GlobalFishingWatch,Suspicious fishing vessel activity detected in Indonesian EEZ,Natuna Sea,Foreign Fishing Vessel,MEDIUM,0.8500,"3.9731, 108.2425"
2026-06-03T11:33:51.925504,CONSERVATION_ISSUE,OpenMeteo_Weather,"Maritime conditions: Wave 0.76m, Wind 0km/h at Java Sea",Java Sea,Weather: 0.76m waves,LOW,0.9000,"-5.5, 110.0"
2026-06-03T11:33:56.035625,CONSERVATION_ISSUE,OpenMeteo_Weather,"Maritime conditions: Wave 0.12m, Wind 0km/h at Natuna Sea",Natuna Sea,Weather: 0.12m waves,LOW,0.9000,"3.97, 108.24"
2026-06-03T11:33:58.379556,CONSERVATION_ISSUE,OpenMeteo_Weather,"Maritime conditions: Wave 0m, Wind 0km/h at Malacca Strait",Malacca Strait,Weather: 0m waves,LOW,0.9000,"2.5, 100.0"
"Wed, 20 May 2026 07:00:00 GMT",ILLEGAL_FISHING,GoogleNews_Kumparan.com,Prabowo: Tiap Malam Puluhan Ribu Kapal Asing Ambil Kekayaan Kita Secara Ilegal - kumparan.com - Kumparan.com,Unknown,Unspecified Vessel,LOW,0.8534,N/A
"Wed, 20 May 2026 08:55:00 GMT",ILLEGAL_FISHING,GoogleNews_CaraPandang,Prabowo Singgung Puluhan Ribu Kapal Asing Curi Hasil Alam Indonesia Secara Ilegal - CaraPandang,Indonesia,Unspecified Vessel,LOW,0.8425,"-2.5489, 118.0149"
"Thu, 21 May 2026 03:30:44 GMT",ILLEGAL_FISHING,GoogleNews_PontianakPost,"Patroli Laut Maluku Diperketat, TNI AL Siaga Hadang Pelanggaran Lintas Negara dan Ancaman Kapal Asing Ilegal - PontianakPost",Maluku,Unspecified Vessel,LOW,0.9135,"-3.2385, 130.1453"
"Wed, 20 May 2026 07:00:00 GMT",ILLEGAL_FISHING,GoogleNews_SINDOnews Ekbis,Prabowo: Puluhan Ribu Kapal Asing Tiap Malam Mengambil Kekayaan RI secara Ilegal - SINDOnews Ekbis,Unknown,Unspecified Vessel,LOW,0.8979,N/A
"Sat, 18 Apr 2026 07:00:00 GMT",ILLEGAL_FISHING,GoogleNews_Batamtoday.com,KKP Tindak Tegas Pelanggaran di Pulau-pulau Kecil dan Kapal Asing Ilegal - Batamtoday.com,Unknown,Unspecified Vessel,LOW,0.8984,N/A
"Thu, 16 Apr 2026 07:00:00 GMT",ILLEGAL_FISHING,GoogleNews_Kompas.com,"KKP Tak Tenggelamkan Kapal Asing Ilegal Seperti Era Susi Pudjiastuti, tapi Diberikan ke Nelayan - Kompas.com",Unknown,Unspecified Vessel,LOW,0.8926,N/A
"Fri, 27 Mar 2026 07:00:00 GMT",ILLEGAL_FISHING,GoogleNews_detikNews,Kapten Kapal Indonesia Dibui karena Tangkap Teripang Ilegal di Australia - detikNews,Indonesia,Unspecified Vessel,LOW,0.8877,"-2.5489, 118.0149"
"Wed, 15 Apr 2026 07:00:00 GMT",ENFORCEMENT,GoogleNews_ANTARA News,"KKP tangkap tiga kapal asing, selamatkan potensi rugi Rp20,2 miliar - ANTARA News",Unknown,Unspecified Vessel,LOW,0.8985,N/A
"Thu, 02 Apr 2026 07:00:00 GMT",ILLEGAL_FISHING,GoogleNews_Kemenko Polkam R.I.,Kemenko Polkam Dukung Pencegahan Ilegal Fishing Nelayan - Kemenko Polkam R.I.,Unknown,Unspecified Vessel,LOW,0.9222,N/A
"Sat, 25 Apr 2026 07:00:00 GMT",ILLEGAL_FISHING,GoogleNews_Bicara Indonesia,KKP Manfaatkan Kapal Sitaan Illegal Fishing untuk Nelayan dan Pengawasan - Bicara Indonesia,Indonesia,Unspecified Vessel,MEDIUM,0.6779,"-2.5489, 118.0149"
"Sun, 05 Apr 2026 07:00:00 GMT",ILLEGAL_FISHING,GoogleNews_National Geographic ,Permasalahan Kompleks di Balik Pencurian Ikan oleh Kapal Indonesia di Perairan Australia - National Geographic Indonesia,"Indonesia, Bali",Unspecified Vessel,LOW,0.9106,"-2.5489, 118.0149"
"Tue, 24 Feb 2026 08:00:00 GMT",TERRITORIAL_VIOLATION,GoogleNews_Indonesiadefense.com,Skenario Tegang di Natuna! TNI AL Hadapi 2 Kapal Perang Asing Kawal Pencuri Ikan - Indonesiadefense.com,"Indonesia, Natuna",Unspecified Vessel,LOW,0.8778,"-2.5489, 118.0149"
"Fri, 22 May 2026 07:00:00 GMT",ENFORCEMENT,GoogleNews_ANTARA News Yogyakar,Quo Vadis Bakamla RI? - ANTARA News Yogyakarta,Unknown,Unspecified Vessel,LOW,0.9511,N/A
2026-06-03T11:34:29.685674,ILLEGAL_FISHING,GlobalFishingWatch,Suspicious fishing vessel activity detected in Indonesian EEZ,Natuna Sea,Foreign Fishing Vessel,MEDIUM,0.8500,"3.9731, 108.2425"
2026-06-03T11:34:31.847724,CONSERVATION_ISSUE,OpenMeteo_Weather,"Maritime conditions: Wave 0.76m, Wind 0km/h at Java Sea",Java Sea,Weather: 0.76m waves,LOW,0.9000,"-5.5, 110.0"
2026-06-03T11:34:33.775714,CONSERVATION_ISSUE,OpenMeteo_Weather,"Maritime conditions: Wave 0.12m, Wind 0km/h at Natuna Sea",Natuna Sea,Weather: 0.12m waves,LOW,0.9000,"3.97, 108.24"
2026-06-03T11:34:35.203170,CONSERVATION_ISSUE,OpenMeteo_Weather,"Maritime conditions: Wave 0m, Wind 0km/h at Malacca Strait",Malacca Strait,Weather: 0m waves,LOW,0.9000,"2.5, 100.0"
2026-06-03T11:35:05.220257,ILLEGAL_FISHING,GlobalFishingWatch,Suspicious fishing vessel activity detected in Indonesian EEZ,Natuna Sea,Foreign Fishing Vessel,MEDIUM,0.8500,"3.9731, 108.2425"
2026-06-03T11:35:07.042440,CONSERVATION_ISSUE,OpenMeteo_Weather,"Maritime conditions: Wave 0.76m, Wind 0km/h at Java Sea",Java Sea,Weather: 0.76m waves,LOW,0.9000,"-5.5, 110.0"
2026-06-03T11:35:08.786143,CONSERVATION_ISSUE,OpenMeteo_Weather,"Maritime conditions: Wave 0.12m, Wind 0km/h at Natuna Sea",Natuna Sea,Weather: 0.12m waves,LOW,0.9000,"3.97, 108.24"
2026-06-03T11:35:10.115407,CONSERVATION_ISSUE,OpenMeteo_Weather,"Maritime conditions: Wave 0m, Wind 0km/h at Malacca Strait",Malacca Strait,Weather: 0m waves,LOW,0.9000,"2.5, 100.0"
2026-06-03T11:35:40.124215,ILLEGAL_FISHING,GlobalFishingWatch,Suspicious fishing vessel activity detected in Indonesian EEZ,Natuna Sea,Foreign Fishing Vessel,MEDIUM,0.8500,"3.9731, 108.2425"
2026-06-03T11:35:42.122087,CONSERVATION_ISSUE,OpenMeteo_Weather,"Maritime conditions: Wave 0.76m, Wind 0km/h at Java Sea",Java Sea,Weather: 0.76m waves,LOW,0.9000,"-5.5, 110.0"
2026-06-03T11:35:44.122188,CONSERVATION_ISSUE,OpenMeteo_Weather,"Maritime conditions: Wave 0.12m, Wind 0km/h at Natuna Sea",Natuna Sea,Weather: 0.12m waves,LOW,0.9000,"3.97, 108.24"
2026-06-03T11:35:45.828154,CONSERVATION_ISSUE,OpenMeteo_Weather,"Maritime conditions: Wave 0m, Wind 0km/h at Malacca Strait",Malacca Strait,Weather: 0m waves,LOW,0.9000,"2.5, 100.0"
2026-06-03T11:36:15.848353,ILLEGAL_FISHING,GlobalFishingWatch,Suspicious fishing vessel activity detected in Indonesian EEZ,Natuna Sea,Foreign Fishing Vessel,MEDIUM,0.8500,"3.9731, 108.2425"
2026-06-03T11:36:22.183340,CONSERVATION_ISSUE,OpenMeteo_Weather,"Maritime conditions: Wave 0.76m, Wind 0km/h at Java Sea",Java Sea,Weather: 0.76m waves,LOW,0.9000,"-5.5, 110.0"
2026-06-03T11:36:26.141651,CONSERVATION_ISSUE,OpenMeteo_Weather,"Maritime conditions: Wave 0.12m, Wind 0km/h at Natuna Sea",Natuna Sea,Weather: 0.12m waves,LOW,0.9000,"3.97, 108.24"
2026-06-03T11:36:29.095231,CONSERVATION_ISSUE,OpenMeteo_Weather,"Maritime conditions: Wave 0m, Wind 0km/h at Malacca Strait",Malacca Strait,Weather: 0m waves,LOW,0.9000,"2.5, 100.0"
"Wed, 20 May 2026 07:00:00 GMT",ILLEGAL_FISHING,GoogleNews_Kumparan.com,Prabowo: Tiap Malam Puluhan Ribu Kapal Asing Ambil Kekayaan Kita Secara Ilegal - kumparan.com - Kumparan.com,Unknown,Unspecified Vessel,LOW,0.8534,N/A
"Wed, 20 May 2026 08:55:00 GMT",ILLEGAL_FISHING,GoogleNews_CaraPandang,Prabowo Singgung Puluhan Ribu Kapal Asing Curi Hasil Alam Indonesia Secara Ilegal - CaraPandang,Indonesia,Unspecified Vessel,LOW,0.8425,"-2.5489, 118.0149"
"Thu, 21 May 2026 03:30:44 GMT",ILLEGAL_FISHING,GoogleNews_PontianakPost,"Patroli Laut Maluku Diperketat, TNI AL Siaga Hadang Pelanggaran Lintas Negara dan Ancaman Kapal Asing Ilegal - PontianakPost",Maluku,Unspecified Vessel,LOW,0.9135,"-3.2385, 130.1453"
"Wed, 20 May 2026 07:00:00 GMT",ILLEGAL_FISHING,GoogleNews_SINDOnews Ekbis,Prabowo: Puluhan Ribu Kapal Asing Tiap Malam Mengambil Kekayaan RI secara Ilegal - SINDOnews Ekbis,Unknown,Unspecified Vessel,LOW,0.8979,N/A
"Sat, 18 Apr 2026 07:00:00 GMT",ILLEGAL_FISHING,GoogleNews_Batamtoday.com,KKP Tindak Tegas Pelanggaran di Pulau-pulau Kecil dan Kapal Asing Ilegal - Batamtoday.com,Unknown,Unspecified Vessel,LOW,0.8984,N/A
"Thu, 16 Apr 2026 07:00:00 GMT",ILLEGAL_FISHING,GoogleNews_Kompas.com,"KKP Tak Tenggelamkan Kapal Asing Ilegal Seperti Era Susi Pudjiastuti, tapi Diberikan ke Nelayan - Kompas.com",Unknown,Unspecified Vessel,LOW,0.8926,N/A
"Fri, 27 Mar 2026 07:00:00 GMT",ILLEGAL_FISHING,GoogleNews_detikNews,Kapten Kapal Indonesia Dibui karena Tangkap Teripang Ilegal di Australia - detikNews,Indonesia,Unspecified Vessel,LOW,0.8877,"-2.5489, 118.0149"
"Wed, 15 Apr 2026 07:00:00 GMT",ENFORCEMENT,GoogleNews_ANTARA News,"KKP tangkap tiga kapal asing, selamatkan potensi rugi Rp20,2 miliar - ANTARA News",Unknown,Unspecified Vessel,LOW,0.8985,N/A
"Thu, 02 Apr 2026 07:00:00 GMT",ILLEGAL_FISHING,GoogleNews_Kemenko Polkam R.I.,Kemenko Polkam Dukung Pencegahan Ilegal Fishing Nelayan - Kemenko Polkam R.I.,Unknown,Unspecified Vessel,LOW,0.9222,N/A
"Sat, 25 Apr 2026 07:00:00 GMT",ILLEGAL_FISHING,GoogleNews_Bicara Indonesia,KKP Manfaatkan Kapal Sitaan Illegal Fishing untuk Nelayan dan Pengawasan - Bicara Indonesia,Indonesia,Unspecified Vessel,MEDIUM,0.6779,"-2.5489, 118.0149"
"Sun, 05 Apr 2026 07:00:00 GMT",ILLEGAL_FISHING,GoogleNews_National Geographic ,Permasalahan Kompleks di Balik Pencurian Ikan oleh Kapal Indonesia di Perairan Australia - National Geographic Indonesia,"Indonesia, Bali",Unspecified Vessel,LOW,0.9106,"-2.5489, 118.0149"
"Tue, 24 Feb 2026 08:00:00 GMT",TERRITORIAL_VIOLATION,GoogleNews_Indonesiadefense.com,Skenario Tegang di Natuna! TNI AL Hadapi 2 Kapal Perang Asing Kawal Pencuri Ikan - Indonesiadefense.com,"Indonesia, Natuna",Unspecified Vessel,LOW,0.8778,"-2.5489, 118.0149"
"Fri, 22 May 2026 07:00:00 GMT",ENFORCEMENT,GoogleNews_ANTARA News Yogyakar,Quo Vadis Bakamla RI? - ANTARA News Yogyakarta,Unknown,Unspecified Vessel,LOW,0.9511,N/A
2026-06-03T11:36:22.823871,AIS_ANOMALY,VesselFinder,AIS tracking data collected from VesselFinder,Indonesian Waters,Multiple Vessels Tracked,LOW,0.7500,"-6.2088, 106.8456"
2026-06-03T11:36:59.676841,ILLEGAL_FISHING,GlobalFishingWatch,Suspicious fishing vessel activity detected in Indonesian EEZ,Natuna Sea,Foreign Fishing Vessel,MEDIUM,0.8500,"3.9731, 108.2425"
2026-06-03T11:37:02.185217,CONSERVATION_ISSUE,OpenMeteo_Weather,"Maritime conditions: Wave 0.76m, Wind 0km/h at Java Sea",Java Sea,Weather: 0.76m waves,LOW,0.9000,"-5.5, 110.0"
2026-06-03T11:37:03.917653,CONSERVATION_ISSUE,OpenMeteo_Weather,"Maritime conditions: Wave 0.12m, Wind 0km/h at Natuna Sea",Natuna Sea,Weather: 0.12m waves,LOW,0.9000,"3.97, 108.24"
2026-06-03T11:37:05.323273,CONSERVATION_ISSUE,OpenMeteo_Weather,"Maritime conditions: Wave 0m, Wind 0km/h at Malacca Strait",Malacca Strait,Weather: 0m waves,LOW,0.9000,"2.5, 100.0"
2026-06-03T11:37:35.348373,ILLEGAL_FISHING,GlobalFishingWatch,Suspicious fishing vessel activity detected in Indonesian EEZ,Natuna Sea,Foreign Fishing Vessel,MEDIUM,0.8500,"3.9731, 108.2425"
2026-06-03T11:37:37.087365,CONSERVATION_ISSUE,OpenMeteo_Weather,"Maritime conditions: Wave 0.76m, Wind 0km/h at Java Sea",Java Sea,Weather: 0.76m waves,LOW,0.9000,"-5.5, 110.0"
2026-06-03T11:37:39.040324,CONSERVATION_ISSUE,OpenMeteo_Weather,"Maritime conditions: Wave 0.12m, Wind 0km/h at Natuna Sea",Natuna Sea,Weather: 0.12m waves,LOW,0.9000,"3.97, 108.24"
2026-06-03T11:37:40.581838,CONSERVATION_ISSUE,OpenMeteo_Weather,"Maritime conditions: Wave 0m, Wind 0km/h at Malacca Strait",Malacca Strait,Weather: 0m waves,LOW,0.9000,"2.5, 100.0"
2026-06-03T11:38:10.598949,ILLEGAL_FISHING,GlobalFishingWatch,Suspicious fishing vessel activity detected in Indonesian EEZ,Natuna Sea,Foreign Fishing Vessel,MEDIUM,0.8500,"3.9731, 108.2425"
2026-06-03T11:38:12.475013,CONSERVATION_ISSUE,OpenMeteo_Weather,"Maritime conditions: Wave 0.76m, Wind 0km/h at Java Sea",Java Sea,Weather: 0.76m waves,LOW,0.9000,"-5.5, 110.0"
2026-06-03T11:38:15.138011,CONSERVATION_ISSUE,OpenMeteo_Weather,"Maritime conditions: Wave 0.12m, Wind 0km/h at Natuna Sea",Natuna Sea,Weather: 0.12m waves,LOW,0.9000,"3.97, 108.24"
2026-06-03T11:38:17.140113,CONSERVATION_ISSUE,OpenMeteo_Weather,"Maritime conditions: Wave 0m, Wind 0km/h at Malacca Strait",Malacca Strait,Weather: 0m waves,LOW,0.9000,"2.5, 100.0"
2026-06-03T11:38:47.146147,ILLEGAL_FISHING,GlobalFishingWatch,Suspicious fishing vessel activity detected in Indonesian EEZ,Natuna Sea,Foreign Fishing Vessel,MEDIUM,0.8500,"3.9731, 108.2425"
2026-06-03T11:38:48.859679,CONSERVATION_ISSUE,OpenMeteo_Weather,"Maritime conditions: Wave 0.76m, Wind 0km/h at Java Sea",Java Sea,Weather: 0.76m waves,LOW,0.9000,"-5.5, 110.0"
2026-06-03T11:38:51.026009,CONSERVATION_ISSUE,OpenMeteo_Weather,"Maritime conditions: Wave 0.12m, Wind 0km/h at Natuna Sea",Natuna Sea,Weather: 0.12m waves,LOW,0.9000,"3.97, 108.24"
2026-06-03T11:38:54.031703,CONSERVATION_ISSUE,OpenMeteo_Weather,"Maritime conditions: Wave 0m, Wind 0km/h at Malacca Strait",Malacca Strait,Weather: 0m waves,LOW,0.9000,"2.5, 100.0"
"Sat, 18 Apr 2026 07:00:00 GMT",ILLEGAL_FISHING,GoogleNews_Batamtoday.com,KKP Tindak Tegas Pelanggaran di Pulau-pulau Kecil dan Kapal Asing Ilegal - Batamtoday.com,Unknown,Unspecified Vessel,LOW,0.8984,N/A
"Thu, 16 Apr 2026 07:00:00 GMT",ILLEGAL_FISHING,GoogleNews_Kompas.com,"KKP Tak Tenggelamkan Kapal Asing Ilegal Seperti Era Susi Pudjiastuti, tapi Diberikan ke Nelayan - Kompas.com",Unknown,Unspecified Vessel,LOW,0.8926,N/A
"Fri, 27 Mar 2026 07:00:00 GMT",ILLEGAL_FISHING,GoogleNews_detikNews,Kapten Kapal Indonesia Dibui karena Tangkap Teripang Ilegal di Australia - detikNews,Indonesia,Unspecified Vessel,LOW,0.8877,"-2.5489, 118.0149"
"Thu, 02 Apr 2026 07:00:00 GMT",ILLEGAL_FISHING,GoogleNews_Kemenko Polkam R.I.,Kemenko Polkam Dukung Pencegahan Ilegal Fishing Nelayan - Kemenko Polkam R.I.,Unknown,Unspecified Vessel,LOW,0.9222,N/A
"Sat, 25 Apr 2026 07:00:00 GMT",ILLEGAL_FISHING,GoogleNews_Bicara Indonesia,KKP Manfaatkan Kapal Sitaan Illegal Fishing untuk Nelayan dan Pengawasan - Bicara Indonesia,Indonesia,Unspecified Vessel,MEDIUM,0.6779,"-2.5489, 118.0149"
"Sun, 05 Apr 2026 07:00:00 GMT",ILLEGAL_FISHING,GoogleNews_National Geographic ,Permasalahan Kompleks di Balik Pencurian Ikan oleh Kapal Indonesia di Perairan Australia - National Geographic Indonesia,"Indonesia, Bali",Unspecified Vessel,LOW,0.9106,"-2.5489, 118.0149"
"Fri, 22 May 2026 07:00:00 GMT",ENFORCEMENT,GoogleNews_ANTARA News Yogyakar,Quo Vadis Bakamla RI? - ANTARA News Yogyakarta,Unknown,Unspecified Vessel,LOW,0.9511,N/A
2026-06-03T11:39:29.201861,ILLEGAL_FISHING,GlobalFishingWatch,Suspicious fishing vessel activity detected in Indonesian EEZ,Natuna Sea,Foreign Fishing Vessel,MEDIUM,0.8500,"3.9731, 108.2425"
2026-06-03T11:39:31.119128,CONSERVATION_ISSUE,OpenMeteo_Weather,"Maritime conditions: Wave 0.76m, Wind 0km/h at Java Sea",Java Sea,Weather: 0.76m waves,LOW,0.9000,"-5.5, 110.0"
2026-06-03T11:39:32.447014,CONSERVATION_ISSUE,OpenMeteo_Weather,"Maritime conditions: Wave 0.12m, Wind 0km/h at Natuna Sea",Natuna Sea,Weather: 0.12m waves,LOW,0.9000,"3.97, 108.24"
2026-06-03T11:39:34.198624,CONSERVATION_ISSUE,OpenMeteo_Weather,"Maritime conditions: Wave 0m, Wind 0km/h at Malacca Strait",Malacca Strait,Weather: 0m waves,LOW,0.9000,"2.5, 100.0"
2026-06-03T11:40:04.214743,ILLEGAL_FISHING,GlobalFishingWatch,Suspicious fishing vessel activity detected in Indonesian EEZ,Natuna Sea,Foreign Fishing Vessel,MEDIUM,0.8500,"3.9731, 108.2425"
2026-06-03T11:40:05.880271,CONSERVATION_ISSUE,OpenMeteo_Weather,"Maritime conditions: Wave 0.76m, Wind 0km/h at Java Sea",Java Sea,Weather: 0.76m waves,LOW,0.9000,"-5.5, 110.0"
2026-06-03T11:40:07.225335,CONSERVATION_ISSUE,OpenMeteo_Weather,"Maritime conditions: Wave 0.12m, Wind 0km/h at Natuna Sea",Natuna Sea,Weather: 0.12m waves,LOW,0.9000,"3.97, 108.24"
2026-06-03T11:40:08.886508,CONSERVATION_ISSUE,OpenMeteo_Weather,"Maritime conditions: Wave 0m, Wind 0km/h at Malacca Strait",Malacca Strait,Weather: 0m waves,LOW,0.9000,"2.5, 100.0"
2026-06-03T11:40:39.110964,ILLEGAL_FISHING,GlobalFishingWatch,Suspicious fishing vessel activity detected in Indonesian EEZ,Natuna Sea,Foreign Fishing Vessel,MEDIUM,0.8500,"3.9731, 108.2425"
2026-06-03T11:40:40.808169,CONSERVATION_ISSUE,OpenMeteo_Weather,"Maritime conditions: Wave 0.76m, Wind 0km/h at Java Sea",Java Sea,Weather: 0.76m waves,LOW,0.9000,"-5.5, 110.0"
2026-06-03T11:40:42.553904,CONSERVATION_ISSUE,OpenMeteo_Weather,"Maritime conditions: Wave 0.12m, Wind 0km/h at Natuna Sea",Natuna Sea,Weather: 0.12m waves,LOW,0.9000,"3.97, 108.24"
2026-06-03T11:40:43.932014,CONSERVATION_ISSUE,OpenMeteo_Weather,"Maritime conditions: Wave 0m, Wind 0km/h at Malacca Strait",Malacca Strait,Weather: 0m waves,LOW,0.9000,"2.5, 100.0"
2026-06-03T11:41:13.936780,ILLEGAL_FISHING,GlobalFishingWatch,Suspicious fishing vessel activity detected in Indonesian EEZ,Natuna Sea,Foreign Fishing Vessel,MEDIUM,0.8500,"3.9731, 108.2425"
2026-06-03T11:41:15.865192,CONSERVATION_ISSUE,OpenMeteo_Weather,"Maritime conditions: Wave 0.76m, Wind 0km/h at Java Sea",Java Sea,Weather: 0.76m waves,LOW,0.9000,"-5.5, 110.0"
2026-06-03T11:41:20.934424,CONSERVATION_ISSUE,OpenMeteo_Weather,"Maritime conditions: Wave 0.12m, Wind 0km/h at Natuna Sea",Natuna Sea,Weather: 0.12m waves,LOW,0.9000,"3.97, 108.24"
2026-06-03T11:41:24.475203,CONSERVATION_ISSUE,OpenMeteo_Weather,"Maritime conditions: Wave 0m, Wind 0km/h at Malacca Strait",Malacca Strait,Weather: 0m waves,LOW,0.9000,"2.5, 100.0"
"Wed, 20 May 2026 07:00:00 GMT",ILLEGAL_FISHING,GoogleNews_Kumparan.com,Prabowo: Tiap Malam Puluhan Ribu Kapal Asing Ambil Kekayaan Kita Secara Ilegal - kumparan.com - Kumparan.com,Unknown,Unspecified Vessel,LOW,0.8534,N/A
"Thu, 21 May 2026 07:00:00 GMT",ILLEGAL_FISHING,GoogleNews_PontianakPost,"Patroli Laut Maluku Diperketat, TNI AL Siaga Hadang Pelanggaran Lintas Negara dan Ancaman Kapal Asing Ilegal - PontianakPost",Maluku,Unspecified Vessel,LOW,0.9135,"-3.2385, 130.1453"
"Wed, 20 May 2026 08:55:00 GMT",ILLEGAL_FISHING,GoogleNews_CaraPandang,Prabowo Singgung Puluhan Ribu Kapal Asing Curi Hasil Alam Indonesia Secara Ilegal - CaraPandang,Indonesia,Unspecified Vessel,LOW,0.8425,"-2.5489, 118.0149"
"Wed, 20 May 2026 07:00:00 GMT",ILLEGAL_FISHING,GoogleNews_Kompas.com,Prabowo: Tiap Malam Puluhan Kapal Asing Ambil Kekayaan Kita Secara Ilegal - Kompas.com,Unknown,Unspecified Vessel,LOW,0.8823,N/A
"Wed, 20 May 2026 07:00:00 GMT",ILLEGAL_FISHING,GoogleNews_SINDOnews Ekbis,Prabowo: Puluhan Ribu Kapal Asing Tiap Malam Mengambil Kekayaan RI secara Ilegal - SINDOnews Ekbis,Unknown,Unspecified Vessel,LOW,0.8979,N/A
"Sat, 18 Apr 2026 07:00:00 GMT",ILLEGAL_FISHING,GoogleNews_Batamtoday.com,KKP Tindak Tegas Pelanggaran di Pulau-pulau Kecil dan Kapal Asing Ilegal - Batamtoday.com,Unknown,Unspecified Vessel,LOW,0.8984,N/A
"Fri, 27 Mar 2026 07:00:00 GMT",ILLEGAL_FISHING,GoogleNews_detikNews,Kapten Kapal Indonesia Dibui karena Tangkap Teripang Ilegal di Australia - detikNews,Indonesia,Unspecified Vessel,LOW,0.8877,"-2.5489, 118.0149"
"Wed, 15 Apr 2026 07:00:00 GMT",ENFORCEMENT,GoogleNews_ANTARA News,"KKP tangkap tiga kapal asing, selamatkan potensi rugi Rp20,2 miliar - ANTARA News",Unknown,Unspecified Vessel,LOW,0.8985,N/A
"Thu, 16 Apr 2026 07:00:00 GMT",ILLEGAL_FISHING,GoogleNews_Kompas.com,"KKP Tak Tenggelamkan Kapal Asing Ilegal Seperti Era Susi Pudjiastuti, tapi Diberikan ke Nelayan - Kompas.com",Unknown,Unspecified Vessel,LOW,0.8926,N/A
"Thu, 02 Apr 2026 07:00:00 GMT",ILLEGAL_FISHING,GoogleNews_Kemenko Polkam R.I.,Kemenko Polkam Dukung Pencegahan Ilegal Fishing Nelayan - Kemenko Polkam R.I.,Unknown,Unspecified Vessel,LOW,0.9222,N/A
"Sat, 25 Apr 2026 07:00:00 GMT",ILLEGAL_FISHING,GoogleNews_Bicara Indonesia,KKP Manfaatkan Kapal Sitaan Illegal Fishing untuk Nelayan dan Pengawasan - Bicara Indonesia,Indonesia,Unspecified Vessel,MEDIUM,0.6779,"-2.5489, 118.0149"
"Sun, 05 Apr 2026 07:00:00 GMT",ILLEGAL_FISHING,GoogleNews_National Geographic ,Permasalahan Kompleks di Balik Pencurian Ikan oleh Kapal Indonesia di Perairan Australia - National Geographic Indonesia,"Indonesia, Bali",Unspecified Vessel,LOW,0.9106,"-2.5489, 118.0149"
"Tue, 24 Feb 2026 08:00:00 GMT",TERRITORIAL_VIOLATION,GoogleNews_Indonesiadefense.com,Skenario Tegang di Natuna! TNI AL Hadapi 2 Kapal Perang Asing Kawal Pencuri Ikan - Indonesiadefense.com,"Indonesia, Natuna",Unspecified Vessel,LOW,0.8778,"-2.5489, 118.0149"
"Fri, 22 May 2026 07:00:00 GMT",ENFORCEMENT,GoogleNews_ANTARA News Yogyakar,Quo Vadis Bakamla RI? - ANTARA News Yogyakarta,Unknown,Unspecified Vessel,LOW,0.9511,N/A
2026-06-03T11:42:00.545757,ILLEGAL_FISHING,GlobalFishingWatch,Suspicious fishing vessel activity detected in Indonesian EEZ,Natuna Sea,Foreign Fishing Vessel,MEDIUM,0.8500,"3.9731, 108.2425"
2026-06-03T11:42:02.607342,CONSERVATION_ISSUE,OpenMeteo_Weather,"Maritime conditions: Wave 0.76m, Wind 0km/h at Java Sea",Java Sea,Weather: 0.76m waves,LOW,0.9000,"-5.5, 110.0"
2026-06-03T11:42:04.027393,CONSERVATION_ISSUE,OpenMeteo_Weather,"Maritime conditions: Wave 0.12m, Wind 0km/h at Natuna Sea",Natuna Sea,Weather: 0.12m waves,LOW,0.9000,"3.97, 108.24"
2026-06-03T11:42:05.787016,CONSERVATION_ISSUE,OpenMeteo_Weather,"Maritime conditions: Wave 0m, Wind 0km/h at Malacca Strait",Malacca Strait,Weather: 0m waves,LOW,0.9000,"2.5, 100.0"
2026-06-03T11:42:35.796563,ILLEGAL_FISHING,GlobalFishingWatch,Suspicious fishing vessel activity detected in Indonesian EEZ,Natuna Sea,Foreign Fishing Vessel,MEDIUM,0.8500,"3.9731, 108.2425"
2026-06-03T11:42:37.954246,CONSERVATION_ISSUE,OpenMeteo_Weather,"Maritime conditions: Wave 0.76m, Wind 0km/h at Java Sea",Java Sea,Weather: 0.76m waves,LOW,0.9000,"-5.5, 110.0"
2026-06-03T11:42:39.811867,CONSERVATION_ISSUE,OpenMeteo_Weather,"Maritime conditions: Wave 0.12m, Wind 0km/h at Natuna Sea",Natuna Sea,Weather: 0.12m waves,LOW,0.9000,"3.97, 108.24"
2026-06-03T11:42:41.433569,CONSERVATION_ISSUE,OpenMeteo_Weather,"Maritime conditions: Wave 0m, Wind 0km/h at Malacca Strait",Malacca Strait,Weather: 0m waves,LOW,0.9000,"2.5, 100.0"
2026-06-03T11:42:39.092604,AIS_ANOMALY,VesselFinder,AIS tracking data collected from VesselFinder,Indonesian Waters,Multiple Vessels Tracked,LOW,0.7500,"-6.2088, 106.8456"
2026-06-03T11:43:11.454569,ILLEGAL_FISHING,GlobalFishingWatch,Suspicious fishing vessel activity detected in Indonesian EEZ,Natuna Sea,Foreign Fishing Vessel,MEDIUM,0.8500,"3.9731, 108.2425"
2026-06-03T11:43:13.345353,CONSERVATION_ISSUE,OpenMeteo_Weather,"Maritime conditions: Wave 0.76m, Wind 0km/h at Java Sea",Java Sea,Weather: 0.76m waves,LOW,0.9000,"-5.5, 110.0"
2026-06-03T11:43:15.345848,CONSERVATION_ISSUE,OpenMeteo_Weather,"Maritime conditions: Wave 0.12m, Wind 0km/h at Natuna Sea",Natuna Sea,Weather: 0.12m waves,LOW,0.9000,"3.97, 108.24"
2026-06-03T11:43:17.118488,CONSERVATION_ISSUE,OpenMeteo_Weather,"Maritime conditions: Wave 0m, Wind 0km/h at Malacca Strait",Malacca Strait,Weather: 0m waves,LOW,0.9000,"2.5, 100.0"
2026-06-03T11:43:47.133754,ILLEGAL_FISHING,GlobalFishingWatch,Suspicious fishing vessel activity detected in Indonesian EEZ,Natuna Sea,Foreign Fishing Vessel,MEDIUM,0.8500,"3.9731, 108.2425"
2026-06-03T11:43:50.577282,CONSERVATION_ISSUE,OpenMeteo_Weather,"Maritime conditions: Wave 0.76m, Wind 0km/h at Java Sea",Java Sea,Weather: 0.76m waves,LOW,0.9000,"-5.5, 110.0"
2026-06-03T11:43:53.041239,CONSERVATION_ISSUE,OpenMeteo_Weather,"Maritime conditions: Wave 0.12m, Wind 0km/h at Natuna Sea",Natuna Sea,Weather: 0.12m waves,LOW,0.9000,"3.97, 108.24"
2026-06-03T11:43:55.263506,CONSERVATION_ISSUE,OpenMeteo_Weather,"Maritime conditions: Wave 0m, Wind 0km/h at Malacca Strait",Malacca Strait,Weather: 0m waves,LOW,0.9000,"2.5, 100.0"
"Sat, 18 Apr 2026 07:00:00 GMT",ILLEGAL_FISHING,GoogleNews_Batamtoday.com,KKP Tindak Tegas Pelanggaran di Pulau-pulau Kecil dan Kapal Asing Ilegal - Batamtoday.com,Unknown,Unspecified Vessel,LOW,0.8984,N/A
"Thu, 16 Apr 2026 07:00:00 GMT",ILLEGAL_FISHING,GoogleNews_Kompas.com,"KKP Tak Tenggelamkan Kapal Asing Ilegal Seperti Era Susi Pudjiastuti, tapi Diberikan ke Nelayan - Kompas.com",Unknown,Unspecified Vessel,LOW,0.8926,N/A
"Thu, 02 Apr 2026 07:00:00 GMT",ILLEGAL_FISHING,GoogleNews_Kemenko Polkam R.I.,Kemenko Polkam Dukung Pencegahan Ilegal Fishing Nelayan - Kemenko Polkam R.I.,Unknown,Unspecified Vessel,LOW,0.9222,N/A
"Sat, 25 Apr 2026 07:00:00 GMT",ILLEGAL_FISHING,GoogleNews_Bicara Indonesia,KKP Manfaatkan Kapal Sitaan Illegal Fishing untuk Nelayan dan Pengawasan - Bicara Indonesia,Indonesia,Unspecified Vessel,MEDIUM,0.6779,"-2.5489, 118.0149"
"Sun, 05 Apr 2026 07:00:00 GMT",ILLEGAL_FISHING,GoogleNews_National Geographic ,Permasalahan Kompleks di Balik Pencurian Ikan oleh Kapal Indonesia di Perairan Australia - National Geographic Indonesia,"Indonesia, Bali",Unspecified Vessel,LOW,0.9106,"-2.5489, 118.0149"
"Tue, 24 Feb 2026 08:00:00 GMT",TERRITORIAL_VIOLATION,GoogleNews_Indonesiadefense.com,Skenario Tegang di Natuna! TNI AL Hadapi 2 Kapal Perang Asing Kawal Pencuri Ikan - Indonesiadefense.com,"Indonesia, Natuna",Unspecified Vessel,LOW,0.8778,"-2.5489, 118.0149"
"Fri, 22 May 2026 07:00:00 GMT",ENFORCEMENT,GoogleNews_ANTARA News Yogyakar,Quo Vadis Bakamla RI? - ANTARA News Yogyakarta,Unknown,Unspecified Vessel,LOW,0.9511,N/A
2026-06-03T11:44:26.270410,ILLEGAL_FISHING,GlobalFishingWatch,Suspicious fishing vessel activity detected in Indonesian EEZ,Natuna Sea,Foreign Fishing Vessel,MEDIUM,0.8500,"3.9731, 108.2425"
2026-06-03T11:44:28.005640,CONSERVATION_ISSUE,OpenMeteo_Weather,"Maritime conditions: Wave 0.76m, Wind 0km/h at Java Sea",Java Sea,Weather: 0.76m waves,LOW,0.9000,"-5.5, 110.0"
2026-06-03T11:44:30.096734,CONSERVATION_ISSUE,OpenMeteo_Weather,"Maritime conditions: Wave 0.12m, Wind 0km/h at Natuna Sea",Natuna Sea,Weather: 0.12m waves,LOW,0.9000,"3.97, 108.24"
2026-06-03T11:44:31.685248,CONSERVATION_ISSUE,OpenMeteo_Weather,"Maritime conditions: Wave 0m, Wind 0km/h at Malacca Strait",Malacca Strait,Weather: 0m waves,LOW,0.9000,"2.5, 100.0"
2026-06-03T11:45:01.692102,ILLEGAL_FISHING,GlobalFishingWatch,Suspicious fishing vessel activity detected in Indonesian EEZ,Natuna Sea,Foreign Fishing Vessel,MEDIUM,0.8500,"3.9731, 108.2425"
2026-06-03T11:45:04.093797,CONSERVATION_ISSUE,OpenMeteo_Weather,"Maritime conditions: Wave 0.74m, Wind 0km/h at Java Sea",Java Sea,Weather: 0.74m waves,LOW,0.9000,"-5.5, 110.0"
2026-06-03T11:45:05.929417,CONSERVATION_ISSUE,OpenMeteo_Weather,"Maritime conditions: Wave 0.12m, Wind 0km/h at Natuna Sea",Natuna Sea,Weather: 0.12m waves,LOW,0.9000,"3.97, 108.24"
2026-06-03T11:45:07.246643,CONSERVATION_ISSUE,OpenMeteo_Weather,"Maritime conditions: Wave 0m, Wind 0km/h at Malacca Strait",Malacca Strait,Weather: 0m waves,LOW,0.9000,"2.5, 100.0"
2026-06-03T11:45:37.269741,ILLEGAL_FISHING,GlobalFishingWatch,Suspicious fishing vessel activity detected in Indonesian EEZ,Natuna Sea,Foreign Fishing Vessel,MEDIUM,0.8500,"3.9731, 108.2425"
2026-06-03T11:45:39.757000,CONSERVATION_ISSUE,OpenMeteo_Weather,"Maritime conditions: Wave 0.74m, Wind 0km/h at Java Sea",Java Sea,Weather: 0.74m waves,LOW,0.9000,"-5.5, 110.0"
2026-06-03T11:45:41.761521,CONSERVATION_ISSUE,OpenMeteo_Weather,"Maritime conditions: Wave 0.12m, Wind 0km/h at Natuna Sea",Natuna Sea,Weather: 0.12m waves,LOW,0.9000,"3.97, 108.24"
2026-06-03T11:45:43.105962,CONSERVATION_ISSUE,OpenMeteo_Weather,"Maritime conditions: Wave 0m, Wind 0km/h at Malacca Strait",Malacca Strait,Weather: 0m waves,LOW,0.9000,"2.5, 100.0"
2026-06-03T11:46:13.125035,ILLEGAL_FISHING,GlobalFishingWatch,Suspicious fishing vessel activity detected in Indonesian EEZ,Natuna Sea,Foreign Fishing Vessel,MEDIUM,0.8500,"3.9731, 108.2425"
2026-06-03T11:46:17.805850,CONSERVATION_ISSUE,OpenMeteo_Weather,"Maritime conditions: Wave 0.74m, Wind 0km/h at Java Sea",Java Sea,Weather: 0.74m waves,LOW,0.9000,"-5.5, 110.0"
2026-06-03T11:46:20.530630,CONSERVATION_ISSUE,OpenMeteo_Weather,"Maritime conditions: Wave 0.12m, Wind 0km/h at Natuna Sea",Natuna Sea,Weather: 0.12m waves,LOW,0.9000,"3.97, 108.24"
2026-06-03T11:46:23.004562,CONSERVATION_ISSUE,OpenMeteo_Weather,"Maritime conditions: Wave 0m, Wind 0km/h at Malacca Strait",Malacca Strait,Weather: 0m waves,LOW,0.9000,"2.5, 100.0"
"Wed, 20 May 2026 07:00:00 GMT",ILLEGAL_FISHING,GoogleNews_Kumparan.com,Prabowo: Tiap Malam Puluhan Ribu Kapal Asing Ambil Kekayaan Kita Secara Ilegal - kumparan.com - Kumparan.com,Unknown,Unspecified Vessel,LOW,0.8534,N/A
"Wed, 20 May 2026 08:55:00 GMT",ILLEGAL_FISHING,GoogleNews_CaraPandang,Prabowo Singgung Puluhan Ribu Kapal Asing Curi Hasil Alam Indonesia Secara Ilegal - CaraPandang,Indonesia,Unspecified Vessel,LOW,0.8425,"-2.5489, 118.0149"
"Thu, 21 May 2026 03:30:44 GMT",ILLEGAL_FISHING,GoogleNews_PontianakPost,"Patroli Laut Maluku Diperketat, TNI AL Siaga Hadang Pelanggaran Lintas Negara dan Ancaman Kapal Asing Ilegal - PontianakPost",Maluku,Unspecified Vessel,LOW,0.9135,"-3.2385, 130.1453"
"Wed, 20 May 2026 07:00:00 GMT",ILLEGAL_FISHING,GoogleNews_SINDOnews Ekbis,Prabowo: Puluhan Ribu Kapal Asing Tiap Malam Mengambil Kekayaan RI secara Ilegal - SINDOnews Ekbis,Unknown,Unspecified Vessel,LOW,0.8979,N/A
"Sat, 18 Apr 2026 07:00:00 GMT",ILLEGAL_FISHING,GoogleNews_Batamtoday.com,KKP Tindak Tegas Pelanggaran di Pulau-pulau Kecil dan Kapal Asing Ilegal - Batamtoday.com,Unknown,Unspecified Vessel,LOW,0.8984,N/A
"Thu, 16 Apr 2026 07:00:00 GMT",ILLEGAL_FISHING,GoogleNews_Kompas.com,"KKP Tak Tenggelamkan Kapal Asing Ilegal Seperti Era Susi Pudjiastuti, tapi Diberikan ke Nelayan - Kompas.com",Unknown,Unspecified Vessel,LOW,0.8926,N/A
"Fri, 27 Mar 2026 07:00:00 GMT",ILLEGAL_FISHING,GoogleNews_detikNews,Kapten Kapal Indonesia Dibui karena Tangkap Teripang Ilegal di Australia - detikNews,Indonesia,Unspecified Vessel,LOW,0.8877,"-2.5489, 118.0149"
"Wed, 15 Apr 2026 07:00:00 GMT",ENFORCEMENT,GoogleNews_ANTARA News,"KKP tangkap tiga kapal asing, selamatkan potensi rugi Rp20,2 miliar - ANTARA News",Unknown,Unspecified Vessel,LOW,0.8985,N/A
"Thu, 02 Apr 2026 07:00:00 GMT",ILLEGAL_FISHING,GoogleNews_Kemenko Polkam R.I.,Kemenko Polkam Dukung Pencegahan Ilegal Fishing Nelayan - Kemenko Polkam R.I.,Unknown,Unspecified Vessel,LOW,0.9222,N/A
"Sat, 25 Apr 2026 07:00:00 GMT",ILLEGAL_FISHING,GoogleNews_Bicara Indonesia,KKP Manfaatkan Kapal Sitaan Illegal Fishing untuk Nelayan dan Pengawasan - Bicara Indonesia,Indonesia,Unspecified Vessel,MEDIUM,0.6779,"-2.5489, 118.0149"
"Sun, 05 Apr 2026 07:00:00 GMT",ILLEGAL_FISHING,GoogleNews_National Geographic ,Permasalahan Kompleks di Balik Pencurian Ikan oleh Kapal Indonesia di Perairan Australia - National Geographic Indonesia,"Indonesia, Bali",Unspecified Vessel,LOW,0.9106,"-2.5489, 118.0149"
"Tue, 24 Feb 2026 08:00:00 GMT",TERRITORIAL_VIOLATION,GoogleNews_Indonesiadefense.com,Skenario Tegang di Natuna! TNI AL Hadapi 2 Kapal Perang Asing Kawal Pencuri Ikan - Indonesiadefense.com,"Indonesia, Natuna",Unspecified Vessel,LOW,0.8778,"-2.5489, 118.0149"
"Fri, 22 May 2026 07:00:00 GMT",ENFORCEMENT,GoogleNews_ANTARA News Yogyakar,Quo Vadis Bakamla RI? - ANTARA News Yogyakarta,Unknown,Unspecified Vessel,LOW,0.9511,N/A
2026-06-01T12:00:00Z,AIS_ANOMALY,Globalsecurity.org,"CCG conducts rights-protection law enforcement in waters where Japan, Philippines intend to infringe on China's rights",Philippines,Unspecified Vessel,LOW,0.9151,"12.8797, 121.7740"
2026-05-31T13:44:21Z,ENFORCEMENT,The Times of India,"China conducts patrols near Scarborough Shoal, Philippines dismisses drill assertions as ""unfounded""",Philippines,Unspecified Vessel,LOW,0.5400,"12.8797, 121.7740"
2026-05-26T18:00:00Z,PIRACY,OilPrice.com,Gulf Shipping Crisis Fuels New Eurasian Corridors,Unknown,Unspecified Vessel,LOW,0.7670,N/A
2026-05-26T10:00:00Z,TERRITORIAL_VIOLATION,RTE,Call for tougher action on foreign vessels fishing in EEZ,Unspecified Maritime Zone,Unspecified Vessel,LOW,0.9125,N/A
"Wed, 20 May 2026 07:00:00 GMT",ILLEGAL_FISHING,GoogleNews_Kumparan.com,Prabowo: Tiap Malam Puluhan Ribu Kapal Asing Ambil Kekayaan Kita Secara Ilegal - kumparan.com - Kumparan.com,Unknown,Unspecified Vessel,LOW,0.8534,N/A
"Wed, 20 May 2026 08:55:00 GMT",ILLEGAL_FISHING,GoogleNews_CaraPandang,Prabowo Singgung Puluhan Ribu Kapal Asing Curi Hasil Alam Indonesia Secara Ilegal - CaraPandang,Indonesia,Unspecified Vessel,LOW,0.8425,"-2.5489, 118.0149"
"Thu, 21 May 2026 03:30:44 GMT",ILLEGAL_FISHING,GoogleNews_PontianakPost,"Patroli Laut Maluku Diperketat, TNI AL Siaga Hadang Pelanggaran Lintas Negara dan Ancaman Kapal Asing Ilegal - PontianakPost",Maluku,Unspecified Vessel,LOW,0.9135,"-3.2385, 130.1453"
"Wed, 20 May 2026 07:00:00 GMT",ILLEGAL_FISHING,GoogleNews_SINDOnews Ekbis,Prabowo: Puluhan Ribu Kapal Asing Tiap Malam Mengambil Kekayaan RI secara Ilegal - SINDOnews Ekbis,Unknown,Unspecified Vessel,LOW,0.8979,N/A
"Sat, 18 Apr 2026 07:00:00 GMT",ILLEGAL_FISHING,GoogleNews_Batamtoday.com,KKP Tindak Tegas Pelanggaran di Pulau-pulau Kecil dan Kapal Asing Ilegal - Batamtoday.com,Unknown,Unspecified Vessel,LOW,0.8984,N/A
"Thu, 16 Apr 2026 07:00:00 GMT",ILLEGAL_FISHING,GoogleNews_Kompas.com,"KKP Tak Tenggelamkan Kapal Asing Ilegal Seperti Era Susi Pudjiastuti, tapi Diberikan ke Nelayan - Kompas.com",Unknown,Unspecified Vessel,LOW,0.8926,N/A
"Fri, 27 Mar 2026 07:00:00 GMT",ILLEGAL_FISHING,GoogleNews_detikNews,Kapten Kapal Indonesia Dibui karena Tangkap Teripang Ilegal di Australia - detikNews,Indonesia,Unspecified Vessel,LOW,0.8877,"-2.5489, 118.0149"
"Wed, 15 Apr 2026 07:00:00 GMT",ENFORCEMENT,GoogleNews_ANTARA News,"KKP tangkap tiga kapal asing, selamatkan potensi rugi Rp20,2 miliar - ANTARA News",Unknown,Unspecified Vessel,LOW,0.8985,N/A
"Thu, 06 Nov 2025 08:00:00 GMT",ENFORCEMENT,GoogleNews_KKP | Kementerian Ke,KKP Tangkap Kapal Ikan Asing Berbendera Vietnam di Laut Natuna Utara - KKP | Kementerian Kelautan dan Perikanan,"Natuna, Vietnam",Unspecified Vessel,LOW,0.9274,"3.9731, 108.2425"
"Thu, 06 Nov 2025 08:00:00 GMT",ENFORCEMENT,GoogleNews_KKP | Kementerian Ke,KKP Tangkap Kapal Ikan Asing Berbendera Vietnam di Laut Natuna Utara - KKP | Kementerian Kelautan dan Perikanan,"Natuna, Vietnam",Unspecified Vessel,LOW,0.9274,"3.9731, 108.2425"
"Thu, 02 Apr 2026 07:00:00 GMT",ILLEGAL_FISHING,GoogleNews_Kemenko Polkam R.I.,Kemenko Polkam Dukung Pencegahan Ilegal Fishing Nelayan - Kemenko Polkam R.I.,Unknown,Unspecified Vessel,LOW,0.9222,N/A
"Thu, 06 Nov 2025 08:00:00 GMT",ILLEGAL_FISHING,GoogleNews_ANTARA News Bengkulu,"KKP amankan 41 kapal ""illegal fishing"" di Laut Natuna Utara - ANTARA News Bengkulu",Natuna,Unspecified Vessel,MEDIUM,0.6423,"3.9731, 108.2425"
"Thu, 06 Nov 2025 08:00:00 GMT",ILLEGAL_FISHING,GoogleNews_Emitennews.com,"Sepanjang 2025, KKP Tangkap 255 Kapal Pelaku Illegal Fishing - Emitennews.com",Unknown,Unspecified Vessel,MEDIUM,0.8509,N/A
"Tue, 18 Nov 2025 01:53:43 GMT",ILLEGAL_FISHING,GoogleNews_Kementerian Agama,"Setahun Pemerintahan JokowiJK: Berantas Illegal Fishing, Produksi Ikan Meningkat - Kementerian Agama",Unknown,Unspecified Vessel,MEDIUM,0.7690,N/A
"Sat, 25 Apr 2026 07:00:00 GMT",ILLEGAL_FISHING,GoogleNews_Bicara Indonesia,KKP Manfaatkan Kapal Sitaan Illegal Fishing untuk Nelayan dan Pengawasan - Bicara Indonesia,Indonesia,Unspecified Vessel,MEDIUM,0.6779,"-2.5489, 118.0149"
"Mon, 21 Jul 2025 04:41:11 GMT",ILLEGAL_FISHING,GoogleNews_KKP | Kementerian Ke,"NELAYAN TERANCAM, LAUT TERLUKA: DAMPAK IUU FISHING BAGI MASYARAKAT DAN EKOSISTEM - KKP | Kementerian Kelautan dan Perikanan",Unknown,Unspecified Vessel,LOW,0.8665,N/A
"Sun, 05 Apr 2026 07:00:00 GMT",ILLEGAL_FISHING,GoogleNews_National Geographic ,Permasalahan Kompleks di Balik Pencurian Ikan oleh Kapal Indonesia di Perairan Australia - National Geographic Indonesia,"Indonesia, Bali",Unspecified Vessel,LOW,0.9106,"-2.5489, 118.0149"
"Tue, 24 Feb 2026 08:00:00 GMT",TERRITORIAL_VIOLATION,GoogleNews_Indonesiadefense.com,Skenario Tegang di Natuna! TNI AL Hadapi 2 Kapal Perang Asing Kawal Pencuri Ikan - Indonesiadefense.com,"Indonesia, Natuna",Unspecified Vessel,LOW,0.8778,"-2.5489, 118.0149"
"Mon, 23 Dec 2024 08:00:00 GMT",ENFORCEMENT,GoogleNews_KKP | Kementerian Ke,KKP Tangkap 240 Kapal Pencuri Ikan Sepanjang 2024 - KKP | Kementerian Kelautan dan Perikanan,Unknown,Unspecified Vessel,LOW,0.9126,N/A
"Fri, 14 Nov 2025 08:00:00 GMT",ILLEGAL_FISHING,GoogleNews_Mongabay.co.id,Sulitnya Memberantas Pencurian Ikan di Natuna - Mongabay.co.id,Natuna,Unspecified Vessel,LOW,0.8901,"3.9731, 108.2425"
"Thu, 06 Nov 2025 08:00:00 GMT",TERRITORIAL_VIOLATION,GoogleNews_ANTARA News,KKP menangkap kapal Vietnam curi ikan di Laut Natuna Utara - ANTARA News,"Natuna, Vietnam",Unspecified Vessel,LOW,0.8950,"3.9731, 108.2425"
"Mon, 17 Apr 2023 07:00:00 GMT",ILLEGAL_FISHING,GoogleNews_Kompas.id,Pencurian Ikan Masih Marak di Laut Natuna Utara - Kompas.id,Natuna,Unspecified Vessel,LOW,0.8910,"3.9731, 108.2425"
"Sun, 20 Apr 2025 07:00:00 GMT",ILLEGAL_FISHING,GoogleNews_Tempo.co,"Pencurian Ikan di Laut Natuna Utara Diprediksi Merugikan Negara Rp 152,8 Miliar - Tempo.co",Natuna,Unspecified Vessel,LOW,0.9057,"3.9731, 108.2425"
"Fri, 07 Nov 2025 08:00:00 GMT",ILLEGAL_FISHING,GoogleNews_SINDOnews Ekbis,Duit Rp522 Triliun Setiap Tahun Hilang Akibat Pencurian Ikan di Laut Indonesia - SINDOnews Ekbis,Indonesia,Unspecified Vessel,LOW,0.9128,"-2.5489, 118.0149"
"Wed, 26 Jun 2024 07:00:00 GMT",ILLEGAL_FISHING,GoogleNews_Kemenko Polkam R.I.,KEMENKO POLHUKAM UPAYAKAN PERBAIKAN PENCEGAHAN DAN PENANGANAN YANG KOMPREHENSIF ATAS PENCURIAN IKAN YANG DILAKUKAN OLEH NELAYAN INDONESIA DI PERAIRAN AUSTRALIA - Kemenko Polkam R.I.,Indonesia,Unspecified Vessel,LOW,0.8049,"-2.5489, 118.0149"
"Thu, 06 Nov 2025 08:00:00 GMT",ILLEGAL_FISHING,GoogleNews_Emitennews.com,"Sepanjang 2025, KKP Tangkap 255 Kapal Pelaku Illegal Fishing - Emitennews.com",Unknown,Unspecified Vessel,MEDIUM,0.8509,N/A
"Fri, 22 May 2026 07:00:00 GMT",ENFORCEMENT,GoogleNews_ANTARA News Yogyakar,Quo Vadis Bakamla RI? - ANTARA News Yogyakarta,Unknown,Unspecified Vessel,LOW,0.9511,N/A
"Sun, 10 Aug 2025 22:33:10 GMT",ENFORCEMENT,GoogleNews_Kompas.id,Bakamla Tangkap Kapal Tanker Iran di Laut Natuna Utara - Kompas.id,Natuna,Tanker,LOW,0.9095,"3.9731, 108.2425"
"Sun, 03 Aug 2025 07:00:00 GMT",ENFORCEMENT,GoogleNews_Tempo.co,Bakamla Tangkap Kapal Penyelundup Bawang Merah di Batam - Tempo.co,Unknown,Unspecified Vessel,LOW,0.8878,N/A
"Sat, 02 Aug 2025 07:00:00 GMT",ILLEGAL_FISHING,GoogleNews_CNN Indonesia,Bakamla Tangkap Kapal Angkut 400 Karung Bawang Merah Ilegal di Kepri - CNN Indonesia,Indonesia,Unspecified Vessel,LOW,0.8813,"-2.5489, 118.0149"
"Thu, 16 Oct 2025 07:00:00 GMT",ENFORCEMENT,GoogleNews_Kompas.com,Bakamla Tangkap Lima Terduga Perompak Batu Bara di Kaltim - Kompas.com,Unknown,Unspecified Vessel,LOW,0.9290,N/A
"Sun, 03 Aug 2025 07:00:00 GMT",ENFORCEMENT,GoogleNews_iNews.ID,Bakamla Tangkap Kapal Penyelundup Bawang Merah dari Batam ke Kuala Tungkal - iNews.ID,Unknown,Unspecified Vessel,LOW,0.8565,N/A
"Thu, 16 Oct 2025 07:00:00 GMT",ENFORCEMENT,GoogleNews_Niaga.Asia,Bakamla RI Tangkap 5 Orang yang Diduga akan Merampok Tongkang Batubara - Niaga.Asia,Unknown,Unspecified Vessel,LOW,0.9177,N/A
"Sun, 13 Aug 2023 07:00:00 GMT",ENFORCEMENT,GoogleNews_detikNews,Bakamla RI Tangkap Kapal Vietnam Curi 5 Ton Ikan di Laut Natuna Utara - detikNews,"Natuna, Vietnam",Unspecified Vessel,LOW,0.9131,"3.9731, 108.2425"
"Fri, 17 Oct 2025 07:00:00 GMT",ENFORCEMENT,GoogleNews_SinPo.id,Bakamla RI Gagalkan Aksi Perompakan Kapal Tugboat di Perairan Kalimantan Timur - SinPo.id,Unknown,Unspecified Vessel,LOW,0.8882,N/A
"Thu, 13 Jul 2023 07:00:00 GMT",ILLEGAL_FISHING,GoogleNews_Voice of America Ind,Indonesia Sita Kapal Tanker Iran atas Dugaan Transfer Minyak Ilegal Dekat Perairan Natuna - Voice of America Indonesia,"Indonesia, Natuna",Tanker,LOW,0.9250,"-2.5489, 118.0149"
2026-06-03T11:46:46.413857,AIS_ANOMALY,VesselFinder,AIS tracking data collected from VesselFinder,Indonesian Waters,Multiple Vessels Tracked,LOW,0.7500,"-6.2088, 106.8456"
2026-06-03T11:46:39.196100,ILLEGAL_FISHING,GlobalFishingWatch,Suspicious fishing vessel activity detected in Indonesian EEZ,Natuna Sea,Foreign Fishing Vessel,MEDIUM,0.8500,"3.9731, 108.2425"
2026-06-03T11:46:46.275267,CONSERVATION_ISSUE,OpenMeteo_Weather,"Maritime conditions: Wave 0.74m, Wind 0km/h at Java Sea",Java Sea,Weather: 0.74m waves,LOW,0.9000,"-5.5, 110.0"
2026-06-03T11:46:48.933995,CONSERVATION_ISSUE,OpenMeteo_Weather,"Maritime conditions: Wave 0.12m, Wind 0km/h at Natuna Sea",Natuna Sea,Weather: 0.12m waves,LOW,0.9000,"3.97, 108.24"
2026-06-03T11:46:53.993734,CONSERVATION_ISSUE,OpenMeteo_Weather,"Maritime conditions: Wave 0m, Wind 0km/h at Malacca Strait",Malacca Strait,Weather: 0m waves,LOW,0.9000,"2.5, 100.0"
2026-06-03T11:46:53.797539,ILLEGAL_FISHING,GlobalFishingWatch,Suspicious fishing vessel activity detected in Indonesian EEZ,Natuna Sea,Foreign Fishing Vessel,MEDIUM,0.8500,"3.9731, 108.2425"
2026-06-03T11:46:56.500446,CONSERVATION_ISSUE,OpenMeteo_Weather,"Maritime conditions: Wave 0.74m, Wind 0km/h at Java Sea",Java Sea,Weather: 0.74m waves,LOW,0.9000,"-5.5, 110.0"
2026-06-03T11:46:58.766434,CONSERVATION_ISSUE,OpenMeteo_Weather,"Maritime conditions: Wave 0.12m, Wind 0km/h at Natuna Sea",Natuna Sea,Weather: 0.12m waves,LOW,0.9000,"3.97, 108.24"
2026-06-03T11:47:00.755390,CONSERVATION_ISSUE,OpenMeteo_Weather,"Maritime conditions: Wave 0m, Wind 0km/h at Malacca Strait",Malacca Strait,Weather: 0m waves,LOW,0.9000,"2.5, 100.0"
2026-06-03T11:47:30.774011,ILLEGAL_FISHING,GlobalFishingWatch,Suspicious fishing vessel activity detected in Indonesian EEZ,Natuna Sea,Foreign Fishing Vessel,MEDIUM,0.8500,"3.9731, 108.2425"
2026-06-03T11:47:32.484364,CONSERVATION_ISSUE,OpenMeteo_Weather,"Maritime conditions: Wave 0.74m, Wind 0km/h at Java Sea",Java Sea,Weather: 0.74m waves,LOW,0.9000,"-5.5, 110.0"
2026-06-03T11:47:34.363588,CONSERVATION_ISSUE,OpenMeteo_Weather,"Maritime conditions: Wave 0.12m, Wind 0km/h at Natuna Sea",Natuna Sea,Weather: 0.12m waves,LOW,0.9000,"3.97, 108.24"
2026-06-03T11:47:36.609772,CONSERVATION_ISSUE,OpenMeteo_Weather,"Maritime conditions: Wave 0m, Wind 0km/h at Malacca Strait",Malacca Strait,Weather: 0m waves,LOW,0.9000,"2.5, 100.0"
2026-06-03T11:48:06.620846,ILLEGAL_FISHING,GlobalFishingWatch,Suspicious fishing vessel activity detected in Indonesian EEZ,Natuna Sea,Foreign Fishing Vessel,MEDIUM,0.8500,"3.9731, 108.2425"
2026-06-03T11:48:08.643124,CONSERVATION_ISSUE,OpenMeteo_Weather,"Maritime conditions: Wave 0.74m, Wind 0km/h at Java Sea",Java Sea,Weather: 0.74m waves,LOW,0.9000,"-5.5, 110.0"
2026-06-03T11:48:10.708561,CONSERVATION_ISSUE,OpenMeteo_Weather,"Maritime conditions: Wave 0.12m, Wind 0km/h at Natuna Sea",Natuna Sea,Weather: 0.12m waves,LOW,0.9000,"3.97, 108.24"
2026-06-03T11:48:12.497160,CONSERVATION_ISSUE,OpenMeteo_Weather,"Maritime conditions: Wave 0m, Wind 0km/h at Malacca Strait",Malacca Strait,Weather: 0m waves,LOW,0.9000,"2.5, 100.0"
2026-06-03T11:48:42.590257,ILLEGAL_FISHING,GlobalFishingWatch,Suspicious fishing vessel activity detected in Indonesian EEZ,Natuna Sea,Foreign Fishing Vessel,MEDIUM,0.8500,"3.9731, 108.2425"
2026-06-03T11:48:48.285903,CONSERVATION_ISSUE,OpenMeteo_Weather,"Maritime conditions: Wave 0.74m, Wind 0km/h at Java Sea",Java Sea,Weather: 0.74m waves,LOW,0.9000,"-5.5, 110.0"
2026-06-03T11:48:50.487815,CONSERVATION_ISSUE,OpenMeteo_Weather,"Maritime conditions: Wave 0.12m, Wind 0km/h at Natuna Sea",Natuna Sea,Weather: 0.12m waves,LOW,0.9000,"3.97, 108.24"
2026-06-03T11:48:52.523736,CONSERVATION_ISSUE,OpenMeteo_Weather,"Maritime conditions: Wave 0m, Wind 0km/h at Malacca Strait",Malacca Strait,Weather: 0m waves,LOW,0.9000,"2.5, 100.0"
"Wed, 20 May 2026 07:00:00 GMT",ILLEGAL_FISHING,GoogleNews_Kumparan.com,Prabowo: Tiap Malam Puluhan Ribu Kapal Asing Ambil Kekayaan Kita Secara Ilegal - kumparan.com - Kumparan.com,Unknown,Unspecified Vessel,LOW,0.8534,N/A
"Wed, 20 May 2026 08:55:00 GMT",ILLEGAL_FISHING,GoogleNews_CaraPandang,Prabowo Singgung Puluhan Ribu Kapal Asing Curi Hasil Alam Indonesia Secara Ilegal - CaraPandang,Indonesia,Unspecified Vessel,LOW,0.8425,"-2.5489, 118.0149"
"Thu, 21 May 2026 03:30:44 GMT",ILLEGAL_FISHING,GoogleNews_PontianakPost,"Patroli Laut Maluku Diperketat, TNI AL Siaga Hadang Pelanggaran Lintas Negara dan Ancaman Kapal Asing Ilegal - PontianakPost",Maluku,Unspecified Vessel,LOW,0.9135,"-3.2385, 130.1453"
"Wed, 20 May 2026 07:00:00 GMT",ILLEGAL_FISHING,GoogleNews_SINDOnews Ekbis,Prabowo: Puluhan Ribu Kapal Asing Tiap Malam Mengambil Kekayaan RI secara Ilegal - SINDOnews Ekbis,Unknown,Unspecified Vessel,LOW,0.8979,N/A
"Sat, 18 Apr 2026 07:00:00 GMT",ILLEGAL_FISHING,GoogleNews_Batamtoday.com,KKP Tindak Tegas Pelanggaran di Pulau-pulau Kecil dan Kapal Asing Ilegal - Batamtoday.com,Unknown,Unspecified Vessel,LOW,0.8984,N/A
"Thu, 16 Apr 2026 07:00:00 GMT",ILLEGAL_FISHING,GoogleNews_Kompas.com,"KKP Tak Tenggelamkan Kapal Asing Ilegal Seperti Era Susi Pudjiastuti, tapi Diberikan ke Nelayan - Kompas.com",Unknown,Unspecified Vessel,LOW,0.8926,N/A
"Fri, 27 Mar 2026 07:00:00 GMT",ILLEGAL_FISHING,GoogleNews_detikNews,Kapten Kapal Indonesia Dibui karena Tangkap Teripang Ilegal di Australia - detikNews,Indonesia,Unspecified Vessel,LOW,0.8877,"-2.5489, 118.0149"
"Wed, 15 Apr 2026 07:00:00 GMT",ENFORCEMENT,GoogleNews_ANTARA News,"KKP tangkap tiga kapal asing, selamatkan potensi rugi Rp20,2 miliar - ANTARA News",Unknown,Unspecified Vessel,LOW,0.8985,N/A
"Thu, 02 Apr 2026 07:00:00 GMT",ILLEGAL_FISHING,GoogleNews_Kemenko Polkam R.I.,Kemenko Polkam Dukung Pencegahan Ilegal Fishing Nelayan - Kemenko Polkam R.I.,Unknown,Unspecified Vessel,LOW,0.9222,N/A
"Sat, 25 Apr 2026 07:00:00 GMT",ILLEGAL_FISHING,GoogleNews_Bicara Indonesia,KKP Manfaatkan Kapal Sitaan Illegal Fishing untuk Nelayan dan Pengawasan - Bicara Indonesia,Indonesia,Unspecified Vessel,MEDIUM,0.6779,"-2.5489, 118.0149"
"Sun, 05 Apr 2026 07:00:00 GMT",ILLEGAL_FISHING,GoogleNews_National Geographic ,Permasalahan Kompleks di Balik Pencurian Ikan oleh Kapal Indonesia di Perairan Australia - National Geographic Indonesia,"Indonesia, Bali",Unspecified Vessel,LOW,0.9106,"-2.5489, 118.0149"
"Tue, 24 Feb 2026 08:00:00 GMT",TERRITORIAL_VIOLATION,GoogleNews_Indonesiadefense.com,Skenario Tegang di Natuna! TNI AL Hadapi 2 Kapal Perang Asing Kawal Pencuri Ikan - Indonesiadefense.com,"Indonesia, Natuna",Unspecified Vessel,LOW,0.8778,"-2.5489, 118.0149"
"Fri, 22 May 2026 07:00:00 GMT",ENFORCEMENT,GoogleNews_ANTARA News Yogyakar,Quo Vadis Bakamla RI? - ANTARA News Yogyakarta,Unknown,Unspecified Vessel,LOW,0.9511,N/A
2026-06-03T11:48:48.242709,AIS_ANOMALY,VesselFinder,AIS tracking data collected from VesselFinder,Indonesian Waters,Multiple Vessels Tracked,LOW,0.7500,"-6.2088, 106.8456"
2026-06-03T11:49:24.161388,ILLEGAL_FISHING,GlobalFishingWatch,Suspicious fishing vessel activity detected in Indonesian EEZ,Natuna Sea,Foreign Fishing Vessel,MEDIUM,0.8500,"3.9731, 108.2425"
2026-06-03T11:49:25.896970,CONSERVATION_ISSUE,OpenMeteo_Weather,"Maritime conditions: Wave 0.74m, Wind 0km/h at Java Sea",Java Sea,Weather: 0.74m waves,LOW,0.9000,"-5.5, 110.0"
2026-06-03T11:49:27.453414,CONSERVATION_ISSUE,OpenMeteo_Weather,"Maritime conditions: Wave 0.12m, Wind 0km/h at Natuna Sea",Natuna Sea,Weather: 0.12m waves,LOW,0.9000,"3.97, 108.24"
2026-06-03T11:49:29.052584,CONSERVATION_ISSUE,OpenMeteo_Weather,"Maritime conditions: Wave 0m, Wind 0km/h at Malacca Strait",Malacca Strait,Weather: 0m waves,LOW,0.9000,"2.5, 100.0"
2026-06-03T11:49:59.074822,ILLEGAL_FISHING,GlobalFishingWatch,Suspicious fishing vessel activity detected in Indonesian EEZ,Natuna Sea,Foreign Fishing Vessel,MEDIUM,0.8500,"3.9731, 108.2425"
2026-06-03T11:50:01.016932,CONSERVATION_ISSUE,OpenMeteo_Weather,"Maritime conditions: Wave 0.74m, Wind 0km/h at Java Sea",Java Sea,Weather: 0.74m waves,LOW,0.9000,"-5.5, 110.0"
2026-06-03T11:50:02.868973,CONSERVATION_ISSUE,OpenMeteo_Weather,"Maritime conditions: Wave 0.12m, Wind 0km/h at Natuna Sea",Natuna Sea,Weather: 0.12m waves,LOW,0.9000,"3.97, 108.24"
2026-06-03T11:50:04.258412,CONSERVATION_ISSUE,OpenMeteo_Weather,"Maritime conditions: Wave 0m, Wind 0km/h at Malacca Strait",Malacca Strait,Weather: 0m waves,LOW,0.9000,"2.5, 100.0"
2026-06-03T11:50:34.263053,ILLEGAL_FISHING,GlobalFishingWatch,Suspicious fishing vessel activity detected in Indonesian EEZ,Natuna Sea,Foreign Fishing Vessel,MEDIUM,0.8500,"3.9731, 108.2425"
2026-06-03T11:50:35.944308,CONSERVATION_ISSUE,OpenMeteo_Weather,"Maritime conditions: Wave 0.74m, Wind 0km/h at Java Sea",Java Sea,Weather: 0.74m waves,LOW,0.9000,"-5.5, 110.0"
2026-06-03T11:50:37.495626,CONSERVATION_ISSUE,OpenMeteo_Weather,"Maritime conditions: Wave 0.12m, Wind 0km/h at Natuna Sea",Natuna Sea,Weather: 0.12m waves,LOW,0.9000,"3.97, 108.24"
2026-06-03T11:50:38.837627,CONSERVATION_ISSUE,OpenMeteo_Weather,"Maritime conditions: Wave 0m, Wind 0km/h at Malacca Strait",Malacca Strait,Weather: 0m waves,LOW,0.9000,"2.5, 100.0"
2026-06-03T11:51:08.849591,ILLEGAL_FISHING,GlobalFishingWatch,Suspicious fishing vessel activity detected in Indonesian EEZ,Natuna Sea,Foreign Fishing Vessel,MEDIUM,0.8500,"3.9731, 108.2425"
2026-06-03T11:51:13.079862,CONSERVATION_ISSUE,OpenMeteo_Weather,"Maritime conditions: Wave 0.74m, Wind 0km/h at Java Sea",Java Sea,Weather: 0.74m waves,LOW,0.9000,"-5.5, 110.0"
2026-06-03T11:51:15.741525,CONSERVATION_ISSUE,OpenMeteo_Weather,"Maritime conditions: Wave 0.12m, Wind 0km/h at Natuna Sea",Natuna Sea,Weather: 0.12m waves,LOW,0.9000,"3.97, 108.24"
2026-06-03T11:51:17.748084,CONSERVATION_ISSUE,OpenMeteo_Weather,"Maritime conditions: Wave 0m, Wind 0km/h at Malacca Strait",Malacca Strait,Weather: 0m waves,LOW,0.9000,"2.5, 100.0"
"Wed, 20 May 2026 07:00:00 GMT",ILLEGAL_FISHING,GoogleNews_Kumparan.com,Prabowo: Tiap Malam Puluhan Ribu Kapal Asing Ambil Kekayaan Kita Secara Ilegal - kumparan.com - Kumparan.com,Unknown,Unspecified Vessel,LOW,0.8534,N/A
"Wed, 20 May 2026 08:55:00 GMT",ILLEGAL_FISHING,GoogleNews_CaraPandang,Prabowo Singgung Puluhan Ribu Kapal Asing Curi Hasil Alam Indonesia Secara Ilegal - CaraPandang,Indonesia,Unspecified Vessel,LOW,0.8425,"-2.5489, 118.0149"
"Thu, 21 May 2026 03:30:44 GMT",ILLEGAL_FISHING,GoogleNews_PontianakPost,"Patroli Laut Maluku Diperketat, TNI AL Siaga Hadang Pelanggaran Lintas Negara dan Ancaman Kapal Asing Ilegal - PontianakPost",Maluku,Unspecified Vessel,LOW,0.9135,"-3.2385, 130.1453"
"Wed, 20 May 2026 07:00:00 GMT",ILLEGAL_FISHING,GoogleNews_SINDOnews Ekbis,Prabowo: Puluhan Ribu Kapal Asing Tiap Malam Mengambil Kekayaan RI secara Ilegal - SINDOnews Ekbis,Unknown,Unspecified Vessel,LOW,0.8979,N/A
"Sat, 18 Apr 2026 07:00:00 GMT",ILLEGAL_FISHING,GoogleNews_Batamtoday.com,KKP Tindak Tegas Pelanggaran di Pulau-pulau Kecil dan Kapal Asing Ilegal - Batamtoday.com,Unknown,Unspecified Vessel,LOW,0.8984,N/A
"Thu, 16 Apr 2026 07:00:00 GMT",ILLEGAL_FISHING,GoogleNews_Kompas.com,"KKP Tak Tenggelamkan Kapal Asing Ilegal Seperti Era Susi Pudjiastuti, tapi Diberikan ke Nelayan - Kompas.com",Unknown,Unspecified Vessel,LOW,0.8926,N/A
"Fri, 27 Mar 2026 07:00:00 GMT",ILLEGAL_FISHING,GoogleNews_detikNews,Kapten Kapal Indonesia Dibui karena Tangkap Teripang Ilegal di Australia - detikNews,Indonesia,Unspecified Vessel,LOW,0.8877,"-2.5489, 118.0149"
"Wed, 15 Apr 2026 07:00:00 GMT",ENFORCEMENT,GoogleNews_ANTARA News,"KKP tangkap tiga kapal asing, selamatkan potensi rugi Rp20,2 miliar - ANTARA News",Unknown,Unspecified Vessel,LOW,0.8985,N/A
"Thu, 02 Apr 2026 07:00:00 GMT",ILLEGAL_FISHING,GoogleNews_Kemenko Polkam R.I.,Kemenko Polkam Dukung Pencegahan Ilegal Fishing Nelayan - Kemenko Polkam R.I.,Unknown,Unspecified Vessel,LOW,0.9222,N/A
"Sat, 25 Apr 2026 07:00:00 GMT",ILLEGAL_FISHING,GoogleNews_Bicara Indonesia,KKP Manfaatkan Kapal Sitaan Illegal Fishing untuk Nelayan dan Pengawasan - Bicara Indonesia,Indonesia,Unspecified Vessel,MEDIUM,0.6779,"-2.5489, 118.0149"
"Sun, 05 Apr 2026 07:00:00 GMT",ILLEGAL_FISHING,GoogleNews_National Geographic ,Permasalahan Kompleks di Balik Pencurian Ikan oleh Kapal Indonesia di Perairan Australia - National Geographic Indonesia,"Indonesia, Bali",Unspecified Vessel,LOW,0.9106,"-2.5489, 118.0149"
"Tue, 24 Feb 2026 08:00:00 GMT",TERRITORIAL_VIOLATION,GoogleNews_Indonesiadefense.com,Skenario Tegang di Natuna! TNI AL Hadapi 2 Kapal Perang Asing Kawal Pencuri Ikan - Indonesiadefense.com,"Indonesia, Natuna",Unspecified Vessel,LOW,0.8778,"-2.5489, 118.0149"
"Fri, 22 May 2026 07:00:00 GMT",ENFORCEMENT,GoogleNews_ANTARA News Yogyakar,Quo Vadis Bakamla RI? - ANTARA News Yogyakarta,Unknown,Unspecified Vessel,LOW,0.9511,N/A
2026-06-03T11:51:48.364034,ILLEGAL_FISHING,GlobalFishingWatch,Suspicious fishing vessel activity detected in Indonesian EEZ,Natuna Sea,Foreign Fishing Vessel,MEDIUM,0.8500,"3.9731, 108.2425"
2026-06-03T11:51:51.035396,CONSERVATION_ISSUE,OpenMeteo_Weather,"Maritime conditions: Wave 0.74m, Wind 0km/h at Java Sea",Java Sea,Weather: 0.74m waves,LOW,0.9000,"-5.5, 110.0"
2026-06-03T11:51:52.461817,CONSERVATION_ISSUE,OpenMeteo_Weather,"Maritime conditions: Wave 0.12m, Wind 0km/h at Natuna Sea",Natuna Sea,Weather: 0.12m waves,LOW,0.9000,"3.97, 108.24"
2026-06-03T11:51:54.105847,CONSERVATION_ISSUE,OpenMeteo_Weather,"Maritime conditions: Wave 0m, Wind 0km/h at Malacca Strait",Malacca Strait,Weather: 0m waves,LOW,0.9000,"2.5, 100.0"
2026-06-03T11:52:24.128856,ILLEGAL_FISHING,GlobalFishingWatch,Suspicious fishing vessel activity detected in Indonesian EEZ,Natuna Sea,Foreign Fishing Vessel,MEDIUM,0.8500,"3.9731, 108.2425"
2026-06-03T11:52:25.981289,CONSERVATION_ISSUE,OpenMeteo_Weather,"Maritime conditions: Wave 0.74m, Wind 0km/h at Java Sea",Java Sea,Weather: 0.74m waves,LOW,0.9000,"-5.5, 110.0"
2026-06-03T11:52:27.411083,CONSERVATION_ISSUE,OpenMeteo_Weather,"Maritime conditions: Wave 0.12m, Wind 0km/h at Natuna Sea",Natuna Sea,Weather: 0.12m waves,LOW,0.9000,"3.97, 108.24"
2026-06-03T11:52:29.103932,CONSERVATION_ISSUE,OpenMeteo_Weather,"Maritime conditions: Wave 0m, Wind 0km/h at Malacca Strait",Malacca Strait,Weather: 0m waves,LOW,0.9000,"2.5, 100.0"
2026-06-03T11:52:59.124553,ILLEGAL_FISHING,GlobalFishingWatch,Suspicious fishing vessel activity detected in Indonesian EEZ,Natuna Sea,Foreign Fishing Vessel,MEDIUM,0.8500,"3.9731, 108.2425"
2026-06-03T11:53:01.477327,CONSERVATION_ISSUE,OpenMeteo_Weather,"Maritime conditions: Wave 0.74m, Wind 0km/h at Java Sea",Java Sea,Weather: 0.74m waves,LOW,0.9000,"-5.5, 110.0"
2026-06-03T11:53:03.300323,CONSERVATION_ISSUE,OpenMeteo_Weather,"Maritime conditions: Wave 0.12m, Wind 0km/h at Natuna Sea",Natuna Sea,Weather: 0.12m waves,LOW,0.9000,"3.97, 108.24"
2026-06-03T11:53:04.829355,CONSERVATION_ISSUE,OpenMeteo_Weather,"Maritime conditions: Wave 0m, Wind 0km/h at Malacca Strait",Malacca Strait,Weather: 0m waves,LOW,0.9000,"2.5, 100.0"
2026-06-03T11:53:34.842237,ILLEGAL_FISHING,GlobalFishingWatch,Suspicious fishing vessel activity detected in Indonesian EEZ,Natuna Sea,Foreign Fishing Vessel,MEDIUM,0.8500,"3.9731, 108.2425"
2026-06-03T11:53:39.628061,CONSERVATION_ISSUE,OpenMeteo_Weather,"Maritime conditions: Wave 0.74m, Wind 0km/h at Java Sea",Java Sea,Weather: 0.74m waves,LOW,0.9000,"-5.5, 110.0"
2026-06-03T11:53:42.501536,CONSERVATION_ISSUE,OpenMeteo_Weather,"Maritime conditions: Wave 0.12m, Wind 0km/h at Natuna Sea",Natuna Sea,Weather: 0.12m waves,LOW,0.9000,"3.97, 108.24"
2026-06-03T11:53:44.891109,CONSERVATION_ISSUE,OpenMeteo_Weather,"Maritime conditions: Wave 0m, Wind 0km/h at Malacca Strait",Malacca Strait,Weather: 0m waves,LOW,0.9000,"2.5, 100.0"
"Wed, 20 May 2026 07:00:00 GMT",ILLEGAL_FISHING,GoogleNews_Kumparan.com,Prabowo: Tiap Malam Puluhan Ribu Kapal Asing Ambil Kekayaan Kita Secara Ilegal - kumparan.com - Kumparan.com,Unknown,Unspecified Vessel,LOW,0.8534,N/A
"Wed, 20 May 2026 08:55:00 GMT",ILLEGAL_FISHING,GoogleNews_CaraPandang,Prabowo Singgung Puluhan Ribu Kapal Asing Curi Hasil Alam Indonesia Secara Ilegal - CaraPandang,Indonesia,Unspecified Vessel,LOW,0.8425,"-2.5489, 118.0149"
"Thu, 21 May 2026 03:30:44 GMT",ILLEGAL_FISHING,GoogleNews_PontianakPost,"Patroli Laut Maluku Diperketat, TNI AL Siaga Hadang Pelanggaran Lintas Negara dan Ancaman Kapal Asing Ilegal - PontianakPost",Maluku,Unspecified Vessel,LOW,0.9135,"-3.2385, 130.1453"
"Wed, 20 May 2026 07:00:00 GMT",ILLEGAL_FISHING,GoogleNews_SINDOnews Ekbis,Prabowo: Puluhan Ribu Kapal Asing Tiap Malam Mengambil Kekayaan RI secara Ilegal - SINDOnews Ekbis,Unknown,Unspecified Vessel,LOW,0.8979,N/A
"Sat, 18 Apr 2026 07:00:00 GMT",ILLEGAL_FISHING,GoogleNews_Batamtoday.com,KKP Tindak Tegas Pelanggaran di Pulau-pulau Kecil dan Kapal Asing Ilegal - Batamtoday.com,Unknown,Unspecified Vessel,LOW,0.8984,N/A
"Thu, 16 Apr 2026 07:00:00 GMT",ILLEGAL_FISHING,GoogleNews_Kompas.com,"KKP Tak Tenggelamkan Kapal Asing Ilegal Seperti Era Susi Pudjiastuti, tapi Diberikan ke Nelayan - Kompas.com",Unknown,Unspecified Vessel,LOW,0.8926,N/A
"Fri, 27 Mar 2026 07:00:00 GMT",ILLEGAL_FISHING,GoogleNews_detikNews,Kapten Kapal Indonesia Dibui karena Tangkap Teripang Ilegal di Australia - detikNews,Indonesia,Unspecified Vessel,LOW,0.8877,"-2.5489, 118.0149"
"Wed, 15 Apr 2026 07:00:00 GMT",ENFORCEMENT,GoogleNews_ANTARA News,"KKP tangkap tiga kapal asing, selamatkan potensi rugi Rp20,2 miliar - ANTARA News",Unknown,Unspecified Vessel,LOW,0.8985,N/A
"Thu, 02 Apr 2026 07:00:00 GMT",ILLEGAL_FISHING,GoogleNews_Kemenko Polkam R.I.,Kemenko Polkam Dukung Pencegahan Ilegal Fishing Nelayan - Kemenko Polkam R.I.,Unknown,Unspecified Vessel,LOW,0.9222,N/A
"Sat, 25 Apr 2026 07:00:00 GMT",ILLEGAL_FISHING,GoogleNews_Bicara Indonesia,KKP Manfaatkan Kapal Sitaan Illegal Fishing untuk Nelayan dan Pengawasan - Bicara Indonesia,Indonesia,Unspecified Vessel,MEDIUM,0.6779,"-2.5489, 118.0149"
"Sun, 05 Apr 2026 07:00:00 GMT",ILLEGAL_FISHING,GoogleNews_National Geographic ,Permasalahan Kompleks di Balik Pencurian Ikan oleh Kapal Indonesia di Perairan Australia - National Geographic Indonesia,"Indonesia, Bali",Unspecified Vessel,LOW,0.9106,"-2.5489, 118.0149"
"Tue, 24 Feb 2026 08:00:00 GMT",TERRITORIAL_VIOLATION,GoogleNews_Indonesiadefense.com,Skenario Tegang di Natuna! TNI AL Hadapi 2 Kapal Perang Asing Kawal Pencuri Ikan - Indonesiadefense.com,"Indonesia, Natuna",Unspecified Vessel,LOW,0.8778,"-2.5489, 118.0149"
"Fri, 22 May 2026 07:00:00 GMT",ENFORCEMENT,GoogleNews_ANTARA News Yogyakar,Quo Vadis Bakamla RI? - ANTARA News Yogyakarta,Unknown,Unspecified Vessel,LOW,0.9511,N/A
2026-06-03T11:54:15.638572,ILLEGAL_FISHING,GlobalFishingWatch,Suspicious fishing vessel activity detected in Indonesian EEZ,Natuna Sea,Foreign Fishing Vessel,MEDIUM,0.8500,"3.9731, 108.2425"
2026-06-03T11:54:18.145838,CONSERVATION_ISSUE,OpenMeteo_Weather,"Maritime conditions: Wave 0.74m, Wind 0km/h at Java Sea",Java Sea,Weather: 0.74m waves,LOW,0.9000,"-5.5, 110.0"
2026-06-03T11:54:19.863426,CONSERVATION_ISSUE,OpenMeteo_Weather,"Maritime conditions: Wave 0.12m, Wind 0km/h at Natuna Sea",Natuna Sea,Weather: 0.12m waves,LOW,0.9000,"3.97, 108.24"
2026-06-03T11:54:21.220082,CONSERVATION_ISSUE,OpenMeteo_Weather,"Maritime conditions: Wave 0m, Wind 0km/h at Malacca Strait",Malacca Strait,Weather: 0m waves,LOW,0.9000,"2.5, 100.0"
2026-06-03T11:54:51.240984,ILLEGAL_FISHING,GlobalFishingWatch,Suspicious fishing vessel activity detected in Indonesian EEZ,Natuna Sea,Foreign Fishing Vessel,MEDIUM,0.8500,"3.9731, 108.2425"
2026-06-03T11:54:53.003021,CONSERVATION_ISSUE,OpenMeteo_Weather,"Maritime conditions: Wave 0.74m, Wind 0km/h at Java Sea",Java Sea,Weather: 0.74m waves,LOW,0.9000,"-5.5, 110.0"
2026-06-03T11:54:54.809870,CONSERVATION_ISSUE,OpenMeteo_Weather,"Maritime conditions: Wave 0.12m, Wind 0km/h at Natuna Sea",Natuna Sea,Weather: 0.12m waves,LOW,0.9000,"3.97, 108.24"
2026-06-03T11:54:56.974941,CONSERVATION_ISSUE,OpenMeteo_Weather,"Maritime conditions: Wave 0m, Wind 0km/h at Malacca Strait",Malacca Strait,Weather: 0m waves,LOW,0.9000,"2.5, 100.0"
2026-06-03T11:54:53.940608,AIS_ANOMALY,VesselFinder,AIS tracking data collected from VesselFinder,Indonesian Waters,Multiple Vessels Tracked,LOW,0.7500,"-6.2088, 106.8456"
2026-06-03T11:55:26.987796,ILLEGAL_FISHING,GlobalFishingWatch,Suspicious fishing vessel activity detected in Indonesian EEZ,Natuna Sea,Foreign Fishing Vessel,MEDIUM,0.8500,"3.9731, 108.2425"
2026-06-03T11:55:28.679766,CONSERVATION_ISSUE,OpenMeteo_Weather,"Maritime conditions: Wave 0.74m, Wind 0km/h at Java Sea",Java Sea,Weather: 0.74m waves,LOW,0.9000,"-5.5, 110.0"
2026-06-03T11:55:30.435622,CONSERVATION_ISSUE,OpenMeteo_Weather,"Maritime conditions: Wave 0.12m, Wind 0km/h at Natuna Sea",Natuna Sea,Weather: 0.12m waves,LOW,0.9000,"3.97, 108.24"
2026-06-03T11:55:32.024304,CONSERVATION_ISSUE,OpenMeteo_Weather,"Maritime conditions: Wave 0m, Wind 0km/h at Malacca Strait",Malacca Strait,Weather: 0m waves,LOW,0.9000,"2.5, 100.0"
2026-06-03T11:56:02.042157,ILLEGAL_FISHING,GlobalFishingWatch,Suspicious fishing vessel activity detected in Indonesian EEZ,Natuna Sea,Foreign Fishing Vessel,MEDIUM,0.8500,"3.9731, 108.2425"
2026-06-03T11:56:07.079960,CONSERVATION_ISSUE,OpenMeteo_Weather,"Maritime conditions: Wave 0.74m, Wind 0km/h at Java Sea",Java Sea,Weather: 0.74m waves,LOW,0.9000,"-5.5, 110.0"
2026-06-03T11:56:11.430889,CONSERVATION_ISSUE,OpenMeteo_Weather,"Maritime conditions: Wave 0.12m, Wind 0km/h at Natuna Sea",Natuna Sea,Weather: 0.12m waves,LOW,0.9000,"3.97, 108.24"
2026-06-03T11:56:14.056253,CONSERVATION_ISSUE,OpenMeteo_Weather,"Maritime conditions: Wave 0m, Wind 0km/h at Malacca Strait",Malacca Strait,Weather: 0m waves,LOW,0.9000,"2.5, 100.0"
"Wed, 20 May 2026 07:00:00 GMT",ILLEGAL_FISHING,GoogleNews_Kumparan.com,Prabowo: Tiap Malam Puluhan Ribu Kapal Asing Ambil Kekayaan Kita Secara Ilegal - kumparan.com - Kumparan.com,Unknown,Unspecified Vessel,LOW,0.8534,N/A
"Wed, 20 May 2026 08:55:00 GMT",ILLEGAL_FISHING,GoogleNews_CaraPandang,Prabowo Singgung Puluhan Ribu Kapal Asing Curi Hasil Alam Indonesia Secara Ilegal - CaraPandang,Indonesia,Unspecified Vessel,LOW,0.8425,"-2.5489, 118.0149"
"Thu, 21 May 2026 03:30:44 GMT",ILLEGAL_FISHING,GoogleNews_PontianakPost,"Patroli Laut Maluku Diperketat, TNI AL Siaga Hadang Pelanggaran Lintas Negara dan Ancaman Kapal Asing Ilegal - PontianakPost",Maluku,Unspecified Vessel,LOW,0.9135,"-3.2385, 130.1453"
"Wed, 20 May 2026 07:00:00 GMT",ILLEGAL_FISHING,GoogleNews_SINDOnews Ekbis,Prabowo: Puluhan Ribu Kapal Asing Tiap Malam Mengambil Kekayaan RI secara Ilegal - SINDOnews Ekbis,Unknown,Unspecified Vessel,LOW,0.8979,N/A
"Sat, 18 Apr 2026 07:00:00 GMT",ILLEGAL_FISHING,GoogleNews_Batamtoday.com,KKP Tindak Tegas Pelanggaran di Pulau-pulau Kecil dan Kapal Asing Ilegal - Batamtoday.com,Unknown,Unspecified Vessel,LOW,0.8984,N/A
"Thu, 16 Apr 2026 07:00:00 GMT",ILLEGAL_FISHING,GoogleNews_Kompas.com,"KKP Tak Tenggelamkan Kapal Asing Ilegal Seperti Era Susi Pudjiastuti, tapi Diberikan ke Nelayan - Kompas.com",Unknown,Unspecified Vessel,LOW,0.8926,N/A
"Fri, 27 Mar 2026 07:00:00 GMT",ILLEGAL_FISHING,GoogleNews_detikNews,Kapten Kapal Indonesia Dibui karena Tangkap Teripang Ilegal di Australia - detikNews,Indonesia,Unspecified Vessel,LOW,0.8877,"-2.5489, 118.0149"
"Wed, 15 Apr 2026 07:00:00 GMT",ENFORCEMENT,GoogleNews_ANTARA News,"KKP tangkap tiga kapal asing, selamatkan potensi rugi Rp20,2 miliar - ANTARA News",Unknown,Unspecified Vessel,LOW,0.8985,N/A
"Thu, 02 Apr 2026 07:00:00 GMT",ILLEGAL_FISHING,GoogleNews_Kemenko Polkam R.I.,Kemenko Polkam Dukung Pencegahan Ilegal Fishing Nelayan - Kemenko Polkam R.I.,Unknown,Unspecified Vessel,LOW,0.9222,N/A
"Sat, 25 Apr 2026 07:00:00 GMT",ILLEGAL_FISHING,GoogleNews_Bicara Indonesia,KKP Manfaatkan Kapal Sitaan Illegal Fishing untuk Nelayan dan Pengawasan - Bicara Indonesia,Indonesia,Unspecified Vessel,MEDIUM,0.6779,"-2.5489, 118.0149"
"Sun, 05 Apr 2026 07:00:00 GMT",ILLEGAL_FISHING,GoogleNews_National Geographic ,Permasalahan Kompleks di Balik Pencurian Ikan oleh Kapal Indonesia di Perairan Australia - National Geographic Indonesia,"Indonesia, Bali",Unspecified Vessel,LOW,0.9106,"-2.5489, 118.0149"
"Tue, 24 Feb 2026 08:00:00 GMT",TERRITORIAL_VIOLATION,GoogleNews_Indonesiadefense.com,Skenario Tegang di Natuna! TNI AL Hadapi 2 Kapal Perang Asing Kawal Pencuri Ikan - Indonesiadefense.com,"Indonesia, Natuna",Unspecified Vessel,LOW,0.8778,"-2.5489, 118.0149"
"Fri, 22 May 2026 07:00:00 GMT",ENFORCEMENT,GoogleNews_ANTARA News Yogyakar,Quo Vadis Bakamla RI? - ANTARA News Yogyakarta,Unknown,Unspecified Vessel,LOW,0.9511,N/A
2026-06-03T11:56:44.981495,ILLEGAL_FISHING,GlobalFishingWatch,Suspicious fishing vessel activity detected in Indonesian EEZ,Natuna Sea,Foreign Fishing Vessel,MEDIUM,0.8500,"3.9731, 108.2425"
2026-06-03T11:56:46.842386,CONSERVATION_ISSUE,OpenMeteo_Weather,"Maritime conditions: Wave 0.74m, Wind 0km/h at Java Sea",Java Sea,Weather: 0.74m waves,LOW,0.9000,"-5.5, 110.0"
2026-06-03T11:56:48.276126,CONSERVATION_ISSUE,OpenMeteo_Weather,"Maritime conditions: Wave 0.12m, Wind 0km/h at Natuna Sea",Natuna Sea,Weather: 0.12m waves,LOW,0.9000,"3.97, 108.24"
2026-06-03T11:56:49.628821,CONSERVATION_ISSUE,OpenMeteo_Weather,"Maritime conditions: Wave 0m, Wind 0km/h at Malacca Strait",Malacca Strait,Weather: 0m waves,LOW,0.9000,"2.5, 100.0"
2026-06-03T11:57:19.647373,ILLEGAL_FISHING,GlobalFishingWatch,Suspicious fishing vessel activity detected in Indonesian EEZ,Natuna Sea,Foreign Fishing Vessel,MEDIUM,0.8500,"3.9731, 108.2425"
2026-06-03T11:57:20.597323,CONSERVATION_ISSUE,OpenMeteo_Weather,"Maritime conditions: Wave 0.74m, Wind 0km/h at Java Sea",Java Sea,Weather: 0.74m waves,LOW,0.9000,"-5.5, 110.0"
2026-06-03T11:57:21.705222,CONSERVATION_ISSUE,OpenMeteo_Weather,"Maritime conditions: Wave 0.12m, Wind 0km/h at Natuna Sea",Natuna Sea,Weather: 0.12m waves,LOW,0.9000,"3.97, 108.24"
2026-06-03T11:57:23.305255,CONSERVATION_ISSUE,OpenMeteo_Weather,"Maritime conditions: Wave 0m, Wind 0km/h at Malacca Strait",Malacca Strait,Weather: 0m waves,LOW,0.9000,"2.5, 100.0"
2026-06-03T11:57:54.167920,ILLEGAL_FISHING,GlobalFishingWatch,Suspicious fishing vessel activity detected in Indonesian EEZ,Natuna Sea,Foreign Fishing Vessel,MEDIUM,0.8500,"3.9731, 108.2425"
2026-06-03T11:57:55.402148,CONSERVATION_ISSUE,OpenMeteo_Weather,"Maritime conditions: Wave 0.74m, Wind 0km/h at Java Sea",Java Sea,Weather: 0.74m waves,LOW,0.9000,"-5.5, 110.0"
2026-06-03T11:57:56.265107,CONSERVATION_ISSUE,OpenMeteo_Weather,"Maritime conditions: Wave 0.12m, Wind 0km/h at Natuna Sea",Natuna Sea,Weather: 0.12m waves,LOW,0.9000,"3.97, 108.24"
2026-06-03T11:57:57.407004,CONSERVATION_ISSUE,OpenMeteo_Weather,"Maritime conditions: Wave 0m, Wind 0km/h at Malacca Strait",Malacca Strait,Weather: 0m waves,LOW,0.9000,"2.5, 100.0"
2026-06-03T11:58:27.416475,ILLEGAL_FISHING,GlobalFishingWatch,Suspicious fishing vessel activity detected in Indonesian EEZ,Natuna Sea,Foreign Fishing Vessel,MEDIUM,0.8500,"3.9731, 108.2425"
2026-06-03T11:58:28.628049,CONSERVATION_ISSUE,OpenMeteo_Weather,"Maritime conditions: Wave 0.74m, Wind 0km/h at Java Sea",Java Sea,Weather: 0.74m waves,LOW,0.9000,"-5.5, 110.0"
2026-06-03T11:58:29.987862,CONSERVATION_ISSUE,OpenMeteo_Weather,"Maritime conditions: Wave 0.12m, Wind 0km/h at Natuna Sea",Natuna Sea,Weather: 0.12m waves,LOW,0.9000,"3.97, 108.24"
2026-06-03T11:58:31.561704,CONSERVATION_ISSUE,OpenMeteo_Weather,"Maritime conditions: Wave 0m, Wind 0km/h at Malacca Strait",Malacca Strait,Weather: 0m waves,LOW,0.9000,"2.5, 100.0"
"Wed, 20 May 2026 07:00:00 GMT",ILLEGAL_FISHING,GoogleNews_Kumparan.com,Prabowo: Tiap Malam Puluhan Ribu Kapal Asing Ambil Kekayaan Kita Secara Ilegal - kumparan.com - Kumparan.com,Unknown,Unspecified Vessel,LOW,0.8534,N/A
"Wed, 20 May 2026 08:55:00 GMT",ILLEGAL_FISHING,GoogleNews_CaraPandang,Prabowo Singgung Puluhan Ribu Kapal Asing Curi Hasil Alam Indonesia Secara Ilegal - CaraPandang,Indonesia,Unspecified Vessel,LOW,0.8425,"-2.5489, 118.0149"
"Thu, 21 May 2026 03:30:44 GMT",ILLEGAL_FISHING,GoogleNews_PontianakPost,"Patroli Laut Maluku Diperketat, TNI AL Siaga Hadang Pelanggaran Lintas Negara dan Ancaman Kapal Asing Ilegal - PontianakPost",Maluku,Unspecified Vessel,LOW,0.9135,"-3.2385, 130.1453"
"Wed, 20 May 2026 07:00:00 GMT",ILLEGAL_FISHING,GoogleNews_SINDOnews Ekbis,Prabowo: Puluhan Ribu Kapal Asing Tiap Malam Mengambil Kekayaan RI secara Ilegal - SINDOnews Ekbis,Unknown,Unspecified Vessel,LOW,0.8979,N/A
"Sat, 18 Apr 2026 07:00:00 GMT",ILLEGAL_FISHING,GoogleNews_Batamtoday.com,KKP Tindak Tegas Pelanggaran di Pulau-pulau Kecil dan Kapal Asing Ilegal - Batamtoday.com,Unknown,Unspecified Vessel,LOW,0.8984,N/A
"Thu, 16 Apr 2026 07:00:00 GMT",ILLEGAL_FISHING,GoogleNews_Kompas.com,"KKP Tak Tenggelamkan Kapal Asing Ilegal Seperti Era Susi Pudjiastuti, tapi Diberikan ke Nelayan - Kompas.com",Unknown,Unspecified Vessel,LOW,0.8926,N/A
"Fri, 27 Mar 2026 07:00:00 GMT",ILLEGAL_FISHING,GoogleNews_detikNews,Kapten Kapal Indonesia Dibui karena Tangkap Teripang Ilegal di Australia - detikNews,Indonesia,Unspecified Vessel,LOW,0.8877,"-2.5489, 118.0149"
"Wed, 15 Apr 2026 07:00:00 GMT",ENFORCEMENT,GoogleNews_ANTARA News,"KKP tangkap tiga kapal asing, selamatkan potensi rugi Rp20,2 miliar - ANTARA News",Unknown,Unspecified Vessel,LOW,0.8985,N/A
"Thu, 02 Apr 2026 07:00:00 GMT",ILLEGAL_FISHING,GoogleNews_Kemenko Polkam R.I.,Kemenko Polkam Dukung Pencegahan Ilegal Fishing Nelayan - Kemenko Polkam R.I.,Unknown,Unspecified Vessel,LOW,0.9222,N/A
"Sat, 25 Apr 2026 07:00:00 GMT",ILLEGAL_FISHING,GoogleNews_Bicara Indonesia,KKP Manfaatkan Kapal Sitaan Illegal Fishing untuk Nelayan dan Pengawasan - Bicara Indonesia,Indonesia,Unspecified Vessel,MEDIUM,0.6779,"-2.5489, 118.0149"
"Sun, 05 Apr 2026 07:00:00 GMT",ILLEGAL_FISHING,GoogleNews_National Geographic ,Permasalahan Kompleks di Balik Pencurian Ikan oleh Kapal Indonesia di Perairan Australia - National Geographic Indonesia,"Indonesia, Bali",Unspecified Vessel,LOW,0.9106,"-2.5489, 118.0149"
"Tue, 24 Feb 2026 08:00:00 GMT",TERRITORIAL_VIOLATION,GoogleNews_Indonesiadefense.com,Skenario Tegang di Natuna! TNI AL Hadapi 2 Kapal Perang Asing Kawal Pencuri Ikan - Indonesiadefense.com,"Indonesia, Natuna",Unspecified Vessel,LOW,0.8778,"-2.5489, 118.0149"
"Fri, 22 May 2026 07:00:00 GMT",ENFORCEMENT,GoogleNews_ANTARA News Yogyakar,Quo Vadis Bakamla RI? - ANTARA News Yogyakarta,Unknown,Unspecified Vessel,LOW,0.9511,N/A
2026-06-03T11:59:01.566836,ILLEGAL_FISHING,GlobalFishingWatch,Suspicious fishing vessel activity detected in Indonesian EEZ,Natuna Sea,Foreign Fishing Vessel,MEDIUM,0.8500,"3.9731, 108.2425"
2026-06-03T11:59:02.695070,CONSERVATION_ISSUE,OpenMeteo_Weather,"Maritime conditions: Wave 0.74m, Wind 0km/h at Java Sea",Java Sea,Weather: 0.74m waves,LOW,0.9000,"-5.5, 110.0"
2026-06-03T11:59:03.828886,CONSERVATION_ISSUE,OpenMeteo_Weather,"Maritime conditions: Wave 0.12m, Wind 0km/h at Natuna Sea",Natuna Sea,Weather: 0.12m waves,LOW,0.9000,"3.97, 108.24"
2026-06-03T11:59:04.660170,CONSERVATION_ISSUE,OpenMeteo_Weather,"Maritime conditions: Wave 0m, Wind 0km/h at Malacca Strait",Malacca Strait,Weather: 0m waves,LOW,0.9000,"2.5, 100.0"
2026-06-03T12:00:51.673308,ILLEGAL_FISHING,GlobalFishingWatch,Suspicious fishing vessel activity detected in Indonesian EEZ,Natuna Sea,Foreign Fishing Vessel,MEDIUM,0.8500,"3.9731, 108.2425"
2026-06-03T12:01:26.479021,ILLEGAL_FISHING,GlobalFishingWatch,Suspicious fishing vessel activity detected in Indonesian EEZ,Natuna Sea,Foreign Fishing Vessel,MEDIUM,0.8500,"3.9731, 108.2425"
2026-06-03T12:01:29.682207,CONSERVATION_ISSUE,OpenMeteo_Weather,"Maritime conditions: Wave 0.74m, Wind 0km/h at Java Sea",Java Sea,Weather: 0.74m waves,LOW,0.9000,"-5.5, 110.0"
2026-06-03T12:01:32.156766,CONSERVATION_ISSUE,OpenMeteo_Weather,"Maritime conditions: Wave 0.12m, Wind 0km/h at Natuna Sea",Natuna Sea,Weather: 0.12m waves,LOW,0.9000,"3.97, 108.24"
2026-06-03T12:01:34.291760,CONSERVATION_ISSUE,OpenMeteo_Weather,"Maritime conditions: Wave 0m, Wind 0km/h at Malacca Strait",Malacca Strait,Weather: 0m waves,LOW,0.9000,"2.5, 100.0"
2026-06-03T12:07:21.823534,ILLEGAL_FISHING,GlobalFishingWatch,Suspicious fishing vessel activity detected in Indonesian EEZ,Natuna Sea,Foreign Fishing Vessel,MEDIUM,0.8500,"3.9731, 108.2425"
2026-06-03T12:51:17.109437,ILLEGAL_FISHING,GlobalFishingWatch,Suspicious fishing vessel activity detected in Indonesian EEZ,Natuna Sea,Foreign Fishing Vessel,MEDIUM,0.8500,"3.9731, 108.2425"
2026-06-03T12:51:21.387709,CONSERVATION_ISSUE,OpenMeteo_Weather,"Maritime conditions: Wave 0.72m, Wind 0km/h at Java Sea",Java Sea,Weather: 0.72m waves,LOW,0.9000,"-5.5, 110.0"
2026-06-03T12:51:22.737292,CONSERVATION_ISSUE,OpenMeteo_Weather,"Maritime conditions: Wave 0.12m, Wind 0km/h at Natuna Sea",Natuna Sea,Weather: 0.12m waves,LOW,0.9000,"3.97, 108.24"
2026-06-03T12:51:23.908184,CONSERVATION_ISSUE,OpenMeteo_Weather,"Maritime conditions: Wave 0m, Wind 0km/h at Malacca Strait",Malacca Strait,Weather: 0m waves,LOW,0.9000,"2.5, 100.0"
2026-06-03T12:51:53.920899,ILLEGAL_FISHING,GlobalFishingWatch,Suspicious fishing vessel activity detected in Indonesian EEZ,Natuna Sea,Foreign Fishing Vessel,MEDIUM,0.8500,"3.9731, 108.2425"
2026-06-03T12:51:56.370528,CONSERVATION_ISSUE,OpenMeteo_Weather,"Maritime conditions: Wave 0.72m, Wind 0km/h at Java Sea",Java Sea,Weather: 0.72m waves,LOW,0.9000,"-5.5, 110.0"
2026-06-03T12:51:57.979883,CONSERVATION_ISSUE,OpenMeteo_Weather,"Maritime conditions: Wave 0.12m, Wind 0km/h at Natuna Sea",Natuna Sea,Weather: 0.12m waves,LOW,0.9000,"3.97, 108.24"
2026-06-03T12:52:02.692304,CONSERVATION_ISSUE,OpenMeteo_Weather,"Maritime conditions: Wave 0m, Wind 0km/h at Malacca Strait",Malacca Strait,Weather: 0m waves,LOW,0.9000,"2.5, 100.0"
2026-06-01T12:00:00Z,AIS_ANOMALY,Globalsecurity.org,"CCG conducts rights-protection law enforcement in waters where Japan, Philippines intend to infringe on China's rights",Philippines,Unspecified Vessel,LOW,0.9151,"12.8797, 121.7740"
2026-05-31T13:44:21Z,ENFORCEMENT,The Times of India,"China conducts patrols near Scarborough Shoal, Philippines dismisses drill assertions as ""unfounded""",Philippines,Unspecified Vessel,LOW,0.5400,"12.8797, 121.7740"
2026-05-26T18:00:00Z,PIRACY,OilPrice.com,Gulf Shipping Crisis Fuels New Eurasian Corridors,Unknown,Unspecified Vessel,LOW,0.7670,N/A
2026-05-26T10:00:00Z,TERRITORIAL_VIOLATION,RTE,Call for tougher action on foreign vessels fishing in EEZ,Unspecified Maritime Zone,Unspecified Vessel,LOW,0.9125,N/A
"Sat, 18 Apr 2026 07:00:00 GMT",ILLEGAL_FISHING,GoogleNews_Batamtoday.com,KKP Tindak Tegas Pelanggaran di Pulau-pulau Kecil dan Kapal Asing Ilegal - Batamtoday.com,Unknown,Unspecified Vessel,LOW,0.8984,N/A
"Thu, 16 Apr 2026 07:00:00 GMT",ILLEGAL_FISHING,GoogleNews_Kompas.com,"KKP Tak Tenggelamkan Kapal Asing Ilegal Seperti Era Susi Pudjiastuti, tapi Diberikan ke Nelayan - Kompas.com",Unknown,Unspecified Vessel,LOW,0.8926,N/A
"Thu, 06 Nov 2025 08:00:00 GMT",ENFORCEMENT,GoogleNews_KKP | Kementerian Ke,KKP Tangkap Kapal Ikan Asing Berbendera Vietnam di Laut Natuna Utara - KKP | Kementerian Kelautan dan Perikanan,"Natuna, Vietnam",Unspecified Vessel,LOW,0.9274,"3.9731, 108.2425"
"Thu, 27 Nov 2025 08:00:00 GMT",ILLEGAL_FISHING,GoogleNews_ANTARA News Sulteng,Lima awak kapal asing ilegal di Natuna ditempatkan di Rudenim Ranai - ANTARA News Sulteng,Natuna,Unspecified Vessel,LOW,0.9013,"3.9731, 108.2425"
"Fri, 07 Nov 2025 08:00:00 GMT",ILLEGAL_FISHING,GoogleNews_Tempo.co,KKP Tangkap Kapal Ikan Vietnam Ilegal di Laut Natuna Utara - Tempo.co,"Natuna, Vietnam",Unspecified Vessel,LOW,0.9002,"3.9731, 108.2425"
"Mon, 04 Aug 2025 07:00:00 GMT",ILLEGAL_FISHING,GoogleNews_KKP | Kementerian Ke,KKP Tangkap Satu Kapal Ikan Asing dan Tertibkan 20 Rumpon Ilegal | Siaran Pers | KKP - KKP | Kementerian Kelautan dan Perikanan,Unknown,Unspecified Vessel,LOW,0.9277,N/A
"Thu, 26 Jun 2025 07:00:00 GMT",ILLEGAL_FISHING,GoogleNews_Mongabay.co.id,Fakta Penting Tentang Penangkapan Ikan Ilegal di Indonesia - Mongabay.co.id,Indonesia,Unspecified Vessel,LOW,0.8885,"-2.5489, 118.0149"
"Fri, 09 May 2025 07:00:00 GMT",ILLEGAL_FISHING,GoogleNews_KKP | Kementerian Ke,KKP Tangkap 2 Kapal Ikan Ilegal Filipina di Perairan Papua - KKP | Kementerian Kelautan dan Perikanan,Papua,Unspecified Vessel,LOW,0.9196,"-4.2699, 138.0804"
"Mon, 21 Jul 2025 04:41:11 GMT",ILLEGAL_FISHING,GoogleNews_KKP | Kementerian Ke,"NELAYAN TERANCAM, LAUT TERLUKA: DAMPAK IUU FISHING BAGI MASYARAKAT DAN EKOSISTEM - KKP | Kementerian Kelautan dan Perikanan",Unknown,Unspecified Vessel,LOW,0.8665,N/A
"Thu, 06 Nov 2025 08:00:00 GMT",ENFORCEMENT,GoogleNews_KKP | Kementerian Ke,KKP Tangkap Kapal Ikan Asing Berbendera Vietnam di Laut Natuna Utara - KKP | Kementerian Kelautan dan Perikanan,"Natuna, Vietnam",Unspecified Vessel,LOW,0.9274,"3.9731, 108.2425"
"Thu, 02 Apr 2026 07:00:00 GMT",ILLEGAL_FISHING,GoogleNews_Kemenko Polkam R.I.,Kemenko Polkam Dukung Pencegahan Ilegal Fishing Nelayan - Kemenko Polkam R.I.,Unknown,Unspecified Vessel,LOW,0.9222,N/A
"Thu, 06 Nov 2025 08:00:00 GMT",ILLEGAL_FISHING,GoogleNews_ANTARA News Bengkulu,"KKP amankan 41 kapal ""illegal fishing"" di Laut Natuna Utara - ANTARA News Bengkulu",Natuna,Unspecified Vessel,MEDIUM,0.6423,"3.9731, 108.2425"
"Thu, 06 Nov 2025 08:00:00 GMT",ILLEGAL_FISHING,GoogleNews_Emitennews.com,"Sepanjang 2025, KKP Tangkap 255 Kapal Pelaku Illegal Fishing - Emitennews.com",Unknown,Unspecified Vessel,MEDIUM,0.8509,N/A
"Tue, 18 Nov 2025 01:53:43 GMT",ILLEGAL_FISHING,GoogleNews_Kementerian Agama,"Setahun Pemerintahan JokowiJK: Berantas Illegal Fishing, Produksi Ikan Meningkat - Kementerian Agama",Unknown,Unspecified Vessel,MEDIUM,0.7690,N/A
"Sat, 25 Apr 2026 07:00:00 GMT",ILLEGAL_FISHING,GoogleNews_Bicara Indonesia,KKP Manfaatkan Kapal Sitaan Illegal Fishing untuk Nelayan dan Pengawasan - Bicara Indonesia,Indonesia,Unspecified Vessel,MEDIUM,0.6779,"-2.5489, 118.0149"
"Mon, 21 Jul 2025 04:41:11 GMT",ILLEGAL_FISHING,GoogleNews_KKP | Kementerian Ke,"NELAYAN TERANCAM, LAUT TERLUKA: DAMPAK IUU FISHING BAGI MASYARAKAT DAN EKOSISTEM - KKP | Kementerian Kelautan dan Perikanan",Unknown,Unspecified Vessel,LOW,0.8665,N/A
"Sun, 05 Apr 2026 07:00:00 GMT",ILLEGAL_FISHING,GoogleNews_National Geographic ,Permasalahan Kompleks di Balik Pencurian Ikan oleh Kapal Indonesia di Perairan Australia - National Geographic Indonesia,"Indonesia, Bali",Unspecified Vessel,LOW,0.9106,"-2.5489, 118.0149"
"Tue, 24 Feb 2026 08:00:00 GMT",TERRITORIAL_VIOLATION,GoogleNews_Indonesiadefense.com,Skenario Tegang di Natuna! TNI AL Hadapi 2 Kapal Perang Asing Kawal Pencuri Ikan - Indonesiadefense.com,"Indonesia, Natuna",Unspecified Vessel,LOW,0.8778,"-2.5489, 118.0149"
"Mon, 23 Dec 2024 08:00:00 GMT",ENFORCEMENT,GoogleNews_KKP | Kementerian Ke,KKP Tangkap 240 Kapal Pencuri Ikan Sepanjang 2024 - KKP | Kementerian Kelautan dan Perikanan,Unknown,Unspecified Vessel,LOW,0.9126,N/A
"Thu, 06 Nov 2025 08:00:00 GMT",TERRITORIAL_VIOLATION,GoogleNews_ANTARA News,KKP menangkap kapal Vietnam curi ikan di Laut Natuna Utara - ANTARA News,"Natuna, Vietnam",Unspecified Vessel,LOW,0.8950,"3.9731, 108.2425"
"Mon, 17 Apr 2023 07:00:00 GMT",ILLEGAL_FISHING,GoogleNews_Kompas.id,Pencurian Ikan Masih Marak di Laut Natuna Utara - Kompas.id,Natuna,Unspecified Vessel,LOW,0.8910,"3.9731, 108.2425"
"Sun, 20 Apr 2025 07:00:00 GMT",ILLEGAL_FISHING,GoogleNews_Tempo.co,"Pencurian Ikan di Laut Natuna Utara Diprediksi Merugikan Negara Rp 152,8 Miliar - Tempo.co",Natuna,Unspecified Vessel,LOW,0.9057,"3.9731, 108.2425"
"Fri, 07 Nov 2025 08:00:00 GMT",ILLEGAL_FISHING,GoogleNews_SINDOnews Ekbis,Duit Rp522 Triliun Setiap Tahun Hilang Akibat Pencurian Ikan di Laut Indonesia - SINDOnews Ekbis,Indonesia,Unspecified Vessel,LOW,0.9128,"-2.5489, 118.0149"
"Wed, 26 Jun 2024 07:00:00 GMT",ILLEGAL_FISHING,GoogleNews_Kemenko Polkam R.I.,KEMENKO POLHUKAM UPAYAKAN PERBAIKAN PENCEGAHAN DAN PENANGANAN YANG KOMPREHENSIF ATAS PENCURIAN IKAN YANG DILAKUKAN OLEH NELAYAN INDONESIA DI PERAIRAN AUSTRALIA - Kemenko Polkam R.I.,Indonesia,Unspecified Vessel,LOW,0.8049,"-2.5489, 118.0149"
"Thu, 06 Nov 2025 08:00:00 GMT",ILLEGAL_FISHING,GoogleNews_Emitennews.com,"Sepanjang 2025, KKP Tangkap 255 Kapal Pelaku Illegal Fishing - Emitennews.com",Unknown,Unspecified Vessel,MEDIUM,0.8509,N/A
"Tue, 24 Jun 2025 07:00:00 GMT",ILLEGAL_FISHING,GoogleNews_Batam Pos,"920 Kapal Ilegal Ditangkap, Negara Selamatkan Rp13,6 Triliun dari Pencurian Ikan - Batam Pos",Unknown,Unspecified Vessel,LOW,0.8779,N/A
"Fri, 22 May 2026 07:00:00 GMT",ENFORCEMENT,GoogleNews_ANTARA News Yogyakar,Quo Vadis Bakamla RI? - ANTARA News Yogyakarta,Unknown,Unspecified Vessel,LOW,0.9511,N/A
"Sun, 10 Aug 2025 22:33:10 GMT",ENFORCEMENT,GoogleNews_Kompas.id,Bakamla Tangkap Kapal Tanker Iran di Laut Natuna Utara - Kompas.id,Natuna,Tanker,LOW,0.9095,"3.9731, 108.2425"
"Sun, 03 Aug 2025 07:00:00 GMT",ENFORCEMENT,GoogleNews_Tempo.co,Bakamla Tangkap Kapal Penyelundup Bawang Merah di Batam - Tempo.co,Unknown,Unspecified Vessel,LOW,0.8878,N/A
"Sat, 02 Aug 2025 07:00:00 GMT",ILLEGAL_FISHING,GoogleNews_CNN Indonesia,Bakamla Tangkap Kapal Angkut 400 Karung Bawang Merah Ilegal di Kepri - CNN Indonesia,Indonesia,Unspecified Vessel,LOW,0.8813,"-2.5489, 118.0149"
"Thu, 16 Oct 2025 07:00:00 GMT",ENFORCEMENT,GoogleNews_Kompas.com,Bakamla Tangkap Lima Terduga Perompak Batu Bara di Kaltim - Kompas.com,Unknown,Unspecified Vessel,LOW,0.9290,N/A
"Sun, 03 Aug 2025 07:00:00 GMT",ENFORCEMENT,GoogleNews_iNews.ID,Bakamla Tangkap Kapal Penyelundup Bawang Merah dari Batam ke Kuala Tungkal - iNews.ID,Unknown,Unspecified Vessel,LOW,0.8565,N/A
"Thu, 16 Oct 2025 07:00:00 GMT",ENFORCEMENT,GoogleNews_Niaga.Asia,Bakamla RI Tangkap 5 Orang yang Diduga akan Merampok Tongkang Batubara - Niaga.Asia,Unknown,Unspecified Vessel,LOW,0.9177,N/A
"Sun, 13 Aug 2023 07:00:00 GMT",ENFORCEMENT,GoogleNews_detikNews,Bakamla RI Tangkap Kapal Vietnam Curi 5 Ton Ikan di Laut Natuna Utara - detikNews,"Natuna, Vietnam",Unspecified Vessel,LOW,0.9131,"3.9731, 108.2425"
"Fri, 17 Oct 2025 07:00:00 GMT",ENFORCEMENT,GoogleNews_SinPo.id,Bakamla RI Gagalkan Aksi Perompakan Kapal Tugboat di Perairan Kalimantan Timur - SinPo.id,Unknown,Unspecified Vessel,LOW,0.8882,N/A
"Thu, 13 Jul 2023 07:00:00 GMT",ILLEGAL_FISHING,GoogleNews_Voice of America Ind,Indonesia Sita Kapal Tanker Iran atas Dugaan Transfer Minyak Ilegal Dekat Perairan Natuna - Voice of America Indonesia,"Indonesia, Natuna",Tanker,LOW,0.9250,"-2.5489, 118.0149"
2026-06-03T12:52:07.009955,AIS_ANOMALY,VesselFinder,AIS tracking data collected from VesselFinder,Indonesian Waters,Multiple Vessels Tracked,LOW,0.7500,"-6.2088, 106.8456"
2026-06-03T12:51:57.225334,ILLEGAL_FISHING,GlobalFishingWatch,Suspicious fishing vessel activity detected in Indonesian EEZ,Natuna Sea,Foreign Fishing Vessel,MEDIUM,0.8500,"3.9731, 108.2425"
2026-06-03T12:52:07.012471,CONSERVATION_ISSUE,OpenMeteo_Weather,"Maritime conditions: Wave 0.72m, Wind 0km/h at Java Sea",Java Sea,Weather: 0.72m waves,LOW,0.9000,"-5.5, 110.0"
2026-06-03T12:52:09.820028,CONSERVATION_ISSUE,OpenMeteo_Weather,"Maritime conditions: Wave 0.12m, Wind 0km/h at Natuna Sea",Natuna Sea,Weather: 0.12m waves,LOW,0.9000,"3.97, 108.24"
2026-06-03T12:52:14.355880,CONSERVATION_ISSUE,OpenMeteo_Weather,"Maritime conditions: Wave 0m, Wind 0km/h at Malacca Strait",Malacca Strait,Weather: 0m waves,LOW,0.9000,"2.5, 100.0"
2026-06-03T12:52:32.699944,ILLEGAL_FISHING,GlobalFishingWatch,Suspicious fishing vessel activity detected in Indonesian EEZ,Natuna Sea,Foreign Fishing Vessel,MEDIUM,0.8500,"3.9731, 108.2425"
2026-06-03T12:52:34.932981,CONSERVATION_ISSUE,OpenMeteo_Weather,"Maritime conditions: Wave 0.72m, Wind 0km/h at Java Sea",Java Sea,Weather: 0.72m waves,LOW,0.9000,"-5.5, 110.0"
2026-06-03T12:52:36.989829,CONSERVATION_ISSUE,OpenMeteo_Weather,"Maritime conditions: Wave 0.12m, Wind 0km/h at Natuna Sea",Natuna Sea,Weather: 0.12m waves,LOW,0.9000,"3.97, 108.24"
2026-06-03T12:52:38.758571,CONSERVATION_ISSUE,OpenMeteo_Weather,"Maritime conditions: Wave 0m, Wind 0km/h at Malacca Strait",Malacca Strait,Weather: 0m waves,LOW,0.9000,"2.5, 100.0"
