2026-06-09 12:59:02 [ERROR] vessel_anomaly: ❌ API KEY BELUM DISET!
2026-06-09 12:59:02 [ERROR] vessel_anomaly:    Silakan set environment variable AISSTREAM_API_KEY
2026-06-09 12:59:02 [ERROR] vessel_anomaly:    atau edit nilai di config.py
2026-06-09 12:59:02 [ERROR] vessel_anomaly: 
2026-06-09 12:59:02 [ERROR] vessel_anomaly:    Cara mendapatkan API key (GRATIS):
2026-06-09 12:59:02 [ERROR] vessel_anomaly:    1. Buka https://aisstream.io
2026-06-09 12:59:02 [ERROR] vessel_anomaly:    2. Login dengan GitHub
2026-06-09 12:59:02 [ERROR] vessel_anomaly:    3. Copy API key yang diberikan
2026-06-09 12:59:02 [ERROR] vessel_anomaly: 
2026-06-09 12:59:02 [ERROR] vessel_anomaly:    Cara menjalankan:
2026-06-09 12:59:02 [ERROR] vessel_anomaly:    set AISSTREAM_API_KEY=your_key_here
2026-06-09 12:59:02 [ERROR] vessel_anomaly:    python main.py
2026-06-09 12:59:40 [INFO] vessel_anomaly: 🔧 Initializing components...
2026-06-09 12:59:40 [INFO] vessel_anomaly:   ✅ Database initialized
2026-06-09 12:59:40 [INFO] vessel_anomaly:   ✅ Feature engine initialized
2026-06-09 12:59:40 [INFO] vessel_anomaly: 🆕 New Isolation Forest model initialized
2026-06-09 12:59:40 [INFO] vessel_anomaly:   ✅ Anomaly detector initialized
2026-06-09 12:59:41 [INFO] vessel_anomaly:   ✅ Dashboard initialized
2026-06-09 12:59:41 [INFO] vessel_anomaly:   ✅ Alert system initialized
2026-06-09 12:59:41 [INFO] vessel_anomaly:   ✅ Data collector initialized
2026-06-09 12:59:41 [INFO] vessel_anomaly:   ✅ Model trainer initialized
2026-06-09 12:59:41 [INFO] vessel_anomaly: 
2026-06-09 12:59:41 [INFO] vessel_anomaly: 🚀 All components ready! Starting services...
2026-06-09 12:59:41 [INFO] vessel_anomaly: 
2026-06-09 12:59:41 [INFO] vessel_anomaly: 📡 AIS Data Collector started (background thread)
2026-06-09 12:59:41 [INFO] vessel_anomaly: 🌐 Starting web dashboard...
2026-06-09 12:59:41 [INFO] vessel_anomaly:    Open browser at: http://localhost:5000
2026-06-09 12:59:41 [INFO] vessel_anomaly: 
2026-06-09 12:59:41 [INFO] vessel_anomaly: ============================================================
2026-06-09 12:59:41 [INFO] vessel_anomaly:    VESSEL GUARD is now ACTIVE
2026-06-09 12:59:41 [INFO] vessel_anomaly:    Monitoring Indonesian waters for anomalies...
2026-06-09 12:59:41 [INFO] vessel_anomaly: ============================================================
2026-06-09 12:59:41 [INFO] vessel_anomaly: 🚀 Starting AIS data collector...
2026-06-09 12:59:41 [INFO] vessel_anomaly: 
2026-06-09 12:59:41 [INFO] vessel_anomaly: 🔗 Connecting to AISstream.io...
2026-06-09 12:59:41 [INFO] vessel_anomaly: 🌐 Dashboard starting at http://0.0.0.0:5000
2026-06-09 12:59:41 [INFO] vessel_anomaly: ⏳ Waiting for minimum 50 samples before initial training...
2026-06-09 12:59:41 [INFO] vessel_anomaly: 🎓 Model trainer started (retrain every 6 hours)
2026-06-09 12:59:42 [INFO] vessel_anomaly: ✅ Connected! Streaming AIS data for Indonesian waters...
2026-06-09 12:59:42 [INFO] vessel_anomaly: 📍 Bounding Box: [[[-14.0, 92.0], [8.0, 141.5]]]
2026-06-09 12:59:42 [WARNING] vessel_anomaly: 🔌 WebSocket connection closed: no close frame received or sent
2026-06-09 12:59:42 [INFO] vessel_anomaly: 🔄 Reconnecting in 5 seconds...
2026-06-09 12:59:47 [INFO] vessel_anomaly: 🔗 Connecting to AISstream.io...
2026-06-09 12:59:49 [INFO] vessel_anomaly: ✅ Connected! Streaming AIS data for Indonesian waters...
2026-06-09 12:59:49 [INFO] vessel_anomaly: 📍 Bounding Box: [[[-14.0, 92.0], [8.0, 141.5]]]
2026-06-09 12:59:49 [WARNING] vessel_anomaly: 🔌 WebSocket connection closed: no close frame received or sent
2026-06-09 12:59:49 [INFO] vessel_anomaly: 🔄 Reconnecting in 5 seconds...
2026-06-09 12:59:54 [INFO] vessel_anomaly: 🔗 Connecting to AISstream.io...
2026-06-09 12:59:56 [INFO] vessel_anomaly: ✅ Connected! Streaming AIS data for Indonesian waters...
2026-06-09 12:59:56 [INFO] vessel_anomaly: 📍 Bounding Box: [[[-14.0, 92.0], [8.0, 141.5]]]
2026-06-09 12:59:56 [WARNING] vessel_anomaly: 🔌 WebSocket connection closed: no close frame received or sent
2026-06-09 12:59:56 [INFO] vessel_anomaly: 🔄 Reconnecting in 5 seconds...
2026-06-09 13:00:02 [INFO] vessel_anomaly: 🔗 Connecting to AISstream.io...
2026-06-09 13:00:03 [INFO] vessel_anomaly: ✅ Connected! Streaming AIS data for Indonesian waters...
2026-06-09 13:00:03 [INFO] vessel_anomaly: 📍 Bounding Box: [[[-14.0, 92.0], [8.0, 141.5]]]
2026-06-09 13:00:03 [WARNING] vessel_anomaly: 🔌 WebSocket connection closed: no close frame received or sent
2026-06-09 13:00:03 [INFO] vessel_anomaly: 🔄 Reconnecting in 5 seconds...
2026-06-09 13:00:08 [INFO] vessel_anomaly: 🔗 Connecting to AISstream.io...
2026-06-09 13:00:10 [INFO] vessel_anomaly: ✅ Connected! Streaming AIS data for Indonesian waters...
2026-06-09 13:00:10 [INFO] vessel_anomaly: 📍 Bounding Box: [[[-14.0, 92.0], [8.0, 141.5]]]
2026-06-09 13:00:10 [WARNING] vessel_anomaly: 🔌 WebSocket connection closed: no close frame received or sent
2026-06-09 13:00:10 [INFO] vessel_anomaly: 🔄 Reconnecting in 5 seconds...
2026-06-09 13:00:15 [INFO] vessel_anomaly: 🔗 Connecting to AISstream.io...
2026-06-09 13:00:16 [INFO] vessel_anomaly: ✅ Connected! Streaming AIS data for Indonesian waters...
2026-06-09 13:00:16 [INFO] vessel_anomaly: 📍 Bounding Box: [[[-14.0, 92.0], [8.0, 141.5]]]
2026-06-09 13:00:17 [WARNING] vessel_anomaly: 🔌 WebSocket connection closed: no close frame received or sent
2026-06-09 13:00:17 [INFO] vessel_anomaly: 🔄 Reconnecting in 5 seconds...
2026-06-09 13:00:22 [INFO] vessel_anomaly: 🔗 Connecting to AISstream.io...
2026-06-09 13:00:23 [INFO] vessel_anomaly: ✅ Connected! Streaming AIS data for Indonesian waters...
2026-06-09 13:00:23 [INFO] vessel_anomaly: 📍 Bounding Box: [[[-14.0, 92.0], [8.0, 141.5]]]
2026-06-09 13:00:24 [WARNING] vessel_anomaly: 🔌 WebSocket connection closed: no close frame received or sent
2026-06-09 13:00:24 [INFO] vessel_anomaly: 🔄 Reconnecting in 5 seconds...
2026-06-09 13:00:29 [INFO] vessel_anomaly: 🔗 Connecting to AISstream.io...
2026-06-09 13:00:30 [INFO] vessel_anomaly: ✅ Connected! Streaming AIS data for Indonesian waters...
2026-06-09 13:00:30 [INFO] vessel_anomaly: 📍 Bounding Box: [[[-14.0, 92.0], [8.0, 141.5]]]
2026-06-09 13:00:31 [WARNING] vessel_anomaly: 🔌 WebSocket connection closed: no close frame received or sent
2026-06-09 13:00:31 [INFO] vessel_anomaly: 🔄 Reconnecting in 5 seconds...
2026-06-09 13:00:36 [INFO] vessel_anomaly: 🔗 Connecting to AISstream.io...
2026-06-09 13:00:37 [INFO] vessel_anomaly: ✅ Connected! Streaming AIS data for Indonesian waters...
2026-06-09 13:00:37 [INFO] vessel_anomaly: 📍 Bounding Box: [[[-14.0, 92.0], [8.0, 141.5]]]
2026-06-09 13:00:37 [WARNING] vessel_anomaly: 🔌 WebSocket connection closed: no close frame received or sent
2026-06-09 13:00:37 [INFO] vessel_anomaly: 🔄 Reconnecting in 5 seconds...
2026-06-09 13:00:42 [INFO] vessel_anomaly: 🔗 Connecting to AISstream.io...
2026-06-09 13:00:44 [INFO] vessel_anomaly: ✅ Connected! Streaming AIS data for Indonesian waters...
2026-06-09 13:00:44 [INFO] vessel_anomaly: 📍 Bounding Box: [[[-14.0, 92.0], [8.0, 141.5]]]
2026-06-09 13:00:45 [WARNING] vessel_anomaly: 🔌 WebSocket connection closed: no close frame received or sent
2026-06-09 13:00:45 [INFO] vessel_anomaly: 🔄 Reconnecting in 5 seconds...
2026-06-09 13:00:46 [INFO] vessel_anomaly: 🖥️ Dashboard client connected
2026-06-09 13:00:50 [INFO] vessel_anomaly: 🔗 Connecting to AISstream.io...
2026-06-09 13:00:51 [INFO] vessel_anomaly: ✅ Connected! Streaming AIS data for Indonesian waters...
2026-06-09 13:00:51 [INFO] vessel_anomaly: 📍 Bounding Box: [[[-14.0, 92.0], [8.0, 141.5]]]
2026-06-09 13:00:52 [WARNING] vessel_anomaly: 🔌 WebSocket connection closed: no close frame received or sent
2026-06-09 13:00:52 [INFO] vessel_anomaly: 🔄 Reconnecting in 5 seconds...
2026-06-09 13:00:57 [INFO] vessel_anomaly: 🔗 Connecting to AISstream.io...
2026-06-09 13:00:58 [INFO] vessel_anomaly: ✅ Connected! Streaming AIS data for Indonesian waters...
2026-06-09 13:00:58 [INFO] vessel_anomaly: 📍 Bounding Box: [[[-14.0, 92.0], [8.0, 141.5]]]
2026-06-09 13:00:59 [WARNING] vessel_anomaly: 🔌 WebSocket connection closed: no close frame received or sent
2026-06-09 13:00:59 [INFO] vessel_anomaly: 🔄 Reconnecting in 5 seconds...
2026-06-09 13:01:04 [INFO] vessel_anomaly: 🔗 Connecting to AISstream.io...
2026-06-09 13:01:05 [INFO] vessel_anomaly: ✅ Connected! Streaming AIS data for Indonesian waters...
2026-06-09 13:01:05 [INFO] vessel_anomaly: 📍 Bounding Box: [[[-14.0, 92.0], [8.0, 141.5]]]
2026-06-09 13:01:06 [WARNING] vessel_anomaly: 🔌 WebSocket connection closed: no close frame received or sent
2026-06-09 13:01:06 [INFO] vessel_anomaly: 🔄 Reconnecting in 5 seconds...
2026-06-09 13:01:11 [INFO] vessel_anomaly: 🔗 Connecting to AISstream.io...
2026-06-09 13:01:12 [INFO] vessel_anomaly: ✅ Connected! Streaming AIS data for Indonesian waters...
2026-06-09 13:01:12 [INFO] vessel_anomaly: 📍 Bounding Box: [[[-14.0, 92.0], [8.0, 141.5]]]
2026-06-09 13:01:13 [WARNING] vessel_anomaly: 🔌 WebSocket connection closed: no close frame received or sent
2026-06-09 13:01:13 [INFO] vessel_anomaly: 🔄 Reconnecting in 5 seconds...
2026-06-09 13:01:18 [INFO] vessel_anomaly: 🔗 Connecting to AISstream.io...
2026-06-09 13:01:19 [INFO] vessel_anomaly: ✅ Connected! Streaming AIS data for Indonesian waters...
2026-06-09 13:01:19 [INFO] vessel_anomaly: 📍 Bounding Box: [[[-14.0, 92.0], [8.0, 141.5]]]
2026-06-09 13:01:20 [WARNING] vessel_anomaly: 🔌 WebSocket connection closed: no close frame received or sent
2026-06-09 13:01:20 [INFO] vessel_anomaly: 🔄 Reconnecting in 5 seconds...
2026-06-09 13:01:25 [INFO] vessel_anomaly: 🔗 Connecting to AISstream.io...
2026-06-09 13:01:26 [INFO] vessel_anomaly: ✅ Connected! Streaming AIS data for Indonesian waters...
2026-06-09 13:01:26 [INFO] vessel_anomaly: 📍 Bounding Box: [[[-14.0, 92.0], [8.0, 141.5]]]
2026-06-09 13:01:27 [WARNING] vessel_anomaly: 🔌 WebSocket connection closed: no close frame received or sent
2026-06-09 13:01:27 [INFO] vessel_anomaly: 🔄 Reconnecting in 5 seconds...
2026-06-09 13:01:32 [INFO] vessel_anomaly: 🔗 Connecting to AISstream.io...
2026-06-09 13:01:33 [INFO] vessel_anomaly: ✅ Connected! Streaming AIS data for Indonesian waters...
2026-06-09 13:01:33 [INFO] vessel_anomaly: 📍 Bounding Box: [[[-14.0, 92.0], [8.0, 141.5]]]
2026-06-09 13:01:34 [WARNING] vessel_anomaly: 🔌 WebSocket connection closed: no close frame received or sent
2026-06-09 13:01:34 [INFO] vessel_anomaly: 🔄 Reconnecting in 5 seconds...
2026-06-09 13:01:39 [INFO] vessel_anomaly: 🔗 Connecting to AISstream.io...
2026-06-09 13:01:40 [INFO] vessel_anomaly: ✅ Connected! Streaming AIS data for Indonesian waters...
2026-06-09 13:01:40 [INFO] vessel_anomaly: 📍 Bounding Box: [[[-14.0, 92.0], [8.0, 141.5]]]
2026-06-09 13:01:40 [WARNING] vessel_anomaly: 🔌 WebSocket connection closed: no close frame received or sent
2026-06-09 13:01:40 [INFO] vessel_anomaly: 🔄 Reconnecting in 5 seconds...
2026-06-09 13:01:45 [INFO] vessel_anomaly: 🔗 Connecting to AISstream.io...
2026-06-09 13:01:47 [INFO] vessel_anomaly: ✅ Connected! Streaming AIS data for Indonesian waters...
2026-06-09 13:01:47 [INFO] vessel_anomaly: 📍 Bounding Box: [[[-14.0, 92.0], [8.0, 141.5]]]
2026-06-09 13:01:47 [WARNING] vessel_anomaly: 🔌 WebSocket connection closed: no close frame received or sent
2026-06-09 13:01:47 [INFO] vessel_anomaly: 🔄 Reconnecting in 5 seconds...
2026-06-09 13:01:52 [INFO] vessel_anomaly: 🔗 Connecting to AISstream.io...
2026-06-09 13:01:53 [INFO] vessel_anomaly: ✅ Connected! Streaming AIS data for Indonesian waters...
2026-06-09 13:01:53 [INFO] vessel_anomaly: 📍 Bounding Box: [[[-14.0, 92.0], [8.0, 141.5]]]
2026-06-09 13:01:54 [WARNING] vessel_anomaly: 🔌 WebSocket connection closed: no close frame received or sent
2026-06-09 13:01:54 [INFO] vessel_anomaly: 🔄 Reconnecting in 5 seconds...
2026-06-09 13:01:59 [INFO] vessel_anomaly: 🔗 Connecting to AISstream.io...
2026-06-09 13:02:00 [INFO] vessel_anomaly: ✅ Connected! Streaming AIS data for Indonesian waters...
2026-06-09 13:02:00 [INFO] vessel_anomaly: 📍 Bounding Box: [[[-14.0, 92.0], [8.0, 141.5]]]
2026-06-09 13:02:01 [WARNING] vessel_anomaly: 🔌 WebSocket connection closed: no close frame received or sent
2026-06-09 13:02:01 [INFO] vessel_anomaly: 🔄 Reconnecting in 5 seconds...
2026-06-09 13:02:06 [INFO] vessel_anomaly: 🔗 Connecting to AISstream.io...
2026-06-09 13:02:07 [INFO] vessel_anomaly: ✅ Connected! Streaming AIS data for Indonesian waters...
2026-06-09 13:02:07 [INFO] vessel_anomaly: 📍 Bounding Box: [[[-14.0, 92.0], [8.0, 141.5]]]
2026-06-09 13:02:08 [WARNING] vessel_anomaly: 🔌 WebSocket connection closed: no close frame received or sent
2026-06-09 13:02:08 [INFO] vessel_anomaly: 🔄 Reconnecting in 5 seconds...
2026-06-09 13:02:13 [INFO] vessel_anomaly: 🔗 Connecting to AISstream.io...
2026-06-09 13:02:14 [INFO] vessel_anomaly: ✅ Connected! Streaming AIS data for Indonesian waters...
2026-06-09 13:02:14 [INFO] vessel_anomaly: 📍 Bounding Box: [[[-14.0, 92.0], [8.0, 141.5]]]
2026-06-09 13:02:15 [WARNING] vessel_anomaly: 🔌 WebSocket connection closed: no close frame received or sent
2026-06-09 13:02:15 [INFO] vessel_anomaly: 🔄 Reconnecting in 5 seconds...
2026-06-09 13:02:20 [INFO] vessel_anomaly: 🔗 Connecting to AISstream.io...
2026-06-09 13:02:21 [INFO] vessel_anomaly: ✅ Connected! Streaming AIS data for Indonesian waters...
2026-06-09 13:02:21 [INFO] vessel_anomaly: 📍 Bounding Box: [[[-14.0, 92.0], [8.0, 141.5]]]
2026-06-09 13:02:21 [WARNING] vessel_anomaly: 🔌 WebSocket connection closed: no close frame received or sent
2026-06-09 13:02:21 [INFO] vessel_anomaly: 🔄 Reconnecting in 5 seconds...
2026-06-09 13:02:26 [INFO] vessel_anomaly: 🔗 Connecting to AISstream.io...
2026-06-09 13:02:28 [INFO] vessel_anomaly: ✅ Connected! Streaming AIS data for Indonesian waters...
2026-06-09 13:02:28 [INFO] vessel_anomaly: 📍 Bounding Box: [[[-14.0, 92.0], [8.0, 141.5]]]
2026-06-09 13:02:29 [WARNING] vessel_anomaly: 🔌 WebSocket connection closed: no close frame received or sent
2026-06-09 13:02:29 [INFO] vessel_anomaly: 🔄 Reconnecting in 5 seconds...
2026-06-09 13:02:34 [INFO] vessel_anomaly: 🔗 Connecting to AISstream.io...
2026-06-09 13:02:35 [INFO] vessel_anomaly: ✅ Connected! Streaming AIS data for Indonesian waters...
2026-06-09 13:02:35 [INFO] vessel_anomaly: 📍 Bounding Box: [[[-14.0, 92.0], [8.0, 141.5]]]
2026-06-09 13:02:36 [WARNING] vessel_anomaly: 🔌 WebSocket connection closed: no close frame received or sent
2026-06-09 13:02:36 [INFO] vessel_anomaly: 🔄 Reconnecting in 5 seconds...
2026-06-09 13:02:41 [INFO] vessel_anomaly: 🔗 Connecting to AISstream.io...
2026-06-09 13:02:42 [INFO] vessel_anomaly: ✅ Connected! Streaming AIS data for Indonesian waters...
2026-06-09 13:02:42 [INFO] vessel_anomaly: 📍 Bounding Box: [[[-14.0, 92.0], [8.0, 141.5]]]
2026-06-09 13:02:43 [WARNING] vessel_anomaly: 🔌 WebSocket connection closed: no close frame received or sent
2026-06-09 13:02:43 [INFO] vessel_anomaly: 🔄 Reconnecting in 5 seconds...
2026-06-09 13:02:48 [INFO] vessel_anomaly: 🔗 Connecting to AISstream.io...
2026-06-09 13:02:49 [INFO] vessel_anomaly: ✅ Connected! Streaming AIS data for Indonesian waters...
2026-06-09 13:02:49 [INFO] vessel_anomaly: 📍 Bounding Box: [[[-14.0, 92.0], [8.0, 141.5]]]
2026-06-09 13:02:49 [WARNING] vessel_anomaly: 🔌 WebSocket connection closed: no close frame received or sent
2026-06-09 13:02:49 [INFO] vessel_anomaly: 🔄 Reconnecting in 5 seconds...
2026-06-09 13:02:54 [INFO] vessel_anomaly: 🔗 Connecting to AISstream.io...
2026-06-09 13:02:55 [INFO] vessel_anomaly: ✅ Connected! Streaming AIS data for Indonesian waters...
2026-06-09 13:02:55 [INFO] vessel_anomaly: 📍 Bounding Box: [[[-14.0, 92.0], [8.0, 141.5]]]
2026-06-09 13:02:56 [WARNING] vessel_anomaly: 🔌 WebSocket connection closed: no close frame received or sent
2026-06-09 13:02:56 [INFO] vessel_anomaly: 🔄 Reconnecting in 5 seconds...
2026-06-09 13:03:01 [INFO] vessel_anomaly: 🔗 Connecting to AISstream.io...
2026-06-09 13:03:02 [INFO] vessel_anomaly: ✅ Connected! Streaming AIS data for Indonesian waters...
2026-06-09 13:03:02 [INFO] vessel_anomaly: 📍 Bounding Box: [[[-14.0, 92.0], [8.0, 141.5]]]
2026-06-09 13:03:03 [WARNING] vessel_anomaly: 🔌 WebSocket connection closed: no close frame received or sent
2026-06-09 13:03:03 [INFO] vessel_anomaly: 🔄 Reconnecting in 5 seconds...
2026-06-09 13:03:08 [INFO] vessel_anomaly: 🔗 Connecting to AISstream.io...
2026-06-09 13:03:09 [INFO] vessel_anomaly: ✅ Connected! Streaming AIS data for Indonesian waters...
2026-06-09 13:03:09 [INFO] vessel_anomaly: 📍 Bounding Box: [[[-14.0, 92.0], [8.0, 141.5]]]
2026-06-09 13:03:10 [WARNING] vessel_anomaly: 🔌 WebSocket connection closed: no close frame received or sent
2026-06-09 13:03:10 [INFO] vessel_anomaly: 🔄 Reconnecting in 5 seconds...
2026-06-09 13:03:15 [INFO] vessel_anomaly: 🔗 Connecting to AISstream.io...
2026-06-09 13:03:16 [INFO] vessel_anomaly: ✅ Connected! Streaming AIS data for Indonesian waters...
2026-06-09 13:03:16 [INFO] vessel_anomaly: 📍 Bounding Box: [[[-14.0, 92.0], [8.0, 141.5]]]
2026-06-09 13:03:17 [WARNING] vessel_anomaly: 🔌 WebSocket connection closed: no close frame received or sent
2026-06-09 13:03:17 [INFO] vessel_anomaly: 🔄 Reconnecting in 5 seconds...
2026-06-09 13:03:22 [INFO] vessel_anomaly: 🔗 Connecting to AISstream.io...
2026-06-09 13:03:23 [INFO] vessel_anomaly: ✅ Connected! Streaming AIS data for Indonesian waters...
2026-06-09 13:03:23 [INFO] vessel_anomaly: 📍 Bounding Box: [[[-14.0, 92.0], [8.0, 141.5]]]
2026-06-09 13:03:24 [WARNING] vessel_anomaly: 🔌 WebSocket connection closed: no close frame received or sent
2026-06-09 13:03:24 [INFO] vessel_anomaly: 🔄 Reconnecting in 5 seconds...
2026-06-09 13:03:29 [INFO] vessel_anomaly: 🔗 Connecting to AISstream.io...
2026-06-09 13:03:30 [INFO] vessel_anomaly: ✅ Connected! Streaming AIS data for Indonesian waters...
2026-06-09 13:03:30 [INFO] vessel_anomaly: 📍 Bounding Box: [[[-14.0, 92.0], [8.0, 141.5]]]
2026-06-09 13:03:31 [WARNING] vessel_anomaly: 🔌 WebSocket connection closed: no close frame received or sent
2026-06-09 13:03:31 [INFO] vessel_anomaly: 🔄 Reconnecting in 5 seconds...
2026-06-09 13:03:36 [INFO] vessel_anomaly: 🔗 Connecting to AISstream.io...
2026-06-09 13:03:37 [INFO] vessel_anomaly: ✅ Connected! Streaming AIS data for Indonesian waters...
2026-06-09 13:03:37 [INFO] vessel_anomaly: 📍 Bounding Box: [[[-14.0, 92.0], [8.0, 141.5]]]
2026-06-09 13:03:38 [WARNING] vessel_anomaly: 🔌 WebSocket connection closed: no close frame received or sent
2026-06-09 13:03:38 [INFO] vessel_anomaly: 🔄 Reconnecting in 5 seconds...
2026-06-09 13:03:43 [INFO] vessel_anomaly: 🔗 Connecting to AISstream.io...
2026-06-09 13:03:44 [INFO] vessel_anomaly: ✅ Connected! Streaming AIS data for Indonesian waters...
2026-06-09 13:03:44 [INFO] vessel_anomaly: 📍 Bounding Box: [[[-14.0, 92.0], [8.0, 141.5]]]
2026-06-09 13:03:45 [WARNING] vessel_anomaly: 🔌 WebSocket connection closed: no close frame received or sent
2026-06-09 13:03:45 [INFO] vessel_anomaly: 🔄 Reconnecting in 5 seconds...
2026-06-09 13:03:50 [INFO] vessel_anomaly: 🔗 Connecting to AISstream.io...
2026-06-09 13:03:51 [INFO] vessel_anomaly: ✅ Connected! Streaming AIS data for Indonesian waters...
2026-06-09 13:03:51 [INFO] vessel_anomaly: 📍 Bounding Box: [[[-14.0, 92.0], [8.0, 141.5]]]
2026-06-09 13:03:52 [WARNING] vessel_anomaly: 🔌 WebSocket connection closed: no close frame received or sent
2026-06-09 13:03:52 [INFO] vessel_anomaly: 🔄 Reconnecting in 5 seconds...
2026-06-09 13:03:57 [INFO] vessel_anomaly: 🔗 Connecting to AISstream.io...
2026-06-09 13:03:58 [INFO] vessel_anomaly: ✅ Connected! Streaming AIS data for Indonesian waters...
2026-06-09 13:03:58 [INFO] vessel_anomaly: 📍 Bounding Box: [[[-14.0, 92.0], [8.0, 141.5]]]
2026-06-09 13:03:59 [WARNING] vessel_anomaly: 🔌 WebSocket connection closed: no close frame received or sent
2026-06-09 13:03:59 [INFO] vessel_anomaly: 🔄 Reconnecting in 5 seconds...
2026-06-09 13:04:04 [INFO] vessel_anomaly: 🔗 Connecting to AISstream.io...
2026-06-09 13:04:05 [INFO] vessel_anomaly: ✅ Connected! Streaming AIS data for Indonesian waters...
2026-06-09 13:04:05 [INFO] vessel_anomaly: 📍 Bounding Box: [[[-14.0, 92.0], [8.0, 141.5]]]
2026-06-09 13:04:06 [WARNING] vessel_anomaly: 🔌 WebSocket connection closed: no close frame received or sent
2026-06-09 13:04:06 [INFO] vessel_anomaly: 🔄 Reconnecting in 5 seconds...
2026-06-09 13:04:11 [INFO] vessel_anomaly: 🔗 Connecting to AISstream.io...
2026-06-09 13:04:12 [INFO] vessel_anomaly: ✅ Connected! Streaming AIS data for Indonesian waters...
2026-06-09 13:04:12 [INFO] vessel_anomaly: 📍 Bounding Box: [[[-14.0, 92.0], [8.0, 141.5]]]
2026-06-09 13:04:13 [WARNING] vessel_anomaly: 🔌 WebSocket connection closed: no close frame received or sent
2026-06-09 13:04:13 [INFO] vessel_anomaly: 🔄 Reconnecting in 5 seconds...
2026-06-09 13:04:18 [INFO] vessel_anomaly: 🔗 Connecting to AISstream.io...
2026-06-09 13:04:19 [INFO] vessel_anomaly: ✅ Connected! Streaming AIS data for Indonesian waters...
2026-06-09 13:04:19 [INFO] vessel_anomaly: 📍 Bounding Box: [[[-14.0, 92.0], [8.0, 141.5]]]
2026-06-09 13:04:20 [WARNING] vessel_anomaly: 🔌 WebSocket connection closed: no close frame received or sent
2026-06-09 13:04:20 [INFO] vessel_anomaly: 🔄 Reconnecting in 5 seconds...
2026-06-09 13:04:25 [INFO] vessel_anomaly: 🔗 Connecting to AISstream.io...
2026-06-09 13:04:27 [INFO] vessel_anomaly: ✅ Connected! Streaming AIS data for Indonesian waters...
2026-06-09 13:04:27 [INFO] vessel_anomaly: 📍 Bounding Box: [[[-14.0, 92.0], [8.0, 141.5]]]
2026-06-09 13:04:27 [WARNING] vessel_anomaly: 🔌 WebSocket connection closed: no close frame received or sent
2026-06-09 13:04:27 [INFO] vessel_anomaly: 🔄 Reconnecting in 5 seconds...
2026-06-09 13:04:32 [INFO] vessel_anomaly: 🔗 Connecting to AISstream.io...
2026-06-09 13:04:33 [INFO] vessel_anomaly: ✅ Connected! Streaming AIS data for Indonesian waters...
2026-06-09 13:04:33 [INFO] vessel_anomaly: 📍 Bounding Box: [[[-14.0, 92.0], [8.0, 141.5]]]
2026-06-09 13:04:34 [WARNING] vessel_anomaly: 🔌 WebSocket connection closed: no close frame received or sent
2026-06-09 13:04:34 [INFO] vessel_anomaly: 🔄 Reconnecting in 5 seconds...
2026-06-09 13:04:39 [INFO] vessel_anomaly: 🔗 Connecting to AISstream.io...
2026-06-09 13:04:40 [INFO] vessel_anomaly: ✅ Connected! Streaming AIS data for Indonesian waters...
2026-06-09 13:04:40 [INFO] vessel_anomaly: 📍 Bounding Box: [[[-14.0, 92.0], [8.0, 141.5]]]
2026-06-09 13:04:41 [WARNING] vessel_anomaly: 🔌 WebSocket connection closed: no close frame received or sent
2026-06-09 13:04:41 [INFO] vessel_anomaly: 🔄 Reconnecting in 5 seconds...
2026-06-09 13:04:46 [INFO] vessel_anomaly: 🔗 Connecting to AISstream.io...
2026-06-09 13:04:47 [INFO] vessel_anomaly: ✅ Connected! Streaming AIS data for Indonesian waters...
2026-06-09 13:04:47 [INFO] vessel_anomaly: 📍 Bounding Box: [[[-14.0, 92.0], [8.0, 141.5]]]
2026-06-09 13:04:48 [WARNING] vessel_anomaly: 🔌 WebSocket connection closed: no close frame received or sent
2026-06-09 13:04:48 [INFO] vessel_anomaly: 🔄 Reconnecting in 5 seconds...
2026-06-09 13:04:53 [INFO] vessel_anomaly: 🔗 Connecting to AISstream.io...
2026-06-09 13:04:54 [INFO] vessel_anomaly: ✅ Connected! Streaming AIS data for Indonesian waters...
2026-06-09 13:04:54 [INFO] vessel_anomaly: 📍 Bounding Box: [[[-14.0, 92.0], [8.0, 141.5]]]
2026-06-09 13:04:55 [WARNING] vessel_anomaly: 🔌 WebSocket connection closed: no close frame received or sent
2026-06-09 13:04:55 [INFO] vessel_anomaly: 🔄 Reconnecting in 5 seconds...
2026-06-09 13:05:00 [INFO] vessel_anomaly: 🔗 Connecting to AISstream.io...
2026-06-09 13:05:01 [INFO] vessel_anomaly: ✅ Connected! Streaming AIS data for Indonesian waters...
2026-06-09 13:05:01 [INFO] vessel_anomaly: 📍 Bounding Box: [[[-14.0, 92.0], [8.0, 141.5]]]
2026-06-09 13:05:01 [WARNING] vessel_anomaly: 🔌 WebSocket connection closed: no close frame received or sent
2026-06-09 13:05:01 [INFO] vessel_anomaly: 🔄 Reconnecting in 5 seconds...
2026-06-09 13:05:06 [INFO] vessel_anomaly: 🔗 Connecting to AISstream.io...
2026-06-09 13:05:07 [INFO] vessel_anomaly: ✅ Connected! Streaming AIS data for Indonesian waters...
2026-06-09 13:05:07 [INFO] vessel_anomaly: 📍 Bounding Box: [[[-14.0, 92.0], [8.0, 141.5]]]
2026-06-09 13:05:08 [WARNING] vessel_anomaly: 🔌 WebSocket connection closed: no close frame received or sent
2026-06-09 13:05:08 [INFO] vessel_anomaly: 🔄 Reconnecting in 5 seconds...
2026-06-09 13:05:13 [INFO] vessel_anomaly: 🔗 Connecting to AISstream.io...
2026-06-09 13:05:14 [INFO] vessel_anomaly: ✅ Connected! Streaming AIS data for Indonesian waters...
2026-06-09 13:05:14 [INFO] vessel_anomaly: 📍 Bounding Box: [[[-14.0, 92.0], [8.0, 141.5]]]
2026-06-09 13:05:15 [WARNING] vessel_anomaly: 🔌 WebSocket connection closed: no close frame received or sent
2026-06-09 13:05:15 [INFO] vessel_anomaly: 🔄 Reconnecting in 5 seconds...
2026-06-09 13:05:20 [INFO] vessel_anomaly: 🔗 Connecting to AISstream.io...
2026-06-09 13:05:21 [INFO] vessel_anomaly: ✅ Connected! Streaming AIS data for Indonesian waters...
2026-06-09 13:05:21 [INFO] vessel_anomaly: 📍 Bounding Box: [[[-14.0, 92.0], [8.0, 141.5]]]
2026-06-09 13:05:22 [WARNING] vessel_anomaly: 🔌 WebSocket connection closed: no close frame received or sent
2026-06-09 13:05:22 [INFO] vessel_anomaly: 🔄 Reconnecting in 5 seconds...
2026-06-09 13:05:27 [INFO] vessel_anomaly: 🔗 Connecting to AISstream.io...
2026-06-09 13:05:28 [INFO] vessel_anomaly: ✅ Connected! Streaming AIS data for Indonesian waters...
2026-06-09 13:05:28 [INFO] vessel_anomaly: 📍 Bounding Box: [[[-14.0, 92.0], [8.0, 141.5]]]
2026-06-09 13:05:28 [WARNING] vessel_anomaly: 🔌 WebSocket connection closed: no close frame received or sent
2026-06-09 13:05:28 [INFO] vessel_anomaly: 🔄 Reconnecting in 5 seconds...
2026-06-09 13:05:33 [INFO] vessel_anomaly: 🔗 Connecting to AISstream.io...
2026-06-09 13:05:35 [INFO] vessel_anomaly: ✅ Connected! Streaming AIS data for Indonesian waters...
2026-06-09 13:05:35 [INFO] vessel_anomaly: 📍 Bounding Box: [[[-14.0, 92.0], [8.0, 141.5]]]
2026-06-09 13:05:35 [INFO] vessel_anomaly: 🖥️ Dashboard client disconnected
2026-06-09 13:05:35 [WARNING] vessel_anomaly: 🔌 WebSocket connection closed: no close frame received or sent
2026-06-09 13:05:35 [INFO] vessel_anomaly: 🔄 Reconnecting in 5 seconds...
2026-06-09 13:05:40 [INFO] vessel_anomaly: 🔗 Connecting to AISstream.io...
2026-06-09 13:05:42 [INFO] vessel_anomaly: ✅ Connected! Streaming AIS data for Indonesian waters...
2026-06-09 13:05:42 [INFO] vessel_anomaly: 📍 Bounding Box: [[[-14.0, 92.0], [8.0, 141.5]]]
2026-06-09 13:05:42 [WARNING] vessel_anomaly: 🔌 WebSocket connection closed: no close frame received or sent
2026-06-09 13:05:42 [INFO] vessel_anomaly: 🔄 Reconnecting in 5 seconds...
2026-06-09 13:05:47 [INFO] vessel_anomaly: 🔗 Connecting to AISstream.io...
2026-06-09 13:05:48 [INFO] vessel_anomaly: ✅ Connected! Streaming AIS data for Indonesian waters...
2026-06-09 13:05:48 [INFO] vessel_anomaly: 📍 Bounding Box: [[[-14.0, 92.0], [8.0, 141.5]]]
2026-06-09 13:05:49 [WARNING] vessel_anomaly: 🔌 WebSocket connection closed: no close frame received or sent
2026-06-09 13:05:49 [INFO] vessel_anomaly: 🔄 Reconnecting in 5 seconds...
2026-06-09 13:05:54 [INFO] vessel_anomaly: 🔗 Connecting to AISstream.io...
2026-06-09 13:05:55 [INFO] vessel_anomaly: ✅ Connected! Streaming AIS data for Indonesian waters...
2026-06-09 13:05:55 [INFO] vessel_anomaly: 📍 Bounding Box: [[[-14.0, 92.0], [8.0, 141.5]]]
2026-06-09 13:05:56 [WARNING] vessel_anomaly: 🔌 WebSocket connection closed: no close frame received or sent
2026-06-09 13:05:56 [INFO] vessel_anomaly: 🔄 Reconnecting in 5 seconds...
2026-06-09 13:06:01 [INFO] vessel_anomaly: 🔗 Connecting to AISstream.io...
2026-06-09 13:06:02 [INFO] vessel_anomaly: ✅ Connected! Streaming AIS data for Indonesian waters...
2026-06-09 13:06:02 [INFO] vessel_anomaly: 📍 Bounding Box: [[[-14.0, 92.0], [8.0, 141.5]]]
2026-06-09 13:06:03 [WARNING] vessel_anomaly: 🔌 WebSocket connection closed: no close frame received or sent
2026-06-09 13:06:03 [INFO] vessel_anomaly: 🔄 Reconnecting in 5 seconds...
2026-06-09 13:06:08 [INFO] vessel_anomaly: 🔗 Connecting to AISstream.io...
2026-06-09 13:06:09 [INFO] vessel_anomaly: ✅ Connected! Streaming AIS data for Indonesian waters...
2026-06-09 13:06:09 [INFO] vessel_anomaly: 📍 Bounding Box: [[[-14.0, 92.0], [8.0, 141.5]]]
2026-06-09 13:06:10 [WARNING] vessel_anomaly: 🔌 WebSocket connection closed: no close frame received or sent
2026-06-09 13:06:10 [INFO] vessel_anomaly: 🔄 Reconnecting in 5 seconds...
2026-06-09 13:06:15 [INFO] vessel_anomaly: 🔗 Connecting to AISstream.io...
2026-06-09 13:06:17 [INFO] vessel_anomaly: ✅ Connected! Streaming AIS data for Indonesian waters...
2026-06-09 13:06:17 [INFO] vessel_anomaly: 📍 Bounding Box: [[[-14.0, 92.0], [8.0, 141.5]]]
2026-06-09 13:06:17 [WARNING] vessel_anomaly: 🔌 WebSocket connection closed: no close frame received or sent
2026-06-09 13:06:17 [INFO] vessel_anomaly: 🔄 Reconnecting in 5 seconds...
2026-06-09 13:06:22 [INFO] vessel_anomaly: 🔗 Connecting to AISstream.io...
2026-06-09 13:06:24 [INFO] vessel_anomaly: ✅ Connected! Streaming AIS data for Indonesian waters...
2026-06-09 13:06:24 [INFO] vessel_anomaly: 📍 Bounding Box: [[[-14.0, 92.0], [8.0, 141.5]]]
2026-06-09 13:06:24 [WARNING] vessel_anomaly: 🔌 WebSocket connection closed: no close frame received or sent
2026-06-09 13:06:24 [INFO] vessel_anomaly: 🔄 Reconnecting in 5 seconds...
2026-06-09 13:06:29 [INFO] vessel_anomaly: 🔗 Connecting to AISstream.io...
2026-06-09 13:06:30 [INFO] vessel_anomaly: ✅ Connected! Streaming AIS data for Indonesian waters...
2026-06-09 13:06:30 [INFO] vessel_anomaly: 📍 Bounding Box: [[[-14.0, 92.0], [8.0, 141.5]]]
2026-06-09 13:06:31 [WARNING] vessel_anomaly: 🔌 WebSocket connection closed: no close frame received or sent
2026-06-09 13:06:31 [INFO] vessel_anomaly: 🔄 Reconnecting in 5 seconds...
2026-06-09 13:06:36 [INFO] vessel_anomaly: 🔗 Connecting to AISstream.io...
2026-06-09 13:06:38 [INFO] vessel_anomaly: ✅ Connected! Streaming AIS data for Indonesian waters...
2026-06-09 13:06:38 [INFO] vessel_anomaly: 📍 Bounding Box: [[[-14.0, 92.0], [8.0, 141.5]]]
2026-06-09 13:06:38 [WARNING] vessel_anomaly: 🔌 WebSocket connection closed: no close frame received or sent
2026-06-09 13:06:38 [INFO] vessel_anomaly: 🔄 Reconnecting in 5 seconds...
2026-06-09 13:06:43 [INFO] vessel_anomaly: 🔗 Connecting to AISstream.io...
2026-06-09 13:06:45 [INFO] vessel_anomaly: ✅ Connected! Streaming AIS data for Indonesian waters...
2026-06-09 13:06:45 [INFO] vessel_anomaly: 📍 Bounding Box: [[[-14.0, 92.0], [8.0, 141.5]]]
2026-06-09 13:06:45 [WARNING] vessel_anomaly: 🔌 WebSocket connection closed: no close frame received or sent
2026-06-09 13:06:45 [INFO] vessel_anomaly: 🔄 Reconnecting in 5 seconds...
2026-06-09 13:06:50 [INFO] vessel_anomaly: 🔗 Connecting to AISstream.io...
2026-06-09 13:06:51 [INFO] vessel_anomaly: ✅ Connected! Streaming AIS data for Indonesian waters...
2026-06-09 13:06:51 [INFO] vessel_anomaly: 📍 Bounding Box: [[[-14.0, 92.0], [8.0, 141.5]]]
2026-06-09 13:06:52 [WARNING] vessel_anomaly: 🔌 WebSocket connection closed: no close frame received or sent
2026-06-09 13:06:52 [INFO] vessel_anomaly: 🔄 Reconnecting in 5 seconds...
2026-06-09 13:06:57 [INFO] vessel_anomaly: 🔗 Connecting to AISstream.io...
2026-06-09 13:06:58 [INFO] vessel_anomaly: ✅ Connected! Streaming AIS data for Indonesian waters...
2026-06-09 13:06:58 [INFO] vessel_anomaly: 📍 Bounding Box: [[[-14.0, 92.0], [8.0, 141.5]]]
2026-06-09 13:06:59 [WARNING] vessel_anomaly: 🔌 WebSocket connection closed: no close frame received or sent
2026-06-09 13:06:59 [INFO] vessel_anomaly: 🔄 Reconnecting in 5 seconds...
2026-06-09 13:13:46 [INFO] vessel_anomaly: 🔧 Initializing components...
2026-06-09 13:13:46 [INFO] vessel_anomaly:   ✅ Database initialized
2026-06-09 13:13:46 [INFO] vessel_anomaly:   ✅ Feature engine initialized
2026-06-09 13:13:46 [INFO] vessel_anomaly: 🆕 New Isolation Forest model initialized
2026-06-09 13:13:46 [INFO] vessel_anomaly:   ✅ Anomaly detector initialized
2026-06-09 13:13:46 [INFO] vessel_anomaly:   ✅ Dashboard initialized
2026-06-09 13:13:46 [INFO] vessel_anomaly:   ✅ Alert system initialized
2026-06-09 13:13:46 [INFO] vessel_anomaly:   ✅ Data collector initialized
2026-06-09 13:13:46 [INFO] vessel_anomaly:   ✅ Model trainer initialized
2026-06-09 13:13:46 [INFO] vessel_anomaly:   ✅ Demo vessel generator initialized (10 demo vessels)
2026-06-09 13:13:46 [INFO] vessel_anomaly: 
2026-06-09 13:13:46 [INFO] vessel_anomaly: 🚀 All components ready! Starting services...
2026-06-09 13:13:46 [INFO] vessel_anomaly: 
2026-06-09 13:13:46 [INFO] vessel_anomaly: 📡 AIS Data Collector started (background thread)
2026-06-09 13:13:46 [INFO] vessel_anomaly: 🌐 Starting web dashboard...
2026-06-09 13:13:46 [INFO] vessel_anomaly:    Open browser at: http://localhost:5000
2026-06-09 13:13:46 [INFO] vessel_anomaly: 
2026-06-09 13:13:46 [INFO] vessel_anomaly: ============================================================
2026-06-09 13:13:46 [INFO] vessel_anomaly: 🚀 Starting AIS data collector...
2026-06-09 13:13:46 [INFO] vessel_anomaly:    VESSEL GUARD is now ACTIVE
2026-06-09 13:13:46 [INFO] vessel_anomaly:    Monitoring Indonesian waters for anomalies...
2026-06-09 13:13:46 [INFO] vessel_anomaly: 🔗 Connecting to AISstream.io...
2026-06-09 13:13:46 [INFO] vessel_anomaly: ============================================================
2026-06-09 13:13:46 [INFO] vessel_anomaly: 
2026-06-09 13:13:46 [INFO] vessel_anomaly: 🌐 Dashboard starting at http://0.0.0.0:5000
2026-06-09 13:13:46 [INFO] vessel_anomaly: ⏳ Waiting for minimum 50 samples before initial training...
2026-06-09 13:13:46 [INFO] vessel_anomaly: 🎓 Model trainer started (retrain every 6 hours)
2026-06-09 13:13:46 [INFO] vessel_anomaly: 🎭 Demo mode: Starting 10 demo vessels (clearly labeled)
2026-06-09 13:13:46 [INFO] vessel_anomaly:    Real AIS data will also be displayed when available
2026-06-09 13:13:46 [INFO] vessel_anomaly: 🔄 Backup source: Will activate if AISstream has no data
2026-06-09 13:13:47 [INFO] vessel_anomaly: ✅ Connected! Streaming AIS data for Indonesian waters...
2026-06-09 13:13:47 [INFO] vessel_anomaly: 📍 Bounding Box: [[[-14.0, 92.0], [8.0, 141.5]]]
2026-06-09 13:13:48 [WARNING] vessel_anomaly: 🔌 WebSocket connection closed: no close frame received or sent
2026-06-09 13:13:48 [INFO] vessel_anomaly: 🔄 Reconnecting in 5 seconds...
2026-06-09 13:13:53 [INFO] vessel_anomaly: 🔗 Connecting to AISstream.io...
2026-06-09 13:13:54 [INFO] vessel_anomaly: ✅ Connected! Streaming AIS data for Indonesian waters...
2026-06-09 13:13:54 [INFO] vessel_anomaly: 📍 Bounding Box: [[[-14.0, 92.0], [8.0, 141.5]]]
2026-06-09 13:13:55 [WARNING] vessel_anomaly: 🔌 WebSocket connection closed: no close frame received or sent
2026-06-09 13:13:55 [INFO] vessel_anomaly: 🔄 Reconnecting in 5 seconds...
2026-06-09 13:14:00 [INFO] vessel_anomaly: 🔗 Connecting to AISstream.io...
2026-06-09 13:14:01 [INFO] vessel_anomaly: ✅ Connected! Streaming AIS data for Indonesian waters...
2026-06-09 13:14:01 [INFO] vessel_anomaly: 📍 Bounding Box: [[[-14.0, 92.0], [8.0, 141.5]]]
2026-06-09 13:14:02 [WARNING] vessel_anomaly: 🔌 WebSocket connection closed: no close frame received or sent
2026-06-09 13:14:02 [INFO] vessel_anomaly: 🔄 Reconnecting in 5 seconds...
2026-06-09 13:14:07 [INFO] vessel_anomaly: 🔗 Connecting to AISstream.io...
2026-06-09 13:14:08 [INFO] vessel_anomaly: 🖥️ Dashboard client connected
2026-06-09 13:14:08 [INFO] vessel_anomaly: ✅ Connected! Streaming AIS data for Indonesian waters...
2026-06-09 13:14:08 [INFO] vessel_anomaly: 📍 Bounding Box: [[[-14.0, 92.0], [8.0, 141.5]]]
2026-06-09 13:14:09 [WARNING] vessel_anomaly: 🔌 WebSocket connection closed: no close frame received or sent
2026-06-09 13:14:09 [INFO] vessel_anomaly: 🔄 Reconnecting in 5 seconds...
2026-06-09 13:14:14 [INFO] vessel_anomaly: 🔗 Connecting to AISstream.io...
2026-06-09 13:14:15 [INFO] vessel_anomaly: ✅ Connected! Streaming AIS data for Indonesian waters...
2026-06-09 13:14:15 [INFO] vessel_anomaly: 📍 Bounding Box: [[[-14.0, 92.0], [8.0, 141.5]]]
2026-06-09 13:14:16 [WARNING] vessel_anomaly: 🔌 WebSocket connection closed: no close frame received or sent
2026-06-09 13:14:16 [INFO] vessel_anomaly: 🔄 Reconnecting in 5 seconds...
2026-06-09 13:14:21 [INFO] vessel_anomaly: 🔗 Connecting to AISstream.io...
2026-06-09 13:14:22 [INFO] vessel_anomaly: ✅ Connected! Streaming AIS data for Indonesian waters...
2026-06-09 13:14:22 [INFO] vessel_anomaly: 📍 Bounding Box: [[[-14.0, 92.0], [8.0, 141.5]]]
2026-06-09 13:14:23 [WARNING] vessel_anomaly: 🔌 WebSocket connection closed: no close frame received or sent
2026-06-09 13:14:23 [INFO] vessel_anomaly: 🔄 Reconnecting in 5 seconds...
2026-06-09 13:14:28 [INFO] vessel_anomaly: 🔗 Connecting to AISstream.io...
2026-06-09 13:14:29 [INFO] vessel_anomaly: ✅ Connected! Streaming AIS data for Indonesian waters...
2026-06-09 13:14:29 [INFO] vessel_anomaly: 📍 Bounding Box: [[[-14.0, 92.0], [8.0, 141.5]]]
2026-06-09 13:14:29 [WARNING] vessel_anomaly: 🔌 WebSocket connection closed: no close frame received or sent
2026-06-09 13:14:29 [INFO] vessel_anomaly: 🔄 Reconnecting in 5 seconds...
2026-06-09 13:14:34 [INFO] vessel_anomaly: 🔗 Connecting to AISstream.io...
2026-06-09 13:14:36 [INFO] vessel_anomaly: ✅ Connected! Streaming AIS data for Indonesian waters...
2026-06-09 13:14:36 [INFO] vessel_anomaly: 📍 Bounding Box: [[[-14.0, 92.0], [8.0, 141.5]]]
2026-06-09 13:14:37 [WARNING] vessel_anomaly: 🔌 WebSocket connection closed: no close frame received or sent
2026-06-09 13:14:37 [INFO] vessel_anomaly: 🔄 Reconnecting in 5 seconds...
2026-06-09 13:14:42 [INFO] vessel_anomaly: 🔗 Connecting to AISstream.io...
2026-06-09 13:14:43 [INFO] vessel_anomaly: ✅ Connected! Streaming AIS data for Indonesian waters...
2026-06-09 13:14:43 [INFO] vessel_anomaly: 📍 Bounding Box: [[[-14.0, 92.0], [8.0, 141.5]]]
2026-06-09 13:14:44 [WARNING] vessel_anomaly: 🔌 WebSocket connection closed: no close frame received or sent
2026-06-09 13:14:44 [INFO] vessel_anomaly: 🔄 Reconnecting in 5 seconds...
2026-06-09 13:14:49 [INFO] vessel_anomaly: 🔗 Connecting to AISstream.io...
2026-06-09 13:14:50 [INFO] vessel_anomaly: ✅ Connected! Streaming AIS data for Indonesian waters...
2026-06-09 13:14:50 [INFO] vessel_anomaly: 📍 Bounding Box: [[[-14.0, 92.0], [8.0, 141.5]]]
2026-06-09 13:14:50 [WARNING] vessel_anomaly: 🔌 WebSocket connection closed: no close frame received or sent
2026-06-09 13:14:50 [INFO] vessel_anomaly: 🔄 Reconnecting in 5 seconds...
2026-06-09 13:14:53 [INFO] vessel_anomaly: 🖥️ Dashboard client disconnected
2026-06-09 13:14:54 [INFO] vessel_anomaly: 🖥️ Dashboard client connected
2026-06-09 13:14:55 [INFO] vessel_anomaly: 🔗 Connecting to AISstream.io...
2026-06-09 13:14:56 [INFO] vessel_anomaly: ✅ Connected! Streaming AIS data for Indonesian waters...
2026-06-09 13:14:56 [INFO] vessel_anomaly: 📍 Bounding Box: [[[-14.0, 92.0], [8.0, 141.5]]]
2026-06-09 13:14:57 [WARNING] vessel_anomaly: 🔌 WebSocket connection closed: no close frame received or sent
2026-06-09 13:14:57 [INFO] vessel_anomaly: 🔄 Reconnecting in 5 seconds...
2026-06-09 13:15:02 [INFO] vessel_anomaly: 🔗 Connecting to AISstream.io...
2026-06-09 13:15:03 [INFO] vessel_anomaly: ✅ Connected! Streaming AIS data for Indonesian waters...
2026-06-09 13:15:03 [INFO] vessel_anomaly: 📍 Bounding Box: [[[-14.0, 92.0], [8.0, 141.5]]]
2026-06-09 13:15:04 [WARNING] vessel_anomaly: 🔌 WebSocket connection closed: no close frame received or sent
2026-06-09 13:15:04 [INFO] vessel_anomaly: 🔄 Reconnecting in 5 seconds...
2026-06-09 13:15:08 [INFO] vessel_anomaly: 
🛑 Shutdown signal received...
2026-06-09 13:15:08 [INFO] vessel_anomaly: 🛑 Data collector stopping...
2026-06-09 13:15:08 [INFO] vessel_anomaly: 🛑 Model trainer stopping...
2026-06-09 13:15:13 [INFO] vessel_anomaly: 
🛑 Shutdown signal received...
2026-06-09 13:15:13 [INFO] vessel_anomaly: 🛑 Data collector stopping...
2026-06-09 13:15:13 [INFO] vessel_anomaly: 🛑 Model trainer stopping...
2026-06-09 13:15:19 [INFO] vessel_anomaly: 
🛑 Shutdown signal received...
2026-06-09 13:15:19 [INFO] vessel_anomaly: 🛑 Data collector stopping...
2026-06-09 13:15:19 [INFO] vessel_anomaly: 🛑 Model trainer stopping...
2026-06-09 13:17:14 [INFO] vessel_anomaly: 🔧 Initializing components...
2026-06-09 13:17:14 [INFO] vessel_anomaly:   ✅ Database initialized
2026-06-09 13:17:14 [INFO] vessel_anomaly:   ✅ Feature engine initialized
2026-06-09 13:17:14 [INFO] vessel_anomaly: 🆕 New Isolation Forest model initialized
2026-06-09 13:17:14 [INFO] vessel_anomaly:   ✅ Anomaly detector initialized
2026-06-09 13:17:15 [INFO] vessel_anomaly:   ✅ Dashboard initialized
2026-06-09 13:17:15 [INFO] vessel_anomaly:   ✅ Alert system initialized
2026-06-09 13:17:15 [INFO] vessel_anomaly:   ✅ Data collector initialized
2026-06-09 13:17:15 [INFO] vessel_anomaly:   ✅ Model trainer initialized
2026-06-09 13:17:15 [INFO] vessel_anomaly: 
2026-06-09 13:17:15 [INFO] vessel_anomaly: 🚀 All components ready! Starting services...
2026-06-09 13:17:15 [INFO] vessel_anomaly: 
2026-06-09 13:17:15 [INFO] vessel_anomaly: 📡 AIS Data Collector started (background thread)
2026-06-09 13:17:15 [INFO] vessel_anomaly: 🌐 Starting web dashboard...
2026-06-09 13:17:15 [INFO] vessel_anomaly: 🚀 Starting AIS data collector...
2026-06-09 13:17:15 [INFO] vessel_anomaly:    Open browser at: http://localhost:5000
2026-06-09 13:17:15 [INFO] vessel_anomaly: 
2026-06-09 13:17:15 [INFO] vessel_anomaly: 🔗 Connecting to AISstream.io...
2026-06-09 13:17:15 [INFO] vessel_anomaly: ============================================================
2026-06-09 13:17:15 [INFO] vessel_anomaly:    VESSEL GUARD is now ACTIVE
2026-06-09 13:17:15 [INFO] vessel_anomaly:    Monitoring Indonesian waters for anomalies...
2026-06-09 13:17:15 [INFO] vessel_anomaly: ============================================================
2026-06-09 13:17:15 [INFO] vessel_anomaly: 
2026-06-09 13:17:15 [INFO] vessel_anomaly: 🌐 Dashboard starting at http://0.0.0.0:5000
2026-06-09 13:17:15 [INFO] vessel_anomaly: ⏳ Waiting for minimum 50 samples before initial training...
2026-06-09 13:17:15 [INFO] vessel_anomaly: 🎓 Model trainer started (retrain every 6 hours)
2026-06-09 13:17:15 [INFO] vessel_anomaly: 🔄 Backup source: Will activate if AISstream has no data
2026-06-09 13:17:16 [INFO] vessel_anomaly: ✅ Connected! Streaming AIS data for Indonesian waters...
2026-06-09 13:17:16 [INFO] vessel_anomaly: 📍 Bounding Box: [[[-14.0, 92.0], [8.0, 141.5]]]
2026-06-09 13:17:17 [INFO] vessel_anomaly: 🖥️ Dashboard client connected
2026-06-09 13:17:17 [WARNING] vessel_anomaly: 🔌 WebSocket connection closed: no close frame received or sent
2026-06-09 13:17:17 [INFO] vessel_anomaly: 🔄 Reconnecting in 5 seconds...
2026-06-09 13:17:22 [INFO] vessel_anomaly: 🔗 Connecting to AISstream.io...
2026-06-09 13:17:24 [INFO] vessel_anomaly: ✅ Connected! Streaming AIS data for Indonesian waters...
2026-06-09 13:17:24 [INFO] vessel_anomaly: 📍 Bounding Box: [[[-14.0, 92.0], [8.0, 141.5]]]
2026-06-09 13:17:25 [WARNING] vessel_anomaly: 🔌 WebSocket connection closed: no close frame received or sent
2026-06-09 13:17:25 [INFO] vessel_anomaly: 🔄 Reconnecting in 5 seconds...
2026-06-09 13:17:26 [INFO] vessel_anomaly: 🖥️ Dashboard client disconnected
2026-06-09 13:17:26 [INFO] vessel_anomaly: 🖥️ Dashboard client connected
2026-06-09 13:17:29 [INFO] vessel_anomaly: 🖥️ Dashboard client disconnected
2026-06-09 13:17:29 [INFO] vessel_anomaly: 🖥️ Dashboard client connected
2026-06-09 13:17:30 [INFO] vessel_anomaly: 🔗 Connecting to AISstream.io...
2026-06-09 13:17:30 [INFO] vessel_anomaly: 🖥️ Dashboard client disconnected
2026-06-09 13:17:30 [INFO] vessel_anomaly: 🖥️ Dashboard client connected
2026-06-09 13:17:31 [INFO] vessel_anomaly: ✅ Connected! Streaming AIS data for Indonesian waters...
2026-06-09 13:17:31 [INFO] vessel_anomaly: 📍 Bounding Box: [[[-14.0, 92.0], [8.0, 141.5]]]
2026-06-09 13:17:32 [WARNING] vessel_anomaly: 🔌 WebSocket connection closed: no close frame received or sent
2026-06-09 13:17:32 [INFO] vessel_anomaly: 🔄 Reconnecting in 5 seconds...
2026-06-09 13:17:33 [INFO] vessel_anomaly: 🖥️ Dashboard client disconnected
2026-06-09 13:17:34 [INFO] vessel_anomaly: 🖥️ Dashboard client connected
2026-06-09 13:17:34 [INFO] vessel_anomaly: 🖥️ Dashboard client disconnected
2026-06-09 13:17:34 [INFO] vessel_anomaly: 🖥️ Dashboard client connected
2026-06-09 13:17:37 [INFO] vessel_anomaly: 🔗 Connecting to AISstream.io...
2026-06-09 13:17:38 [INFO] vessel_anomaly: ✅ Connected! Streaming AIS data for Indonesian waters...
2026-06-09 13:17:38 [INFO] vessel_anomaly: 📍 Bounding Box: [[[-14.0, 92.0], [8.0, 141.5]]]
2026-06-09 13:17:39 [WARNING] vessel_anomaly: 🔌 WebSocket connection closed: no close frame received or sent
2026-06-09 13:17:39 [INFO] vessel_anomaly: 🔄 Reconnecting in 5 seconds...
2026-06-09 13:17:44 [INFO] vessel_anomaly: 🔗 Connecting to AISstream.io...
2026-06-09 13:17:45 [INFO] vessel_anomaly: ✅ Connected! Streaming AIS data for Indonesian waters...
2026-06-09 13:17:45 [INFO] vessel_anomaly: 📍 Bounding Box: [[[-14.0, 92.0], [8.0, 141.5]]]
2026-06-09 13:17:46 [WARNING] vessel_anomaly: 🔌 WebSocket connection closed: no close frame received or sent
2026-06-09 13:17:46 [INFO] vessel_anomaly: 🔄 Reconnecting in 5 seconds...
2026-06-09 13:17:51 [INFO] vessel_anomaly: 🔗 Connecting to AISstream.io...
2026-06-09 13:17:52 [INFO] vessel_anomaly: ✅ Connected! Streaming AIS data for Indonesian waters...
2026-06-09 13:17:52 [INFO] vessel_anomaly: 📍 Bounding Box: [[[-14.0, 92.0], [8.0, 141.5]]]
2026-06-09 13:17:52 [WARNING] vessel_anomaly: 🔌 WebSocket connection closed: no close frame received or sent
2026-06-09 13:17:52 [INFO] vessel_anomaly: 🔄 Reconnecting in 5 seconds...
2026-06-09 13:17:57 [INFO] vessel_anomaly: 🔗 Connecting to AISstream.io...
2026-06-09 13:17:59 [INFO] vessel_anomaly: ✅ Connected! Streaming AIS data for Indonesian waters...
2026-06-09 13:17:59 [INFO] vessel_anomaly: 📍 Bounding Box: [[[-14.0, 92.0], [8.0, 141.5]]]
2026-06-09 13:17:59 [WARNING] vessel_anomaly: 🔌 WebSocket connection closed: no close frame received or sent
2026-06-09 13:17:59 [INFO] vessel_anomaly: 🔄 Reconnecting in 5 seconds...
2026-06-09 13:18:04 [INFO] vessel_anomaly: 🔗 Connecting to AISstream.io...
2026-06-09 13:18:05 [INFO] vessel_anomaly: ✅ Connected! Streaming AIS data for Indonesian waters...
2026-06-09 13:18:05 [INFO] vessel_anomaly: 📍 Bounding Box: [[[-14.0, 92.0], [8.0, 141.5]]]
2026-06-09 13:18:06 [WARNING] vessel_anomaly: 🔌 WebSocket connection closed: no close frame received or sent
2026-06-09 13:18:06 [INFO] vessel_anomaly: 🔄 Reconnecting in 5 seconds...
2026-06-09 13:18:11 [INFO] vessel_anomaly: 🔗 Connecting to AISstream.io...
2026-06-09 13:18:12 [INFO] vessel_anomaly: ✅ Connected! Streaming AIS data for Indonesian waters...
2026-06-09 13:18:12 [INFO] vessel_anomaly: 📍 Bounding Box: [[[-14.0, 92.0], [8.0, 141.5]]]
2026-06-09 13:18:13 [WARNING] vessel_anomaly: 🔌 WebSocket connection closed: no close frame received or sent
2026-06-09 13:18:13 [INFO] vessel_anomaly: 🔄 Reconnecting in 5 seconds...
2026-06-09 13:18:14 [INFO] vessel_anomaly: 
🛑 Shutdown signal received...
2026-06-09 13:18:14 [INFO] vessel_anomaly: 🛑 Data collector stopping...
2026-06-09 13:18:14 [INFO] vessel_anomaly: 🛑 Model trainer stopping...
2026-06-09 13:18:15 [INFO] vessel_anomaly: ✅ AISstream working fine, backup source standby
2026-06-09 13:18:19 [INFO] vessel_anomaly: 
🛑 Shutdown signal received...
2026-06-09 13:18:19 [INFO] vessel_anomaly: 🛑 Data collector stopping...
2026-06-09 13:18:19 [INFO] vessel_anomaly: 🛑 Model trainer stopping...
2026-06-09 13:18:24 [INFO] vessel_anomaly: 🖥️ Dashboard client disconnected
2026-06-09 13:20:29 [INFO] vessel_anomaly: 🔧 Initializing components...
2026-06-09 13:20:29 [INFO] vessel_anomaly:   ✅ Database initialized
2026-06-09 13:20:29 [INFO] vessel_anomaly:   ✅ Feature engine initialized
2026-06-09 13:20:29 [INFO] vessel_anomaly: 🆕 New Isolation Forest model initialized
2026-06-09 13:20:29 [INFO] vessel_anomaly:   ✅ Anomaly detector initialized
2026-06-09 13:20:29 [INFO] vessel_anomaly:   ✅ Dashboard initialized
2026-06-09 13:20:29 [INFO] vessel_anomaly:   ✅ Alert system initialized
2026-06-09 13:20:29 [INFO] vessel_anomaly:   ✅ Data collector initialized
2026-06-09 13:20:29 [INFO] vessel_anomaly:   ✅ Model trainer initialized
2026-06-09 13:20:29 [INFO] vessel_anomaly: 
2026-06-09 13:20:29 [INFO] vessel_anomaly: 🚀 All components ready! Starting services...
2026-06-09 13:20:29 [INFO] vessel_anomaly: 
2026-06-09 13:20:29 [INFO] vessel_anomaly: 📡 AIS Data Collector started (background thread)
2026-06-09 13:20:29 [INFO] vessel_anomaly: 🌐 Starting web dashboard...
2026-06-09 13:20:29 [INFO] vessel_anomaly:    Open browser at: http://localhost:5000
2026-06-09 13:20:29 [INFO] vessel_anomaly: 
2026-06-09 13:20:29 [INFO] vessel_anomaly: ============================================================
2026-06-09 13:20:29 [INFO] vessel_anomaly:    VESSEL GUARD is now ACTIVE
2026-06-09 13:20:29 [INFO] vessel_anomaly:    Monitoring Indonesian waters for anomalies...
2026-06-09 13:20:29 [INFO] vessel_anomaly: ============================================================
2026-06-09 13:20:29 [INFO] vessel_anomaly: 
2026-06-09 13:20:29 [INFO] vessel_anomaly: 🌐 Dashboard starting at http://0.0.0.0:5000
2026-06-09 13:20:29 [INFO] vessel_anomaly: 🚀 Starting AIS data collector...
2026-06-09 13:20:29 [INFO] vessel_anomaly: 🔗 Connecting to AISstream.io...
2026-06-09 13:20:29 [INFO] vessel_anomaly: ⏳ Waiting for minimum 50 samples before initial training...
2026-06-09 13:20:29 [INFO] vessel_anomaly: 🎓 Model trainer started (retrain every 6 hours)
2026-06-09 13:20:29 [INFO] vessel_anomaly: 🔄 Backup source: Will activate if AISstream has no data
2026-06-09 13:20:31 [INFO] vessel_anomaly: ✅ Connected! Streaming AIS data for Indonesian waters...
2026-06-09 13:20:31 [INFO] vessel_anomaly: 📍 Bounding Box: [[[-14.0, 92.0], [8.0, 141.5]]]
2026-06-09 13:20:32 [WARNING] vessel_anomaly: 🔌 WebSocket connection closed: no close frame received or sent
2026-06-09 13:20:32 [INFO] vessel_anomaly: 🔄 Reconnecting in 5 seconds...
2026-06-09 13:20:32 [INFO] vessel_anomaly: 🖥️ Dashboard client connected
2026-06-09 13:20:37 [INFO] vessel_anomaly: 🔗 Connecting to AISstream.io...
2026-06-09 13:20:38 [INFO] vessel_anomaly: ✅ Connected! Streaming AIS data for Indonesian waters...
2026-06-09 13:20:38 [INFO] vessel_anomaly: 📍 Bounding Box: [[[-14.0, 92.0], [8.0, 141.5]]]
2026-06-09 13:20:39 [WARNING] vessel_anomaly: 🔌 WebSocket connection closed: no close frame received or sent
2026-06-09 13:20:39 [INFO] vessel_anomaly: 🔄 Reconnecting in 5 seconds...
2026-06-09 13:20:44 [INFO] vessel_anomaly: 🔗 Connecting to AISstream.io...
2026-06-09 13:20:45 [INFO] vessel_anomaly: ✅ Connected! Streaming AIS data for Indonesian waters...
2026-06-09 13:20:45 [INFO] vessel_anomaly: 📍 Bounding Box: [[[-14.0, 92.0], [8.0, 141.5]]]
2026-06-09 13:20:45 [WARNING] vessel_anomaly: 🔌 WebSocket connection closed: no close frame received or sent
2026-06-09 13:20:45 [INFO] vessel_anomaly: 🔄 Reconnecting in 5 seconds...
2026-06-09 13:20:50 [INFO] vessel_anomaly: 🔗 Connecting to AISstream.io...
2026-06-09 13:20:52 [INFO] vessel_anomaly: ✅ Connected! Streaming AIS data for Indonesian waters...
2026-06-09 13:20:52 [INFO] vessel_anomaly: 📍 Bounding Box: [[[-14.0, 92.0], [8.0, 141.5]]]
2026-06-09 13:20:52 [WARNING] vessel_anomaly: 🔌 WebSocket connection closed: no close frame received or sent
2026-06-09 13:20:52 [INFO] vessel_anomaly: 🔄 Reconnecting in 5 seconds...
2026-06-09 13:20:57 [INFO] vessel_anomaly: 🔗 Connecting to AISstream.io...
2026-06-09 13:20:59 [INFO] vessel_anomaly: ✅ Connected! Streaming AIS data for Indonesian waters...
2026-06-09 13:20:59 [INFO] vessel_anomaly: 📍 Bounding Box: [[[-14.0, 92.0], [8.0, 141.5]]]
2026-06-09 13:20:59 [WARNING] vessel_anomaly: 🔌 WebSocket connection closed: no close frame received or sent
2026-06-09 13:20:59 [INFO] vessel_anomaly: 🔄 Reconnecting in 5 seconds...
2026-06-09 13:21:03 [INFO] vessel_anomaly: 
🛑 Shutdown signal received...
2026-06-09 13:21:03 [INFO] vessel_anomaly: 🛑 Data collector stopping...
2026-06-09 13:21:03 [INFO] vessel_anomaly: 🛑 Model trainer stopping...
2026-06-09 13:21:29 [INFO] vessel_anomaly: ✅ AISstream working fine, backup source standby
2026-06-09 13:23:40 [INFO] vessel_anomaly: 🔧 Initializing components...
2026-06-09 13:23:40 [INFO] vessel_anomaly:   ✅ Database initialized
2026-06-09 13:23:40 [INFO] vessel_anomaly:   ✅ Feature engine initialized
2026-06-09 13:23:40 [INFO] vessel_anomaly: 🆕 New Isolation Forest model initialized
2026-06-09 13:23:40 [INFO] vessel_anomaly:   ✅ Anomaly detector initialized
2026-06-09 13:23:40 [INFO] vessel_anomaly:   ✅ Dashboard initialized
2026-06-09 13:23:40 [INFO] vessel_anomaly:   ✅ Alert system initialized
2026-06-09 13:23:40 [INFO] vessel_anomaly:   ✅ Data collector initialized
2026-06-09 13:23:40 [INFO] vessel_anomaly:   ✅ Model trainer initialized
2026-06-09 13:23:40 [INFO] vessel_anomaly: 
2026-06-09 13:23:40 [INFO] vessel_anomaly: 🚀 All components ready! Starting services...
2026-06-09 13:23:40 [INFO] vessel_anomaly: 
2026-06-09 13:23:40 [INFO] vessel_anomaly: 📡 AIS Data Collector started (background thread)
2026-06-09 13:23:40 [INFO] vessel_anomaly: 🚀 Starting AIS data collector...
2026-06-09 13:23:40 [INFO] vessel_anomaly: 🌐 Starting web dashboard...
2026-06-09 13:23:40 [INFO] vessel_anomaly: 🔗 Connecting to AISstream.io...
2026-06-09 13:23:40 [INFO] vessel_anomaly:    Open browser at: http://localhost:5000
2026-06-09 13:23:40 [INFO] vessel_anomaly: 
2026-06-09 13:23:40 [INFO] vessel_anomaly: ============================================================
2026-06-09 13:23:40 [INFO] vessel_anomaly:    VESSEL GUARD is now ACTIVE
2026-06-09 13:23:40 [INFO] vessel_anomaly:    Monitoring Indonesian waters for anomalies...
2026-06-09 13:23:40 [INFO] vessel_anomaly: ============================================================
2026-06-09 13:23:40 [INFO] vessel_anomaly: 
2026-06-09 13:23:40 [INFO] vessel_anomaly: 🌐 Dashboard starting at http://0.0.0.0:5000
2026-06-09 13:23:40 [INFO] vessel_anomaly: ⏳ Waiting for minimum 50 samples before initial training...
2026-06-09 13:23:40 [INFO] vessel_anomaly: 🎓 Model trainer started (retrain every 6 hours)
2026-06-09 13:23:40 [INFO] vessel_anomaly: 🔄 Backup source: Will activate if AISstream has no data
2026-06-09 13:23:42 [INFO] vessel_anomaly: ✅ Connected! Streaming AIS data for Indonesian waters...
2026-06-09 13:23:42 [INFO] vessel_anomaly: 📍 Bounding Box: [[[-14.0, 92.0], [8.0, 141.5]]]
2026-06-09 13:23:42 [WARNING] vessel_anomaly: 🔌 WebSocket connection closed: no close frame received or sent
2026-06-09 13:23:42 [INFO] vessel_anomaly: 🔄 Reconnecting in 5 seconds...
2026-06-09 13:23:46 [INFO] vessel_anomaly: 🖥️ Dashboard client connected
2026-06-09 13:23:47 [INFO] vessel_anomaly: 🔗 Connecting to AISstream.io...
2026-06-09 13:23:49 [INFO] vessel_anomaly: ✅ Connected! Streaming AIS data for Indonesian waters...
2026-06-09 13:23:49 [INFO] vessel_anomaly: 📍 Bounding Box: [[[-14.0, 92.0], [8.0, 141.5]]]
2026-06-09 13:23:49 [WARNING] vessel_anomaly: 🔌 WebSocket connection closed: no close frame received or sent
2026-06-09 13:23:49 [INFO] vessel_anomaly: 🔄 Reconnecting in 5 seconds...
2026-06-09 13:23:54 [INFO] vessel_anomaly: 🔗 Connecting to AISstream.io...
2026-06-09 13:23:56 [INFO] vessel_anomaly: ✅ Connected! Streaming AIS data for Indonesian waters...
2026-06-09 13:23:56 [INFO] vessel_anomaly: 📍 Bounding Box: [[[-14.0, 92.0], [8.0, 141.5]]]
2026-06-09 13:23:56 [WARNING] vessel_anomaly: 🔌 WebSocket connection closed: no close frame received or sent
2026-06-09 13:23:56 [INFO] vessel_anomaly: 🔄 Reconnecting in 5 seconds...
2026-06-09 13:24:01 [INFO] vessel_anomaly: 🔗 Connecting to AISstream.io...
2026-06-09 13:24:03 [INFO] vessel_anomaly: ✅ Connected! Streaming AIS data for Indonesian waters...
2026-06-09 13:24:03 [INFO] vessel_anomaly: 📍 Bounding Box: [[[-14.0, 92.0], [8.0, 141.5]]]
2026-06-09 13:24:03 [WARNING] vessel_anomaly: 🔌 WebSocket connection closed: no close frame received or sent
2026-06-09 13:24:03 [INFO] vessel_anomaly: 🔄 Reconnecting in 5 seconds...
2026-06-09 13:24:08 [INFO] vessel_anomaly: 🔗 Connecting to AISstream.io...
2026-06-09 13:24:10 [INFO] vessel_anomaly: ✅ Connected! Streaming AIS data for Indonesian waters...
2026-06-09 13:24:10 [INFO] vessel_anomaly: 📍 Bounding Box: [[[-14.0, 92.0], [8.0, 141.5]]]
2026-06-09 13:24:11 [WARNING] vessel_anomaly: 🔌 WebSocket connection closed: no close frame received or sent
2026-06-09 13:24:11 [INFO] vessel_anomaly: 🔄 Reconnecting in 5 seconds...
2026-06-09 13:24:16 [INFO] vessel_anomaly: 🔗 Connecting to AISstream.io...
2026-06-09 13:24:17 [INFO] vessel_anomaly: ✅ Connected! Streaming AIS data for Indonesian waters...
2026-06-09 13:24:17 [INFO] vessel_anomaly: 📍 Bounding Box: [[[-14.0, 92.0], [8.0, 141.5]]]
2026-06-09 13:24:17 [WARNING] vessel_anomaly: 🔌 WebSocket connection closed: no close frame received or sent
2026-06-09 13:24:17 [INFO] vessel_anomaly: 🔄 Reconnecting in 5 seconds...
2026-06-09 13:24:22 [INFO] vessel_anomaly: 🔗 Connecting to AISstream.io...
2026-06-09 13:24:22 [ERROR] vessel_anomaly: ❌ Connection error: [Errno 11001] getaddrinfo failed
2026-06-09 13:39:12 [INFO] vessel_anomaly: 🔄 Reconnecting in 10 seconds...
2026-06-09 13:39:12 [INFO] vessel_anomaly: 🔄 Activating backup REAL data source (VesselFinder/AISHub)...
2026-06-09 13:39:12 [WARNING] vessel_anomaly: ⚠️ Backup sources also empty, retrying...
2026-06-09 13:39:12 [INFO] vessel_anomaly: 🖥️ Dashboard client disconnected
2026-06-09 13:39:14 [INFO] vessel_anomaly: 🖥️ Dashboard client connected
2026-06-09 13:39:22 [INFO] vessel_anomaly: 🔗 Connecting to AISstream.io...
2026-06-09 13:39:23 [INFO] vessel_anomaly: ✅ Connected! Streaming AIS data for Indonesian waters...
2026-06-09 13:39:23 [INFO] vessel_anomaly: 📍 Bounding Box: [[[-14.0, 92.0], [8.0, 141.5]]]
2026-06-09 13:39:24 [WARNING] vessel_anomaly: 🔌 WebSocket connection closed: no close frame received or sent
2026-06-09 13:39:24 [INFO] vessel_anomaly: 🔄 Reconnecting in 5 seconds...
2026-06-09 13:39:29 [INFO] vessel_anomaly: 🔗 Connecting to AISstream.io...
2026-06-09 13:39:30 [INFO] vessel_anomaly: ✅ Connected! Streaming AIS data for Indonesian waters...
2026-06-09 13:39:30 [INFO] vessel_anomaly: 📍 Bounding Box: [[[-14.0, 92.0], [8.0, 141.5]]]
2026-06-09 13:39:31 [WARNING] vessel_anomaly: 🔌 WebSocket connection closed: no close frame received or sent
2026-06-09 13:39:31 [INFO] vessel_anomaly: 🔄 Reconnecting in 5 seconds...
2026-06-09 13:39:36 [INFO] vessel_anomaly: 🔗 Connecting to AISstream.io...
2026-06-09 13:39:37 [INFO] vessel_anomaly: ✅ Connected! Streaming AIS data for Indonesian waters...
2026-06-09 13:39:37 [INFO] vessel_anomaly: 📍 Bounding Box: [[[-14.0, 92.0], [8.0, 141.5]]]
2026-06-09 13:39:38 [WARNING] vessel_anomaly: 🔌 WebSocket connection closed: no close frame received or sent
2026-06-09 13:39:38 [INFO] vessel_anomaly: 🔄 Reconnecting in 5 seconds...
2026-06-09 13:39:38 [INFO] vessel_anomaly: 🖥️ Dashboard client disconnected
2026-06-09 13:39:38 [INFO] vessel_anomaly: 🖥️ Dashboard client connected
2026-06-09 13:39:43 [INFO] vessel_anomaly: 🔗 Connecting to AISstream.io...
2026-06-09 13:39:44 [INFO] vessel_anomaly: ✅ Connected! Streaming AIS data for Indonesian waters...
2026-06-09 13:39:44 [INFO] vessel_anomaly: 📍 Bounding Box: [[[-14.0, 92.0], [8.0, 141.5]]]
2026-06-09 13:39:44 [WARNING] vessel_anomaly: ⚠️ Backup sources also empty, retrying...
2026-06-09 13:39:45 [WARNING] vessel_anomaly: 🔌 WebSocket connection closed: no close frame received or sent
2026-06-09 13:39:45 [INFO] vessel_anomaly: 🔄 Reconnecting in 5 seconds...
2026-06-09 13:39:50 [INFO] vessel_anomaly: 🔗 Connecting to AISstream.io...
2026-06-09 13:39:51 [INFO] vessel_anomaly: ✅ Connected! Streaming AIS data for Indonesian waters...
2026-06-09 13:39:51 [INFO] vessel_anomaly: 📍 Bounding Box: [[[-14.0, 92.0], [8.0, 141.5]]]
2026-06-09 13:39:52 [WARNING] vessel_anomaly: 🔌 WebSocket connection closed: no close frame received or sent
2026-06-09 13:39:52 [INFO] vessel_anomaly: 🔄 Reconnecting in 5 seconds...
2026-06-09 13:39:57 [INFO] vessel_anomaly: 🔗 Connecting to AISstream.io...
2026-06-09 13:39:58 [INFO] vessel_anomaly: ✅ Connected! Streaming AIS data for Indonesian waters...
2026-06-09 13:39:58 [INFO] vessel_anomaly: 📍 Bounding Box: [[[-14.0, 92.0], [8.0, 141.5]]]
2026-06-09 13:39:59 [WARNING] vessel_anomaly: 🔌 WebSocket connection closed: no close frame received or sent
2026-06-09 13:39:59 [INFO] vessel_anomaly: 🔄 Reconnecting in 5 seconds...
2026-06-09 13:40:04 [INFO] vessel_anomaly: 🔗 Connecting to AISstream.io...
2026-06-09 13:40:05 [INFO] vessel_anomaly: ✅ Connected! Streaming AIS data for Indonesian waters...
2026-06-09 13:40:05 [INFO] vessel_anomaly: 📍 Bounding Box: [[[-14.0, 92.0], [8.0, 141.5]]]
2026-06-09 13:40:06 [WARNING] vessel_anomaly: 🔌 WebSocket connection closed: no close frame received or sent
2026-06-09 13:40:06 [INFO] vessel_anomaly: 🔄 Reconnecting in 5 seconds...
2026-06-09 13:40:11 [INFO] vessel_anomaly: 🔗 Connecting to AISstream.io...
2026-06-09 13:40:12 [INFO] vessel_anomaly: ✅ Connected! Streaming AIS data for Indonesian waters...
2026-06-09 13:40:12 [INFO] vessel_anomaly: 📍 Bounding Box: [[[-14.0, 92.0], [8.0, 141.5]]]
2026-06-09 13:40:13 [WARNING] vessel_anomaly: 🔌 WebSocket connection closed: no close frame received or sent
2026-06-09 13:40:13 [INFO] vessel_anomaly: 🔄 Reconnecting in 5 seconds...
2026-06-09 13:40:16 [WARNING] vessel_anomaly: ⚠️ Backup sources also empty, retrying...
2026-06-09 13:40:18 [INFO] vessel_anomaly: 🔗 Connecting to AISstream.io...
2026-06-09 13:40:18 [INFO] vessel_anomaly: 
🛑 Shutdown signal received...
2026-06-09 13:40:18 [INFO] vessel_anomaly: 🛑 Data collector stopping...
2026-06-09 13:40:18 [INFO] vessel_anomaly: 🛑 Model trainer stopping...
2026-06-09 13:40:19 [INFO] vessel_anomaly: ✅ Connected! Streaming AIS data for Indonesian waters...
2026-06-09 13:40:19 [INFO] vessel_anomaly: 📍 Bounding Box: [[[-14.0, 92.0], [8.0, 141.5]]]
2026-06-09 13:40:20 [WARNING] vessel_anomaly: 🔌 WebSocket connection closed: no close frame received or sent
2026-06-09 13:46:58 [INFO] vessel_anomaly: 🔧 Initializing components...
2026-06-09 13:46:58 [INFO] vessel_anomaly:   ✅ Database initialized
2026-06-09 13:46:58 [INFO] vessel_anomaly:   ✅ Feature engine initialized
2026-06-09 13:46:58 [INFO] vessel_anomaly: 🆕 New Isolation Forest model initialized
2026-06-09 13:46:58 [INFO] vessel_anomaly:   ✅ Anomaly detector initialized
2026-06-09 13:46:58 [INFO] vessel_anomaly:   ✅ Dashboard initialized
2026-06-09 13:46:58 [INFO] vessel_anomaly:   ✅ Alert system initialized
2026-06-09 13:46:58 [INFO] vessel_anomaly:   ✅ Data collector initialized
2026-06-09 13:46:58 [INFO] vessel_anomaly:   ✅ Model trainer initialized
2026-06-09 13:46:58 [INFO] vessel_anomaly: 
2026-06-09 13:46:58 [INFO] vessel_anomaly: 🚀 All components ready! Starting services...
2026-06-09 13:46:58 [INFO] vessel_anomaly: 
2026-06-09 13:46:58 [INFO] vessel_anomaly: 📡 AIS Data Collector started (background thread)
2026-06-09 13:46:58 [INFO] vessel_anomaly: 🌐 Starting web dashboard...
2026-06-09 13:46:58 [INFO] vessel_anomaly:    Open browser at: http://localhost:5000
2026-06-09 13:46:58 [INFO] vessel_anomaly: 
2026-06-09 13:46:58 [INFO] vessel_anomaly: ============================================================
2026-06-09 13:46:58 [INFO] vessel_anomaly:    VESSEL GUARD is now ACTIVE
2026-06-09 13:46:58 [INFO] vessel_anomaly:    Monitoring Indonesian waters for anomalies...
2026-06-09 13:46:58 [INFO] vessel_anomaly: 🚀 Starting AIS data collector...
2026-06-09 13:46:58 [INFO] vessel_anomaly: ============================================================
2026-06-09 13:46:58 [INFO] vessel_anomaly: 🔗 Connecting to AISstream.io...
2026-06-09 13:46:58 [INFO] vessel_anomaly: 
2026-06-09 13:46:58 [INFO] vessel_anomaly: 🌐 Dashboard starting at http://0.0.0.0:5000
2026-06-09 13:46:58 [INFO] vessel_anomaly: ⏳ Waiting for minimum 50 samples before initial training...
2026-06-09 13:46:58 [INFO] vessel_anomaly: 🎓 Model trainer started (retrain every 6 hours)
2026-06-09 13:46:58 [INFO] vessel_anomaly: 🔄 Backup source: Activating immediately (real vessel data)
2026-06-09 13:47:00 [INFO] vessel_anomaly: ✅ Connected! Streaming AIS data for Indonesian waters...
2026-06-09 13:47:00 [INFO] vessel_anomaly: 📍 Bounding Box: [[[-14.0, 92.0], [8.0, 141.5]]]
2026-06-09 13:47:00 [WARNING] vessel_anomaly: 🔌 WebSocket connection closed: no close frame received or sent
2026-06-09 13:47:00 [INFO] vessel_anomaly: 🔄 Reconnecting in 5 seconds...
2026-06-09 13:47:05 [INFO] vessel_anomaly: 🔗 Connecting to AISstream.io...
2026-06-09 13:47:06 [INFO] vessel_anomaly: 🖥️ Dashboard client connected
2026-06-09 13:47:07 [INFO] vessel_anomaly: ✅ Connected! Streaming AIS data for Indonesian waters...
2026-06-09 13:47:07 [INFO] vessel_anomaly: 📍 Bounding Box: [[[-14.0, 92.0], [8.0, 141.5]]]
2026-06-09 13:47:07 [WARNING] vessel_anomaly: 🔌 WebSocket connection closed: no close frame received or sent
2026-06-09 13:47:07 [INFO] vessel_anomaly: 🔄 Reconnecting in 5 seconds...
2026-06-09 13:47:08 [INFO] vessel_anomaly: 🔄 Fetching REAL vessels from VesselFinder/AISHub...
2026-06-09 13:47:11 [WARNING] vessel_anomaly: ⚠️ Backup sources also empty, will retry...
2026-06-09 13:47:12 [INFO] vessel_anomaly: 🔗 Connecting to AISstream.io...
2026-06-09 13:47:14 [INFO] vessel_anomaly: ✅ Connected! Streaming AIS data for Indonesian waters...
2026-06-09 13:47:14 [INFO] vessel_anomaly: 📍 Bounding Box: [[[-14.0, 92.0], [8.0, 141.5]]]
2026-06-09 13:47:14 [WARNING] vessel_anomaly: 🔌 WebSocket connection closed: no close frame received or sent
2026-06-09 13:47:14 [INFO] vessel_anomaly: 🔄 Reconnecting in 5 seconds...
2026-06-09 13:47:19 [INFO] vessel_anomaly: 🔗 Connecting to AISstream.io...
2026-06-09 13:47:21 [INFO] vessel_anomaly: ✅ Connected! Streaming AIS data for Indonesian waters...
2026-06-09 13:47:21 [INFO] vessel_anomaly: 📍 Bounding Box: [[[-14.0, 92.0], [8.0, 141.5]]]
2026-06-09 13:47:22 [WARNING] vessel_anomaly: 🔌 WebSocket connection closed: no close frame received or sent
2026-06-09 13:47:22 [INFO] vessel_anomaly: 🔄 Reconnecting in 5 seconds...
2026-06-09 13:47:27 [INFO] vessel_anomaly: 🔗 Connecting to AISstream.io...
2026-06-09 13:47:28 [INFO] vessel_anomaly: ✅ Connected! Streaming AIS data for Indonesian waters...
2026-06-09 13:47:28 [INFO] vessel_anomaly: 📍 Bounding Box: [[[-14.0, 92.0], [8.0, 141.5]]]
2026-06-09 13:47:29 [WARNING] vessel_anomaly: 🔌 WebSocket connection closed: no close frame received or sent
2026-06-09 13:47:29 [INFO] vessel_anomaly: 🔄 Reconnecting in 5 seconds...
2026-06-09 13:47:34 [INFO] vessel_anomaly: 🔗 Connecting to AISstream.io...
2026-06-09 13:47:35 [INFO] vessel_anomaly: ✅ Connected! Streaming AIS data for Indonesian waters...
2026-06-09 13:47:35 [INFO] vessel_anomaly: 📍 Bounding Box: [[[-14.0, 92.0], [8.0, 141.5]]]
2026-06-09 13:47:36 [WARNING] vessel_anomaly: 🔌 WebSocket connection closed: no close frame received or sent
2026-06-09 13:47:36 [INFO] vessel_anomaly: 🔄 Reconnecting in 5 seconds...
2026-06-09 13:47:41 [INFO] vessel_anomaly: 🔗 Connecting to AISstream.io...
2026-06-09 13:47:42 [WARNING] vessel_anomaly: ⚠️ Backup sources also empty, will retry...
2026-06-09 13:47:42 [INFO] vessel_anomaly: ✅ Connected! Streaming AIS data for Indonesian waters...
2026-06-09 13:47:42 [INFO] vessel_anomaly: 📍 Bounding Box: [[[-14.0, 92.0], [8.0, 141.5]]]
2026-06-09 13:47:43 [WARNING] vessel_anomaly: 🔌 WebSocket connection closed: no close frame received or sent
2026-06-09 13:47:43 [INFO] vessel_anomaly: 🔄 Reconnecting in 5 seconds...
2026-06-09 13:47:48 [INFO] vessel_anomaly: 🔗 Connecting to AISstream.io...
2026-06-09 13:47:49 [INFO] vessel_anomaly: ✅ Connected! Streaming AIS data for Indonesian waters...
2026-06-09 13:47:49 [INFO] vessel_anomaly: 📍 Bounding Box: [[[-14.0, 92.0], [8.0, 141.5]]]
2026-06-09 13:47:50 [WARNING] vessel_anomaly: 🔌 WebSocket connection closed: no close frame received or sent
2026-06-09 13:47:50 [INFO] vessel_anomaly: 🔄 Reconnecting in 5 seconds...
2026-06-09 13:47:55 [INFO] vessel_anomaly: 🔗 Connecting to AISstream.io...
2026-06-09 13:47:57 [INFO] vessel_anomaly: ✅ Connected! Streaming AIS data for Indonesian waters...
2026-06-09 13:47:57 [INFO] vessel_anomaly: 📍 Bounding Box: [[[-14.0, 92.0], [8.0, 141.5]]]
2026-06-09 13:47:58 [WARNING] vessel_anomaly: 🔌 WebSocket connection closed: no close frame received or sent
2026-06-09 13:47:58 [INFO] vessel_anomaly: 🔄 Reconnecting in 5 seconds...
2026-06-09 13:47:59 [INFO] vessel_anomaly: 🖥️ Dashboard client disconnected
2026-06-09 13:47:59 [INFO] vessel_anomaly: 🖥️ Dashboard client connected
2026-06-09 13:48:03 [INFO] vessel_anomaly: 🔗 Connecting to AISstream.io...
2026-06-09 13:48:04 [INFO] vessel_anomaly: ✅ Connected! Streaming AIS data for Indonesian waters...
2026-06-09 13:48:04 [INFO] vessel_anomaly: 📍 Bounding Box: [[[-14.0, 92.0], [8.0, 141.5]]]
2026-06-09 13:48:05 [WARNING] vessel_anomaly: 🔌 WebSocket connection closed: no close frame received or sent
2026-06-09 13:48:05 [INFO] vessel_anomaly: 🔄 Reconnecting in 5 seconds...
2026-06-09 13:48:10 [INFO] vessel_anomaly: 🔗 Connecting to AISstream.io...
2026-06-09 13:48:11 [INFO] vessel_anomaly: ✅ Connected! Streaming AIS data for Indonesian waters...
2026-06-09 13:48:11 [INFO] vessel_anomaly: 📍 Bounding Box: [[[-14.0, 92.0], [8.0, 141.5]]]
2026-06-09 13:48:12 [WARNING] vessel_anomaly: 🔌 WebSocket connection closed: no close frame received or sent
2026-06-09 13:48:12 [INFO] vessel_anomaly: 🔄 Reconnecting in 5 seconds...
2026-06-09 13:48:12 [INFO] vessel_anomaly: 🖥️ Dashboard client disconnected
2026-06-09 13:48:12 [INFO] vessel_anomaly: 🖥️ Dashboard client connected
2026-06-09 13:48:14 [WARNING] vessel_anomaly: ⚠️ Backup sources also empty, will retry...
2026-06-09 13:48:17 [INFO] vessel_anomaly: 🔗 Connecting to AISstream.io...
2026-06-09 13:48:18 [INFO] vessel_anomaly: ✅ Connected! Streaming AIS data for Indonesian waters...
2026-06-09 13:48:18 [INFO] vessel_anomaly: 📍 Bounding Box: [[[-14.0, 92.0], [8.0, 141.5]]]
2026-06-09 13:48:19 [WARNING] vessel_anomaly: 🔌 WebSocket connection closed: no close frame received or sent
2026-06-09 13:48:19 [INFO] vessel_anomaly: 🔄 Reconnecting in 5 seconds...
2026-06-09 13:48:24 [INFO] vessel_anomaly: 🔗 Connecting to AISstream.io...
2026-06-09 13:48:25 [INFO] vessel_anomaly: ✅ Connected! Streaming AIS data for Indonesian waters...
2026-06-09 13:48:25 [INFO] vessel_anomaly: 📍 Bounding Box: [[[-14.0, 92.0], [8.0, 141.5]]]
2026-06-09 13:48:25 [WARNING] vessel_anomaly: 🔌 WebSocket connection closed: no close frame received or sent
2026-06-09 13:48:25 [INFO] vessel_anomaly: 🔄 Reconnecting in 5 seconds...
2026-06-09 13:48:30 [INFO] vessel_anomaly: 🔗 Connecting to AISstream.io...
2026-06-09 13:48:31 [INFO] vessel_anomaly: ✅ Connected! Streaming AIS data for Indonesian waters...
2026-06-09 13:48:31 [INFO] vessel_anomaly: 📍 Bounding Box: [[[-14.0, 92.0], [8.0, 141.5]]]
2026-06-09 13:48:32 [WARNING] vessel_anomaly: 🔌 WebSocket connection closed: no close frame received or sent
2026-06-09 13:48:32 [INFO] vessel_anomaly: 🔄 Reconnecting in 5 seconds...
2026-06-09 13:48:37 [INFO] vessel_anomaly: 🔗 Connecting to AISstream.io...
2026-06-09 13:48:38 [INFO] vessel_anomaly: ✅ Connected! Streaming AIS data for Indonesian waters...
2026-06-09 13:48:38 [INFO] vessel_anomaly: 📍 Bounding Box: [[[-14.0, 92.0], [8.0, 141.5]]]
2026-06-09 13:48:39 [WARNING] vessel_anomaly: 🔌 WebSocket connection closed: no close frame received or sent
2026-06-09 13:48:39 [INFO] vessel_anomaly: 🔄 Reconnecting in 5 seconds...
2026-06-09 13:48:44 [INFO] vessel_anomaly: 🔗 Connecting to AISstream.io...
2026-06-09 13:48:45 [INFO] vessel_anomaly: ✅ Connected! Streaming AIS data for Indonesian waters...
2026-06-09 13:48:45 [INFO] vessel_anomaly: 📍 Bounding Box: [[[-14.0, 92.0], [8.0, 141.5]]]
2026-06-09 13:48:46 [WARNING] vessel_anomaly: 🔌 WebSocket connection closed: no close frame received or sent
2026-06-09 13:48:46 [INFO] vessel_anomaly: 🔄 Reconnecting in 5 seconds...
2026-06-09 13:48:46 [WARNING] vessel_anomaly: ⚠️ Backup sources also empty, will retry...
2026-06-09 13:48:51 [INFO] vessel_anomaly: 🔗 Connecting to AISstream.io...
2026-06-09 13:48:52 [INFO] vessel_anomaly: ✅ Connected! Streaming AIS data for Indonesian waters...
2026-06-09 13:48:52 [INFO] vessel_anomaly: 📍 Bounding Box: [[[-14.0, 92.0], [8.0, 141.5]]]
2026-06-09 13:48:52 [WARNING] vessel_anomaly: 🔌 WebSocket connection closed: no close frame received or sent
2026-06-09 13:48:52 [INFO] vessel_anomaly: 🔄 Reconnecting in 5 seconds...
2026-06-09 13:48:57 [INFO] vessel_anomaly: 🔗 Connecting to AISstream.io...
2026-06-09 13:48:59 [INFO] vessel_anomaly: ✅ Connected! Streaming AIS data for Indonesian waters...
2026-06-09 13:48:59 [INFO] vessel_anomaly: 📍 Bounding Box: [[[-14.0, 92.0], [8.0, 141.5]]]
2026-06-09 13:48:59 [WARNING] vessel_anomaly: 🔌 WebSocket connection closed: no close frame received or sent
2026-06-09 13:48:59 [INFO] vessel_anomaly: 🔄 Reconnecting in 5 seconds...
2026-06-09 13:49:04 [INFO] vessel_anomaly: 🔗 Connecting to AISstream.io...
2026-06-09 13:49:06 [INFO] vessel_anomaly: ✅ Connected! Streaming AIS data for Indonesian waters...
2026-06-09 13:49:06 [INFO] vessel_anomaly: 📍 Bounding Box: [[[-14.0, 92.0], [8.0, 141.5]]]
2026-06-09 13:49:06 [WARNING] vessel_anomaly: 🔌 WebSocket connection closed: no close frame received or sent
2026-06-09 13:49:06 [INFO] vessel_anomaly: 🔄 Reconnecting in 5 seconds...
2026-06-09 13:49:11 [INFO] vessel_anomaly: 🔗 Connecting to AISstream.io...
2026-06-09 13:49:13 [INFO] vessel_anomaly: ✅ Connected! Streaming AIS data for Indonesian waters...
2026-06-09 13:49:13 [INFO] vessel_anomaly: 📍 Bounding Box: [[[-14.0, 92.0], [8.0, 141.5]]]
2026-06-09 13:49:13 [WARNING] vessel_anomaly: 🔌 WebSocket connection closed: no close frame received or sent
2026-06-09 13:49:13 [INFO] vessel_anomaly: 🔄 Reconnecting in 5 seconds...
2026-06-09 13:49:17 [WARNING] vessel_anomaly: ⚠️ Backup sources also empty, will retry...
2026-06-09 13:49:18 [INFO] vessel_anomaly: 🔗 Connecting to AISstream.io...
2026-06-09 13:49:20 [INFO] vessel_anomaly: ✅ Connected! Streaming AIS data for Indonesian waters...
2026-06-09 13:49:20 [INFO] vessel_anomaly: 📍 Bounding Box: [[[-14.0, 92.0], [8.0, 141.5]]]
2026-06-09 13:49:20 [WARNING] vessel_anomaly: 🔌 WebSocket connection closed: no close frame received or sent
2026-06-09 13:49:20 [INFO] vessel_anomaly: 🔄 Reconnecting in 5 seconds...
2026-06-09 13:49:25 [INFO] vessel_anomaly: 🔗 Connecting to AISstream.io...
2026-06-09 13:49:27 [INFO] vessel_anomaly: ✅ Connected! Streaming AIS data for Indonesian waters...
2026-06-09 13:49:27 [INFO] vessel_anomaly: 📍 Bounding Box: [[[-14.0, 92.0], [8.0, 141.5]]]
2026-06-09 13:49:28 [WARNING] vessel_anomaly: 🔌 WebSocket connection closed: no close frame received or sent
2026-06-09 13:49:28 [INFO] vessel_anomaly: 🔄 Reconnecting in 5 seconds...
2026-06-09 13:49:33 [INFO] vessel_anomaly: 🔗 Connecting to AISstream.io...
2026-06-09 13:49:34 [INFO] vessel_anomaly: ✅ Connected! Streaming AIS data for Indonesian waters...
2026-06-09 13:49:34 [INFO] vessel_anomaly: 📍 Bounding Box: [[[-14.0, 92.0], [8.0, 141.5]]]
2026-06-09 13:49:34 [WARNING] vessel_anomaly: 🔌 WebSocket connection closed: no close frame received or sent
2026-06-09 13:49:34 [INFO] vessel_anomaly: 🔄 Reconnecting in 5 seconds...
2026-06-09 13:49:39 [INFO] vessel_anomaly: 🔗 Connecting to AISstream.io...
2026-06-09 13:49:40 [INFO] vessel_anomaly: ✅ Connected! Streaming AIS data for Indonesian waters...
2026-06-09 13:49:40 [INFO] vessel_anomaly: 📍 Bounding Box: [[[-14.0, 92.0], [8.0, 141.5]]]
2026-06-09 13:49:41 [WARNING] vessel_anomaly: 🔌 WebSocket connection closed: no close frame received or sent
2026-06-09 13:49:41 [INFO] vessel_anomaly: 🔄 Reconnecting in 5 seconds...
2026-06-09 13:49:46 [INFO] vessel_anomaly: 🔗 Connecting to AISstream.io...
2026-06-09 13:49:47 [INFO] vessel_anomaly: ✅ Connected! Streaming AIS data for Indonesian waters...
2026-06-09 13:49:47 [INFO] vessel_anomaly: 📍 Bounding Box: [[[-14.0, 92.0], [8.0, 141.5]]]
2026-06-09 13:49:48 [WARNING] vessel_anomaly: 🔌 WebSocket connection closed: no close frame received or sent
2026-06-09 13:49:48 [INFO] vessel_anomaly: 🔄 Reconnecting in 5 seconds...
2026-06-09 13:49:51 [WARNING] vessel_anomaly: ⚠️ Backup sources also empty, will retry...
2026-06-09 13:49:53 [INFO] vessel_anomaly: 🔗 Connecting to AISstream.io...
2026-06-09 13:49:54 [INFO] vessel_anomaly: ✅ Connected! Streaming AIS data for Indonesian waters...
2026-06-09 13:49:54 [INFO] vessel_anomaly: 📍 Bounding Box: [[[-14.0, 92.0], [8.0, 141.5]]]
2026-06-09 13:49:55 [WARNING] vessel_anomaly: 🔌 WebSocket connection closed: no close frame received or sent
2026-06-09 13:49:55 [INFO] vessel_anomaly: 🔄 Reconnecting in 5 seconds...
2026-06-09 13:49:59 [INFO] vessel_anomaly: 
🛑 Shutdown signal received...
2026-06-09 13:49:59 [INFO] vessel_anomaly: 🛑 Data collector stopping...
2026-06-09 13:49:59 [INFO] vessel_anomaly: 🛑 Model trainer stopping...
2026-06-09 13:50:07 [INFO] vessel_anomaly: 🔧 Initializing components...
2026-06-09 13:50:07 [INFO] vessel_anomaly:   ✅ Database initialized
2026-06-09 13:50:07 [INFO] vessel_anomaly:   ✅ Feature engine initialized
2026-06-09 13:50:07 [INFO] vessel_anomaly: 🆕 New Isolation Forest model initialized
2026-06-09 13:50:07 [INFO] vessel_anomaly:   ✅ Anomaly detector initialized
2026-06-09 13:50:07 [INFO] vessel_anomaly:   ✅ Dashboard initialized
2026-06-09 13:50:07 [INFO] vessel_anomaly:   ✅ Alert system initialized
2026-06-09 13:50:07 [INFO] vessel_anomaly:   ✅ Data collector initialized
2026-06-09 13:50:07 [INFO] vessel_anomaly:   ✅ Model trainer initialized
2026-06-09 13:50:07 [INFO] vessel_anomaly: 
2026-06-09 13:50:07 [INFO] vessel_anomaly: 🚀 All components ready! Starting services...
2026-06-09 13:50:07 [INFO] vessel_anomaly: 
2026-06-09 13:50:07 [INFO] vessel_anomaly: 📡 AIS Data Collector started (background thread)
2026-06-09 13:50:07 [INFO] vessel_anomaly: 🌐 Starting web dashboard...
2026-06-09 13:50:07 [INFO] vessel_anomaly:    Open browser at: http://localhost:5000
2026-06-09 13:50:07 [INFO] vessel_anomaly: 
2026-06-09 13:50:07 [INFO] vessel_anomaly: 🚀 Starting AIS data collector...
2026-06-09 13:50:07 [INFO] vessel_anomaly: ============================================================
2026-06-09 13:50:07 [INFO] vessel_anomaly:    VESSEL GUARD is now ACTIVE
2026-06-09 13:50:07 [INFO] vessel_anomaly: 🔗 Connecting to AISstream.io...
2026-06-09 13:50:07 [INFO] vessel_anomaly:    Monitoring Indonesian waters for anomalies...
2026-06-09 13:50:07 [INFO] vessel_anomaly: ============================================================
2026-06-09 13:50:07 [INFO] vessel_anomaly: 
2026-06-09 13:50:07 [INFO] vessel_anomaly: 🌐 Dashboard starting at http://0.0.0.0:5000
2026-06-09 13:50:08 [INFO] vessel_anomaly: ⏳ Waiting for minimum 50 samples before initial training...
2026-06-09 13:50:08 [INFO] vessel_anomaly: 🎓 Model trainer started (retrain every 6 hours)
2026-06-09 13:50:08 [INFO] vessel_anomaly: 🔄 Backup source: Activating immediately (real vessel data)
2026-06-09 13:50:08 [INFO] vessel_anomaly: 🖥️ Dashboard client connected
2026-06-09 13:50:08 [INFO] vessel_anomaly: 🖥️ Dashboard client disconnected
2026-06-09 13:50:08 [INFO] vessel_anomaly: 🖥️ Dashboard client connected
2026-06-09 13:50:09 [INFO] vessel_anomaly: ✅ Connected! Streaming AIS data for Indonesian waters...
2026-06-09 13:50:09 [INFO] vessel_anomaly: 📍 Bounding Box: [[[1.0, 103.0], [4.0, 105.0]]]
2026-06-09 13:50:09 [WARNING] vessel_anomaly: 🔌 WebSocket connection closed: no close frame received or sent
2026-06-09 13:50:09 [INFO] vessel_anomaly: 🔄 Reconnecting in 5 seconds...
2026-06-09 13:50:11 [INFO] vessel_anomaly: 🖥️ Dashboard client disconnected
2026-06-09 13:50:11 [INFO] vessel_anomaly: 🖥️ Dashboard client connected
2026-06-09 13:50:12 [INFO] vessel_anomaly: 🖥️ Dashboard client disconnected
2026-06-09 13:50:12 [INFO] vessel_anomaly: 🖥️ Dashboard client connected
2026-06-09 13:50:14 [INFO] vessel_anomaly: 🔗 Connecting to AISstream.io...
2026-06-09 13:50:16 [INFO] vessel_anomaly: ✅ Connected! Streaming AIS data for Indonesian waters...
2026-06-09 13:50:16 [INFO] vessel_anomaly: 📍 Bounding Box: [[[1.0, 103.0], [4.0, 105.0]]]
2026-06-09 13:50:17 [WARNING] vessel_anomaly: 🔌 WebSocket connection closed: no close frame received or sent
2026-06-09 13:50:17 [INFO] vessel_anomaly: 🔄 Reconnecting in 5 seconds...
2026-06-09 13:50:18 [INFO] vessel_anomaly: 🔄 Fetching REAL vessels from VesselFinder/AISHub...
2026-06-09 13:50:19 [WARNING] vessel_anomaly: ⚠️ Backup sources also empty, will retry...
2026-06-09 13:50:22 [INFO] vessel_anomaly: 🔗 Connecting to AISstream.io...
2026-06-09 13:50:23 [INFO] vessel_anomaly: ✅ Connected! Streaming AIS data for Indonesian waters...
2026-06-09 13:50:23 [INFO] vessel_anomaly: 📍 Bounding Box: [[[1.0, 103.0], [4.0, 105.0]]]
2026-06-09 13:50:23 [WARNING] vessel_anomaly: 🔌 WebSocket connection closed: no close frame received or sent
2026-06-09 13:50:23 [INFO] vessel_anomaly: 🔄 Reconnecting in 5 seconds...
2026-06-09 13:50:29 [INFO] vessel_anomaly: 🔗 Connecting to AISstream.io...
2026-06-09 13:50:30 [INFO] vessel_anomaly: ✅ Connected! Streaming AIS data for Indonesian waters...
2026-06-09 13:50:30 [INFO] vessel_anomaly: 📍 Bounding Box: [[[1.0, 103.0], [4.0, 105.0]]]
2026-06-09 13:50:31 [WARNING] vessel_anomaly: 🔌 WebSocket connection closed: no close frame received or sent
2026-06-09 13:50:31 [INFO] vessel_anomaly: 🔄 Reconnecting in 5 seconds...
2026-06-09 13:50:36 [INFO] vessel_anomaly: 🔗 Connecting to AISstream.io...
2026-06-09 13:50:37 [INFO] vessel_anomaly: ✅ Connected! Streaming AIS data for Indonesian waters...
2026-06-09 13:50:37 [INFO] vessel_anomaly: 📍 Bounding Box: [[[1.0, 103.0], [4.0, 105.0]]]
2026-06-09 13:50:37 [WARNING] vessel_anomaly: 🔌 WebSocket connection closed: no close frame received or sent
2026-06-09 13:50:37 [INFO] vessel_anomaly: 🔄 Reconnecting in 5 seconds...
2026-06-09 13:50:43 [INFO] vessel_anomaly: 🔗 Connecting to AISstream.io...
2026-06-09 13:50:43 [INFO] vessel_anomaly: ✅ Connected! Streaming AIS data for Indonesian waters...
2026-06-09 13:50:43 [INFO] vessel_anomaly: 📍 Bounding Box: [[[1.0, 103.0], [4.0, 105.0]]]
2026-06-09 13:50:44 [WARNING] vessel_anomaly: 🔌 WebSocket connection closed: no close frame received or sent
2026-06-09 13:50:44 [INFO] vessel_anomaly: 🔄 Reconnecting in 5 seconds...
2026-06-09 13:50:49 [INFO] vessel_anomaly: 🔗 Connecting to AISstream.io...
2026-06-09 13:50:50 [INFO] vessel_anomaly: ✅ Connected! Streaming AIS data for Indonesian waters...
2026-06-09 13:50:50 [INFO] vessel_anomaly: 📍 Bounding Box: [[[1.0, 103.0], [4.0, 105.0]]]
2026-06-09 13:50:50 [WARNING] vessel_anomaly: ⚠️ Backup sources also empty, will retry...
2026-06-09 13:50:51 [WARNING] vessel_anomaly: 🔌 WebSocket connection closed: no close frame received or sent
2026-06-09 13:50:51 [INFO] vessel_anomaly: 🔄 Reconnecting in 5 seconds...
2026-06-09 13:50:56 [INFO] vessel_anomaly: 🔗 Connecting to AISstream.io...
2026-06-09 13:50:57 [INFO] vessel_anomaly: ✅ Connected! Streaming AIS data for Indonesian waters...
2026-06-09 13:50:57 [INFO] vessel_anomaly: 📍 Bounding Box: [[[1.0, 103.0], [4.0, 105.0]]]
2026-06-09 13:50:58 [WARNING] vessel_anomaly: 🔌 WebSocket connection closed: no close frame received or sent
2026-06-09 13:50:58 [INFO] vessel_anomaly: 🔄 Reconnecting in 5 seconds...
2026-06-09 13:51:03 [INFO] vessel_anomaly: 🔗 Connecting to AISstream.io...
2026-06-09 13:51:04 [INFO] vessel_anomaly: ✅ Connected! Streaming AIS data for Indonesian waters...
2026-06-09 13:51:04 [INFO] vessel_anomaly: 📍 Bounding Box: [[[1.0, 103.0], [4.0, 105.0]]]
2026-06-09 13:51:04 [WARNING] vessel_anomaly: 🔌 WebSocket connection closed: no close frame received or sent
2026-06-09 13:51:04 [INFO] vessel_anomaly: 🔄 Reconnecting in 5 seconds...
2026-06-09 13:51:09 [INFO] vessel_anomaly: 🔗 Connecting to AISstream.io...
2026-06-09 13:51:10 [INFO] vessel_anomaly: ✅ Connected! Streaming AIS data for Indonesian waters...
2026-06-09 13:51:10 [INFO] vessel_anomaly: 📍 Bounding Box: [[[1.0, 103.0], [4.0, 105.0]]]
2026-06-09 13:51:11 [WARNING] vessel_anomaly: 🔌 WebSocket connection closed: no close frame received or sent
2026-06-09 13:51:11 [INFO] vessel_anomaly: 🔄 Reconnecting in 5 seconds...
2026-06-09 13:51:16 [INFO] vessel_anomaly: 🔗 Connecting to AISstream.io...
2026-06-09 13:51:17 [INFO] vessel_anomaly: ✅ Connected! Streaming AIS data for Indonesian waters...
2026-06-09 13:51:17 [INFO] vessel_anomaly: 📍 Bounding Box: [[[1.0, 103.0], [4.0, 105.0]]]
2026-06-09 13:51:18 [WARNING] vessel_anomaly: 🔌 WebSocket connection closed: no close frame received or sent
2026-06-09 13:51:18 [INFO] vessel_anomaly: 🔄 Reconnecting in 5 seconds...
2026-06-09 13:51:22 [WARNING] vessel_anomaly: ⚠️ Backup sources also empty, will retry...
2026-06-09 13:51:23 [INFO] vessel_anomaly: 🔗 Connecting to AISstream.io...
2026-06-09 13:51:24 [INFO] vessel_anomaly: ✅ Connected! Streaming AIS data for Indonesian waters...
2026-06-09 13:51:24 [INFO] vessel_anomaly: 📍 Bounding Box: [[[1.0, 103.0], [4.0, 105.0]]]
2026-06-09 13:51:25 [WARNING] vessel_anomaly: 🔌 WebSocket connection closed: no close frame received or sent
2026-06-09 13:51:25 [INFO] vessel_anomaly: 🔄 Reconnecting in 5 seconds...
2026-06-09 13:51:30 [INFO] vessel_anomaly: 🔗 Connecting to AISstream.io...
2026-06-09 13:51:31 [INFO] vessel_anomaly: ✅ Connected! Streaming AIS data for Indonesian waters...
2026-06-09 13:51:31 [INFO] vessel_anomaly: 📍 Bounding Box: [[[1.0, 103.0], [4.0, 105.0]]]
2026-06-09 13:51:32 [WARNING] vessel_anomaly: 🔌 WebSocket connection closed: no close frame received or sent
2026-06-09 13:51:32 [INFO] vessel_anomaly: 🔄 Reconnecting in 5 seconds...
2026-06-09 13:51:37 [INFO] vessel_anomaly: 🔗 Connecting to AISstream.io...
2026-06-09 13:51:38 [INFO] vessel_anomaly: ✅ Connected! Streaming AIS data for Indonesian waters...
2026-06-09 13:51:38 [INFO] vessel_anomaly: 📍 Bounding Box: [[[1.0, 103.0], [4.0, 105.0]]]
2026-06-09 13:51:39 [WARNING] vessel_anomaly: 🔌 WebSocket connection closed: no close frame received or sent
2026-06-09 13:51:39 [INFO] vessel_anomaly: 🔄 Reconnecting in 5 seconds...
2026-06-09 13:51:44 [INFO] vessel_anomaly: 🔗 Connecting to AISstream.io...
2026-06-09 13:51:45 [INFO] vessel_anomaly: ✅ Connected! Streaming AIS data for Indonesian waters...
2026-06-09 13:51:45 [INFO] vessel_anomaly: 📍 Bounding Box: [[[1.0, 103.0], [4.0, 105.0]]]
2026-06-09 13:51:46 [WARNING] vessel_anomaly: 🔌 WebSocket connection closed: no close frame received or sent
2026-06-09 13:51:46 [INFO] vessel_anomaly: 🔄 Reconnecting in 5 seconds...
2026-06-09 13:51:51 [INFO] vessel_anomaly: 🔗 Connecting to AISstream.io...
2026-06-09 13:51:52 [INFO] vessel_anomaly: ✅ Connected! Streaming AIS data for Indonesian waters...
2026-06-09 13:51:52 [INFO] vessel_anomaly: 📍 Bounding Box: [[[1.0, 103.0], [4.0, 105.0]]]
2026-06-09 13:51:52 [WARNING] vessel_anomaly: 🔌 WebSocket connection closed: no close frame received or sent
2026-06-09 13:51:52 [INFO] vessel_anomaly: 🔄 Reconnecting in 5 seconds...
2026-06-09 13:51:54 [WARNING] vessel_anomaly: ⚠️ Backup sources also empty, will retry...
2026-06-09 13:51:57 [INFO] vessel_anomaly: 🔗 Connecting to AISstream.io...
2026-06-09 13:51:59 [INFO] vessel_anomaly: ✅ Connected! Streaming AIS data for Indonesian waters...
2026-06-09 13:51:59 [INFO] vessel_anomaly: 📍 Bounding Box: [[[1.0, 103.0], [4.0, 105.0]]]
2026-06-09 13:51:59 [WARNING] vessel_anomaly: 🔌 WebSocket connection closed: no close frame received or sent
2026-06-09 13:51:59 [INFO] vessel_anomaly: 🔄 Reconnecting in 5 seconds...
2026-06-09 13:52:04 [INFO] vessel_anomaly: 🔗 Connecting to AISstream.io...
2026-06-09 13:52:05 [INFO] vessel_anomaly: ✅ Connected! Streaming AIS data for Indonesian waters...
2026-06-09 13:52:05 [INFO] vessel_anomaly: 📍 Bounding Box: [[[1.0, 103.0], [4.0, 105.0]]]
2026-06-09 13:52:06 [WARNING] vessel_anomaly: 🔌 WebSocket connection closed: no close frame received or sent
2026-06-09 13:52:06 [INFO] vessel_anomaly: 🔄 Reconnecting in 5 seconds...
2026-06-09 13:52:11 [INFO] vessel_anomaly: 🔗 Connecting to AISstream.io...
2026-06-09 13:52:12 [INFO] vessel_anomaly: ✅ Connected! Streaming AIS data for Indonesian waters...
2026-06-09 13:52:12 [INFO] vessel_anomaly: 📍 Bounding Box: [[[1.0, 103.0], [4.0, 105.0]]]
2026-06-09 13:52:13 [WARNING] vessel_anomaly: 🔌 WebSocket connection closed: no close frame received or sent
2026-06-09 13:52:13 [INFO] vessel_anomaly: 🔄 Reconnecting in 5 seconds...
2026-06-09 13:52:18 [INFO] vessel_anomaly: 🔗 Connecting to AISstream.io...
2026-06-09 13:52:19 [INFO] vessel_anomaly: ✅ Connected! Streaming AIS data for Indonesian waters...
2026-06-09 13:52:19 [INFO] vessel_anomaly: 📍 Bounding Box: [[[1.0, 103.0], [4.0, 105.0]]]
2026-06-09 13:52:20 [WARNING] vessel_anomaly: 🔌 WebSocket connection closed: no close frame received or sent
2026-06-09 13:52:20 [INFO] vessel_anomaly: 🔄 Reconnecting in 5 seconds...
2026-06-09 13:52:25 [INFO] vessel_anomaly: 🔗 Connecting to AISstream.io...
2026-06-09 13:52:25 [WARNING] vessel_anomaly: ⚠️ Backup sources also empty, will retry...
2026-06-09 13:52:26 [INFO] vessel_anomaly: ✅ Connected! Streaming AIS data for Indonesian waters...
2026-06-09 13:52:26 [INFO] vessel_anomaly: 📍 Bounding Box: [[[1.0, 103.0], [4.0, 105.0]]]
2026-06-09 13:52:27 [WARNING] vessel_anomaly: 🔌 WebSocket connection closed: no close frame received or sent
2026-06-09 13:52:27 [INFO] vessel_anomaly: 🔄 Reconnecting in 5 seconds...
2026-06-09 13:52:32 [INFO] vessel_anomaly: 🔗 Connecting to AISstream.io...
2026-06-09 13:52:33 [INFO] vessel_anomaly: ✅ Connected! Streaming AIS data for Indonesian waters...
2026-06-09 13:52:33 [INFO] vessel_anomaly: 📍 Bounding Box: [[[1.0, 103.0], [4.0, 105.0]]]
2026-06-09 13:52:34 [WARNING] vessel_anomaly: 🔌 WebSocket connection closed: no close frame received or sent
2026-06-09 13:52:34 [INFO] vessel_anomaly: 🔄 Reconnecting in 5 seconds...
2026-06-09 13:52:39 [INFO] vessel_anomaly: 🔗 Connecting to AISstream.io...
2026-06-09 13:52:40 [INFO] vessel_anomaly: ✅ Connected! Streaming AIS data for Indonesian waters...
2026-06-09 13:52:40 [INFO] vessel_anomaly: 📍 Bounding Box: [[[1.0, 103.0], [4.0, 105.0]]]
2026-06-09 13:52:40 [WARNING] vessel_anomaly: 🔌 WebSocket connection closed: no close frame received or sent
2026-06-09 13:52:40 [INFO] vessel_anomaly: 🔄 Reconnecting in 5 seconds...
2026-06-09 13:52:45 [INFO] vessel_anomaly: 🔗 Connecting to AISstream.io...
2026-06-09 13:52:47 [INFO] vessel_anomaly: ✅ Connected! Streaming AIS data for Indonesian waters...
2026-06-09 13:52:47 [INFO] vessel_anomaly: 📍 Bounding Box: [[[1.0, 103.0], [4.0, 105.0]]]
2026-06-09 13:52:47 [WARNING] vessel_anomaly: 🔌 WebSocket connection closed: no close frame received or sent
2026-06-09 13:52:47 [INFO] vessel_anomaly: 🔄 Reconnecting in 5 seconds...
2026-06-09 13:52:52 [INFO] vessel_anomaly: 🔗 Connecting to AISstream.io...
2026-06-09 13:52:54 [INFO] vessel_anomaly: ✅ Connected! Streaming AIS data for Indonesian waters...
2026-06-09 13:52:54 [INFO] vessel_anomaly: 📍 Bounding Box: [[[1.0, 103.0], [4.0, 105.0]]]
2026-06-09 13:52:54 [WARNING] vessel_anomaly: 🔌 WebSocket connection closed: no close frame received or sent
2026-06-09 13:52:54 [INFO] vessel_anomaly: 🔄 Reconnecting in 5 seconds...
2026-06-09 13:52:57 [WARNING] vessel_anomaly: ⚠️ Backup sources also empty, will retry...
2026-06-09 13:53:00 [INFO] vessel_anomaly: 🔗 Connecting to AISstream.io...
2026-06-09 13:53:01 [INFO] vessel_anomaly: ✅ Connected! Streaming AIS data for Indonesian waters...
2026-06-09 13:53:01 [INFO] vessel_anomaly: 📍 Bounding Box: [[[1.0, 103.0], [4.0, 105.0]]]
2026-06-09 13:53:01 [WARNING] vessel_anomaly: 🔌 WebSocket connection closed: no close frame received or sent
2026-06-09 13:53:01 [INFO] vessel_anomaly: 🔄 Reconnecting in 5 seconds...
2026-06-09 13:53:06 [INFO] vessel_anomaly: 🔗 Connecting to AISstream.io...
2026-06-09 13:53:08 [INFO] vessel_anomaly: ✅ Connected! Streaming AIS data for Indonesian waters...
2026-06-09 13:53:08 [INFO] vessel_anomaly: 📍 Bounding Box: [[[1.0, 103.0], [4.0, 105.0]]]
2026-06-09 13:53:08 [WARNING] vessel_anomaly: 🔌 WebSocket connection closed: no close frame received or sent
2026-06-09 13:53:08 [INFO] vessel_anomaly: 🔄 Reconnecting in 5 seconds...
2026-06-09 13:53:13 [INFO] vessel_anomaly: 🔗 Connecting to AISstream.io...
2026-06-09 13:53:15 [INFO] vessel_anomaly: ✅ Connected! Streaming AIS data for Indonesian waters...
2026-06-09 13:53:15 [INFO] vessel_anomaly: 📍 Bounding Box: [[[1.0, 103.0], [4.0, 105.0]]]
2026-06-09 13:53:16 [WARNING] vessel_anomaly: 🔌 WebSocket connection closed: no close frame received or sent
2026-06-09 13:53:16 [INFO] vessel_anomaly: 🔄 Reconnecting in 5 seconds...
2026-06-09 13:53:21 [INFO] vessel_anomaly: 🔗 Connecting to AISstream.io...
2026-06-09 13:53:22 [INFO] vessel_anomaly: ✅ Connected! Streaming AIS data for Indonesian waters...
2026-06-09 13:53:22 [INFO] vessel_anomaly: 📍 Bounding Box: [[[1.0, 103.0], [4.0, 105.0]]]
2026-06-09 13:53:23 [WARNING] vessel_anomaly: 🔌 WebSocket connection closed: no close frame received or sent
2026-06-09 13:53:23 [INFO] vessel_anomaly: 🔄 Reconnecting in 5 seconds...
2026-06-09 13:53:28 [INFO] vessel_anomaly: 🔗 Connecting to AISstream.io...
2026-06-09 13:53:28 [WARNING] vessel_anomaly: ⚠️ Backup sources also empty, will retry...
2026-06-09 13:53:29 [INFO] vessel_anomaly: ✅ Connected! Streaming AIS data for Indonesian waters...
2026-06-09 13:53:29 [INFO] vessel_anomaly: 📍 Bounding Box: [[[1.0, 103.0], [4.0, 105.0]]]
2026-06-09 13:53:30 [WARNING] vessel_anomaly: 🔌 WebSocket connection closed: no close frame received or sent
2026-06-09 13:53:30 [INFO] vessel_anomaly: 🔄 Reconnecting in 5 seconds...
2026-06-09 13:53:35 [INFO] vessel_anomaly: 🔗 Connecting to AISstream.io...
2026-06-09 13:53:36 [INFO] vessel_anomaly: ✅ Connected! Streaming AIS data for Indonesian waters...
2026-06-09 13:53:36 [INFO] vessel_anomaly: 📍 Bounding Box: [[[1.0, 103.0], [4.0, 105.0]]]
2026-06-09 13:53:37 [WARNING] vessel_anomaly: 🔌 WebSocket connection closed: no close frame received or sent
2026-06-09 13:53:37 [INFO] vessel_anomaly: 🔄 Reconnecting in 5 seconds...
2026-06-09 13:53:42 [INFO] vessel_anomaly: 🔗 Connecting to AISstream.io...
2026-06-09 13:53:43 [INFO] vessel_anomaly: ✅ Connected! Streaming AIS data for Indonesian waters...
2026-06-09 13:53:43 [INFO] vessel_anomaly: 📍 Bounding Box: [[[1.0, 103.0], [4.0, 105.0]]]
2026-06-09 13:53:44 [WARNING] vessel_anomaly: 🔌 WebSocket connection closed: no close frame received or sent
2026-06-09 13:53:44 [INFO] vessel_anomaly: 🔄 Reconnecting in 5 seconds...
2026-06-09 13:53:49 [INFO] vessel_anomaly: 🔗 Connecting to AISstream.io...
2026-06-09 13:53:50 [INFO] vessel_anomaly: ✅ Connected! Streaming AIS data for Indonesian waters...
2026-06-09 13:53:50 [INFO] vessel_anomaly: 📍 Bounding Box: [[[1.0, 103.0], [4.0, 105.0]]]
2026-06-09 13:53:51 [WARNING] vessel_anomaly: 🔌 WebSocket connection closed: no close frame received or sent
2026-06-09 13:53:51 [INFO] vessel_anomaly: 🔄 Reconnecting in 5 seconds...
2026-06-09 13:53:56 [INFO] vessel_anomaly: 🔗 Connecting to AISstream.io...
2026-06-09 13:53:57 [INFO] vessel_anomaly: ✅ Connected! Streaming AIS data for Indonesian waters...
2026-06-09 13:53:57 [INFO] vessel_anomaly: 📍 Bounding Box: [[[1.0, 103.0], [4.0, 105.0]]]
2026-06-09 13:53:58 [WARNING] vessel_anomaly: 🔌 WebSocket connection closed: no close frame received or sent
2026-06-09 13:53:58 [INFO] vessel_anomaly: 🔄 Reconnecting in 5 seconds...
2026-06-09 13:54:00 [WARNING] vessel_anomaly: ⚠️ Backup sources also empty, will retry...
2026-06-09 13:54:03 [INFO] vessel_anomaly: 🔗 Connecting to AISstream.io...
2026-06-09 13:54:04 [INFO] vessel_anomaly: ✅ Connected! Streaming AIS data for Indonesian waters...
2026-06-09 13:54:04 [INFO] vessel_anomaly: 📍 Bounding Box: [[[1.0, 103.0], [4.0, 105.0]]]
2026-06-09 13:54:04 [WARNING] vessel_anomaly: 🔌 WebSocket connection closed: no close frame received or sent
2026-06-09 13:54:04 [INFO] vessel_anomaly: 🔄 Reconnecting in 5 seconds...
2026-06-09 13:54:09 [INFO] vessel_anomaly: 🔗 Connecting to AISstream.io...
2026-06-09 13:54:10 [INFO] vessel_anomaly: ✅ Connected! Streaming AIS data for Indonesian waters...
2026-06-09 13:54:10 [INFO] vessel_anomaly: 📍 Bounding Box: [[[1.0, 103.0], [4.0, 105.0]]]
2026-06-09 13:54:11 [WARNING] vessel_anomaly: 🔌 WebSocket connection closed: no close frame received or sent
2026-06-09 13:54:11 [INFO] vessel_anomaly: 🔄 Reconnecting in 5 seconds...
2026-06-09 13:54:16 [INFO] vessel_anomaly: 🔗 Connecting to AISstream.io...
2026-06-09 13:54:17 [INFO] vessel_anomaly: ✅ Connected! Streaming AIS data for Indonesian waters...
2026-06-09 13:54:17 [INFO] vessel_anomaly: 📍 Bounding Box: [[[1.0, 103.0], [4.0, 105.0]]]
2026-06-09 13:54:18 [WARNING] vessel_anomaly: 🔌 WebSocket connection closed: no close frame received or sent
2026-06-09 13:54:18 [INFO] vessel_anomaly: 🔄 Reconnecting in 5 seconds...
2026-06-09 13:54:23 [INFO] vessel_anomaly: 🔗 Connecting to AISstream.io...
2026-06-09 13:54:24 [INFO] vessel_anomaly: ✅ Connected! Streaming AIS data for Indonesian waters...
2026-06-09 13:54:24 [INFO] vessel_anomaly: 📍 Bounding Box: [[[1.0, 103.0], [4.0, 105.0]]]
2026-06-09 13:54:25 [WARNING] vessel_anomaly: 🔌 WebSocket connection closed: no close frame received or sent
2026-06-09 13:54:25 [INFO] vessel_anomaly: 🔄 Reconnecting in 5 seconds...
2026-06-09 13:54:30 [INFO] vessel_anomaly: 🔗 Connecting to AISstream.io...
2026-06-09 13:54:31 [INFO] vessel_anomaly: ✅ Connected! Streaming AIS data for Indonesian waters...
2026-06-09 13:54:31 [INFO] vessel_anomaly: 📍 Bounding Box: [[[1.0, 103.0], [4.0, 105.0]]]
2026-06-09 13:54:31 [WARNING] vessel_anomaly: ⚠️ Backup sources also empty, will retry...
2026-06-09 13:54:32 [WARNING] vessel_anomaly: 🔌 WebSocket connection closed: no close frame received or sent
2026-06-09 13:54:32 [INFO] vessel_anomaly: 🔄 Reconnecting in 5 seconds...
2026-06-09 13:54:37 [INFO] vessel_anomaly: 🔗 Connecting to AISstream.io...
2026-06-09 13:54:38 [INFO] vessel_anomaly: ✅ Connected! Streaming AIS data for Indonesian waters...
2026-06-09 13:54:38 [INFO] vessel_anomaly: 📍 Bounding Box: [[[1.0, 103.0], [4.0, 105.0]]]
2026-06-09 13:54:39 [WARNING] vessel_anomaly: 🔌 WebSocket connection closed: no close frame received or sent
2026-06-09 13:54:39 [INFO] vessel_anomaly: 🔄 Reconnecting in 5 seconds...
2026-06-09 13:54:44 [INFO] vessel_anomaly: 🔗 Connecting to AISstream.io...
2026-06-09 13:54:45 [INFO] vessel_anomaly: ✅ Connected! Streaming AIS data for Indonesian waters...
2026-06-09 13:54:45 [INFO] vessel_anomaly: 📍 Bounding Box: [[[1.0, 103.0], [4.0, 105.0]]]
2026-06-09 13:54:45 [WARNING] vessel_anomaly: 🔌 WebSocket connection closed: no close frame received or sent
2026-06-09 13:54:45 [INFO] vessel_anomaly: 🔄 Reconnecting in 5 seconds...
2026-06-09 13:54:50 [INFO] vessel_anomaly: 🔗 Connecting to AISstream.io...
2026-06-09 13:54:51 [INFO] vessel_anomaly: ✅ Connected! Streaming AIS data for Indonesian waters...
2026-06-09 13:54:51 [INFO] vessel_anomaly: 📍 Bounding Box: [[[1.0, 103.0], [4.0, 105.0]]]
2026-06-09 13:54:52 [WARNING] vessel_anomaly: 🔌 WebSocket connection closed: no close frame received or sent
2026-06-09 13:54:52 [INFO] vessel_anomaly: 🔄 Reconnecting in 5 seconds...
2026-06-09 13:54:57 [INFO] vessel_anomaly: 🔗 Connecting to AISstream.io...
2026-06-09 13:54:58 [INFO] vessel_anomaly: ✅ Connected! Streaming AIS data for Indonesian waters...
2026-06-09 13:54:58 [INFO] vessel_anomaly: 📍 Bounding Box: [[[1.0, 103.0], [4.0, 105.0]]]
2026-06-09 13:54:59 [WARNING] vessel_anomaly: 🔌 WebSocket connection closed: no close frame received or sent
2026-06-09 13:54:59 [INFO] vessel_anomaly: 🔄 Reconnecting in 5 seconds...
2026-06-09 13:55:03 [WARNING] vessel_anomaly: ⚠️ Backup sources also empty, will retry...
2026-06-09 13:55:04 [INFO] vessel_anomaly: 🔗 Connecting to AISstream.io...
2026-06-09 13:55:05 [INFO] vessel_anomaly: ✅ Connected! Streaming AIS data for Indonesian waters...
2026-06-09 13:55:05 [INFO] vessel_anomaly: 📍 Bounding Box: [[[1.0, 103.0], [4.0, 105.0]]]
2026-06-09 13:55:06 [WARNING] vessel_anomaly: 🔌 WebSocket connection closed: no close frame received or sent
2026-06-09 13:55:06 [INFO] vessel_anomaly: 🔄 Reconnecting in 5 seconds...
2026-06-09 13:55:11 [INFO] vessel_anomaly: 🔗 Connecting to AISstream.io...
2026-06-09 13:55:12 [INFO] vessel_anomaly: ✅ Connected! Streaming AIS data for Indonesian waters...
2026-06-09 13:55:12 [INFO] vessel_anomaly: 📍 Bounding Box: [[[1.0, 103.0], [4.0, 105.0]]]
2026-06-09 13:55:12 [WARNING] vessel_anomaly: 🔌 WebSocket connection closed: no close frame received or sent
2026-06-09 13:55:12 [INFO] vessel_anomaly: 🔄 Reconnecting in 5 seconds...
2026-06-09 13:55:17 [INFO] vessel_anomaly: 🔗 Connecting to AISstream.io...
2026-06-09 13:55:19 [INFO] vessel_anomaly: ✅ Connected! Streaming AIS data for Indonesian waters...
2026-06-09 13:55:19 [INFO] vessel_anomaly: 📍 Bounding Box: [[[1.0, 103.0], [4.0, 105.0]]]
2026-06-09 13:55:19 [WARNING] vessel_anomaly: 🔌 WebSocket connection closed: no close frame received or sent
2026-06-09 13:55:19 [INFO] vessel_anomaly: 🔄 Reconnecting in 5 seconds...
2026-06-09 13:55:24 [INFO] vessel_anomaly: 🔗 Connecting to AISstream.io...
2026-06-09 13:55:25 [INFO] vessel_anomaly: ✅ Connected! Streaming AIS data for Indonesian waters...
2026-06-09 13:55:25 [INFO] vessel_anomaly: 📍 Bounding Box: [[[1.0, 103.0], [4.0, 105.0]]]
2026-06-09 13:55:26 [WARNING] vessel_anomaly: 🔌 WebSocket connection closed: no close frame received or sent
2026-06-09 13:55:26 [INFO] vessel_anomaly: 🔄 Reconnecting in 5 seconds...
2026-06-09 13:55:31 [INFO] vessel_anomaly: 🔗 Connecting to AISstream.io...
2026-06-09 13:55:33 [INFO] vessel_anomaly: ✅ Connected! Streaming AIS data for Indonesian waters...
2026-06-09 13:55:33 [INFO] vessel_anomaly: 📍 Bounding Box: [[[1.0, 103.0], [4.0, 105.0]]]
2026-06-09 13:55:33 [WARNING] vessel_anomaly: 🔌 WebSocket connection closed: no close frame received or sent
2026-06-09 13:55:33 [INFO] vessel_anomaly: 🔄 Reconnecting in 5 seconds...
2026-06-09 13:55:34 [WARNING] vessel_anomaly: ⚠️ Backup sources also empty, will retry...
2026-06-09 13:55:38 [INFO] vessel_anomaly: 🔗 Connecting to AISstream.io...
2026-06-09 13:55:39 [INFO] vessel_anomaly: ✅ Connected! Streaming AIS data for Indonesian waters...
2026-06-09 13:55:39 [INFO] vessel_anomaly: 📍 Bounding Box: [[[1.0, 103.0], [4.0, 105.0]]]
2026-06-09 13:55:40 [WARNING] vessel_anomaly: 🔌 WebSocket connection closed: no close frame received or sent
2026-06-09 13:55:40 [INFO] vessel_anomaly: 🔄 Reconnecting in 5 seconds...
2026-06-09 13:55:45 [INFO] vessel_anomaly: 🔗 Connecting to AISstream.io...
2026-06-09 13:55:46 [INFO] vessel_anomaly: ✅ Connected! Streaming AIS data for Indonesian waters...
2026-06-09 13:55:46 [INFO] vessel_anomaly: 📍 Bounding Box: [[[1.0, 103.0], [4.0, 105.0]]]
2026-06-09 13:55:47 [WARNING] vessel_anomaly: 🔌 WebSocket connection closed: no close frame received or sent
2026-06-09 13:55:47 [INFO] vessel_anomaly: 🔄 Reconnecting in 5 seconds...
2026-06-09 13:55:52 [INFO] vessel_anomaly: 🔗 Connecting to AISstream.io...
2026-06-09 13:55:53 [INFO] vessel_anomaly: ✅ Connected! Streaming AIS data for Indonesian waters...
2026-06-09 13:55:53 [INFO] vessel_anomaly: 📍 Bounding Box: [[[1.0, 103.0], [4.0, 105.0]]]
2026-06-09 13:55:54 [WARNING] vessel_anomaly: 🔌 WebSocket connection closed: no close frame received or sent
2026-06-09 13:55:54 [INFO] vessel_anomaly: 🔄 Reconnecting in 5 seconds...
2026-06-09 13:55:59 [INFO] vessel_anomaly: 🔗 Connecting to AISstream.io...
2026-06-09 13:56:00 [INFO] vessel_anomaly: ✅ Connected! Streaming AIS data for Indonesian waters...
2026-06-09 13:56:00 [INFO] vessel_anomaly: 📍 Bounding Box: [[[1.0, 103.0], [4.0, 105.0]]]
2026-06-09 13:56:01 [WARNING] vessel_anomaly: 🔌 WebSocket connection closed: no close frame received or sent
2026-06-09 13:56:01 [INFO] vessel_anomaly: 🔄 Reconnecting in 5 seconds...
2026-06-09 13:56:05 [WARNING] vessel_anomaly: ⚠️ Backup sources also empty, will retry...
2026-06-09 13:56:06 [INFO] vessel_anomaly: 🔗 Connecting to AISstream.io...
2026-06-09 13:56:07 [INFO] vessel_anomaly: ✅ Connected! Streaming AIS data for Indonesian waters...
2026-06-09 13:56:07 [INFO] vessel_anomaly: 📍 Bounding Box: [[[1.0, 103.0], [4.0, 105.0]]]
2026-06-09 13:56:07 [WARNING] vessel_anomaly: 🔌 WebSocket connection closed: no close frame received or sent
2026-06-09 13:56:07 [INFO] vessel_anomaly: 🔄 Reconnecting in 5 seconds...
2026-06-09 13:56:12 [INFO] vessel_anomaly: 🔗 Connecting to AISstream.io...
2026-06-09 13:56:13 [INFO] vessel_anomaly: ✅ Connected! Streaming AIS data for Indonesian waters...
2026-06-09 13:56:13 [INFO] vessel_anomaly: 📍 Bounding Box: [[[1.0, 103.0], [4.0, 105.0]]]
2026-06-09 13:56:14 [WARNING] vessel_anomaly: 🔌 WebSocket connection closed: no close frame received or sent
2026-06-09 13:56:14 [INFO] vessel_anomaly: 🔄 Reconnecting in 5 seconds...
2026-06-09 13:56:19 [INFO] vessel_anomaly: 🔗 Connecting to AISstream.io...
2026-06-09 13:56:20 [INFO] vessel_anomaly: ✅ Connected! Streaming AIS data for Indonesian waters...
2026-06-09 13:56:20 [INFO] vessel_anomaly: 📍 Bounding Box: [[[1.0, 103.0], [4.0, 105.0]]]
2026-06-09 13:56:21 [WARNING] vessel_anomaly: 🔌 WebSocket connection closed: no close frame received or sent
2026-06-09 13:56:21 [INFO] vessel_anomaly: 🔄 Reconnecting in 5 seconds...
2026-06-09 13:56:26 [INFO] vessel_anomaly: 🔗 Connecting to AISstream.io...
2026-06-09 13:56:28 [INFO] vessel_anomaly: ✅ Connected! Streaming AIS data for Indonesian waters...
2026-06-09 13:56:28 [INFO] vessel_anomaly: 📍 Bounding Box: [[[1.0, 103.0], [4.0, 105.0]]]
2026-06-09 13:56:29 [WARNING] vessel_anomaly: 🔌 WebSocket connection closed: no close frame received or sent
2026-06-09 13:56:29 [INFO] vessel_anomaly: 🔄 Reconnecting in 5 seconds...
2026-06-09 13:56:34 [INFO] vessel_anomaly: 🔗 Connecting to AISstream.io...
2026-06-09 13:56:35 [INFO] vessel_anomaly: ✅ Connected! Streaming AIS data for Indonesian waters...
2026-06-09 13:56:35 [INFO] vessel_anomaly: 📍 Bounding Box: [[[1.0, 103.0], [4.0, 105.0]]]
2026-06-09 13:56:36 [WARNING] vessel_anomaly: 🔌 WebSocket connection closed: no close frame received or sent
2026-06-09 13:56:36 [INFO] vessel_anomaly: 🔄 Reconnecting in 5 seconds...
2026-06-09 13:56:37 [WARNING] vessel_anomaly: ⚠️ Backup sources also empty, will retry...
2026-06-09 13:56:41 [INFO] vessel_anomaly: 🔗 Connecting to AISstream.io...
2026-06-09 13:56:42 [INFO] vessel_anomaly: ✅ Connected! Streaming AIS data for Indonesian waters...
2026-06-09 13:56:42 [INFO] vessel_anomaly: 📍 Bounding Box: [[[1.0, 103.0], [4.0, 105.0]]]
2026-06-09 13:56:43 [WARNING] vessel_anomaly: 🔌 WebSocket connection closed: no close frame received or sent
2026-06-09 13:56:43 [INFO] vessel_anomaly: 🔄 Reconnecting in 5 seconds...
2026-06-09 13:56:48 [INFO] vessel_anomaly: 🔗 Connecting to AISstream.io...
2026-06-09 13:56:49 [INFO] vessel_anomaly: ✅ Connected! Streaming AIS data for Indonesian waters...
2026-06-09 13:56:49 [INFO] vessel_anomaly: 📍 Bounding Box: [[[1.0, 103.0], [4.0, 105.0]]]
2026-06-09 13:56:50 [WARNING] vessel_anomaly: 🔌 WebSocket connection closed: no close frame received or sent
2026-06-09 13:56:50 [INFO] vessel_anomaly: 🔄 Reconnecting in 5 seconds...
2026-06-09 13:56:55 [INFO] vessel_anomaly: 🔗 Connecting to AISstream.io...
2026-06-09 13:56:56 [INFO] vessel_anomaly: ✅ Connected! Streaming AIS data for Indonesian waters...
2026-06-09 13:56:56 [INFO] vessel_anomaly: 📍 Bounding Box: [[[1.0, 103.0], [4.0, 105.0]]]
2026-06-09 13:56:56 [WARNING] vessel_anomaly: 🔌 WebSocket connection closed: no close frame received or sent
2026-06-09 13:56:56 [INFO] vessel_anomaly: 🔄 Reconnecting in 5 seconds...
2026-06-09 13:57:01 [INFO] vessel_anomaly: 🔗 Connecting to AISstream.io...
2026-06-09 13:57:02 [INFO] vessel_anomaly: ✅ Connected! Streaming AIS data for Indonesian waters...
2026-06-09 13:57:02 [INFO] vessel_anomaly: 📍 Bounding Box: [[[1.0, 103.0], [4.0, 105.0]]]
2026-06-09 13:57:03 [WARNING] vessel_anomaly: 🔌 WebSocket connection closed: no close frame received or sent
2026-06-09 13:57:03 [INFO] vessel_anomaly: 🔄 Reconnecting in 5 seconds...
2026-06-09 13:57:08 [INFO] vessel_anomaly: 🔗 Connecting to AISstream.io...
2026-06-09 13:57:08 [WARNING] vessel_anomaly: ⚠️ Backup sources also empty, will retry...
2026-06-09 13:57:09 [INFO] vessel_anomaly: ✅ Connected! Streaming AIS data for Indonesian waters...
2026-06-09 13:57:09 [INFO] vessel_anomaly: 📍 Bounding Box: [[[1.0, 103.0], [4.0, 105.0]]]
2026-06-09 13:57:10 [WARNING] vessel_anomaly: 🔌 WebSocket connection closed: no close frame received or sent
2026-06-09 13:57:10 [INFO] vessel_anomaly: 🔄 Reconnecting in 5 seconds...
2026-06-09 13:57:15 [INFO] vessel_anomaly: 🔗 Connecting to AISstream.io...
2026-06-09 13:57:17 [INFO] vessel_anomaly: ✅ Connected! Streaming AIS data for Indonesian waters...
2026-06-09 13:57:17 [INFO] vessel_anomaly: 📍 Bounding Box: [[[1.0, 103.0], [4.0, 105.0]]]
2026-06-09 13:57:17 [WARNING] vessel_anomaly: 🔌 WebSocket connection closed: no close frame received or sent
2026-06-09 13:57:17 [INFO] vessel_anomaly: 🔄 Reconnecting in 5 seconds...
2026-06-09 13:57:22 [INFO] vessel_anomaly: 🔗 Connecting to AISstream.io...
2026-06-09 13:57:24 [INFO] vessel_anomaly: ✅ Connected! Streaming AIS data for Indonesian waters...
2026-06-09 13:57:24 [INFO] vessel_anomaly: 📍 Bounding Box: [[[1.0, 103.0], [4.0, 105.0]]]
2026-06-09 13:57:24 [WARNING] vessel_anomaly: 🔌 WebSocket connection closed: no close frame received or sent
2026-06-09 13:57:24 [INFO] vessel_anomaly: 🔄 Reconnecting in 5 seconds...
2026-06-09 13:57:29 [INFO] vessel_anomaly: 🔗 Connecting to AISstream.io...
2026-06-09 13:57:30 [INFO] vessel_anomaly: ✅ Connected! Streaming AIS data for Indonesian waters...
2026-06-09 13:57:30 [INFO] vessel_anomaly: 📍 Bounding Box: [[[1.0, 103.0], [4.0, 105.0]]]
2026-06-09 13:57:31 [WARNING] vessel_anomaly: 🔌 WebSocket connection closed: no close frame received or sent
2026-06-09 13:57:31 [INFO] vessel_anomaly: 🔄 Reconnecting in 5 seconds...
2026-06-09 13:57:36 [INFO] vessel_anomaly: 🔗 Connecting to AISstream.io...
2026-06-09 13:57:38 [INFO] vessel_anomaly: ✅ Connected! Streaming AIS data for Indonesian waters...
2026-06-09 13:57:38 [INFO] vessel_anomaly: 📍 Bounding Box: [[[1.0, 103.0], [4.0, 105.0]]]
2026-06-09 13:57:38 [WARNING] vessel_anomaly: 🔌 WebSocket connection closed: no close frame received or sent
2026-06-09 13:57:38 [INFO] vessel_anomaly: 🔄 Reconnecting in 5 seconds...
2026-06-09 13:57:40 [WARNING] vessel_anomaly: ⚠️ Backup sources also empty, will retry...
2026-06-09 13:57:43 [INFO] vessel_anomaly: 🔗 Connecting to AISstream.io...
2026-06-09 13:57:45 [INFO] vessel_anomaly: ✅ Connected! Streaming AIS data for Indonesian waters...
2026-06-09 13:57:45 [INFO] vessel_anomaly: 📍 Bounding Box: [[[1.0, 103.0], [4.0, 105.0]]]
2026-06-09 13:57:45 [WARNING] vessel_anomaly: 🔌 WebSocket connection closed: no close frame received or sent
2026-06-09 13:57:45 [INFO] vessel_anomaly: 🔄 Reconnecting in 5 seconds...
2026-06-09 13:57:50 [INFO] vessel_anomaly: 🔗 Connecting to AISstream.io...
2026-06-09 13:57:51 [INFO] vessel_anomaly: ✅ Connected! Streaming AIS data for Indonesian waters...
2026-06-09 13:57:51 [INFO] vessel_anomaly: 📍 Bounding Box: [[[1.0, 103.0], [4.0, 105.0]]]
2026-06-09 13:57:52 [WARNING] vessel_anomaly: 🔌 WebSocket connection closed: no close frame received or sent
2026-06-09 13:57:52 [INFO] vessel_anomaly: 🔄 Reconnecting in 5 seconds...
2026-06-09 13:57:57 [INFO] vessel_anomaly: 🔗 Connecting to AISstream.io...
2026-06-09 13:57:58 [INFO] vessel_anomaly: ✅ Connected! Streaming AIS data for Indonesian waters...
2026-06-09 13:57:58 [INFO] vessel_anomaly: 📍 Bounding Box: [[[1.0, 103.0], [4.0, 105.0]]]
2026-06-09 13:57:59 [WARNING] vessel_anomaly: 🔌 WebSocket connection closed: no close frame received or sent
2026-06-09 13:57:59 [INFO] vessel_anomaly: 🔄 Reconnecting in 5 seconds...
2026-06-09 13:58:04 [INFO] vessel_anomaly: 🔗 Connecting to AISstream.io...
2026-06-09 13:58:05 [INFO] vessel_anomaly: ✅ Connected! Streaming AIS data for Indonesian waters...
2026-06-09 13:58:05 [INFO] vessel_anomaly: 📍 Bounding Box: [[[1.0, 103.0], [4.0, 105.0]]]
2026-06-09 13:58:06 [WARNING] vessel_anomaly: 🔌 WebSocket connection closed: no close frame received or sent
2026-06-09 13:58:06 [INFO] vessel_anomaly: 🔄 Reconnecting in 5 seconds...
2026-06-09 13:58:11 [INFO] vessel_anomaly: 🔗 Connecting to AISstream.io...
2026-06-09 13:58:12 [WARNING] vessel_anomaly: ⚠️ Backup sources also empty, will retry...
2026-06-09 13:58:12 [INFO] vessel_anomaly: ✅ Connected! Streaming AIS data for Indonesian waters...
2026-06-09 13:58:12 [INFO] vessel_anomaly: 📍 Bounding Box: [[[1.0, 103.0], [4.0, 105.0]]]
2026-06-09 13:58:13 [WARNING] vessel_anomaly: 🔌 WebSocket connection closed: no close frame received or sent
2026-06-09 13:58:13 [INFO] vessel_anomaly: 🔄 Reconnecting in 5 seconds...
2026-06-09 13:58:18 [INFO] vessel_anomaly: 🔗 Connecting to AISstream.io...
2026-06-09 13:58:19 [INFO] vessel_anomaly: ✅ Connected! Streaming AIS data for Indonesian waters...
2026-06-09 13:58:19 [INFO] vessel_anomaly: 📍 Bounding Box: [[[1.0, 103.0], [4.0, 105.0]]]
2026-06-09 13:58:20 [WARNING] vessel_anomaly: 🔌 WebSocket connection closed: no close frame received or sent
2026-06-09 13:58:20 [INFO] vessel_anomaly: 🔄 Reconnecting in 5 seconds...
2026-06-09 13:58:25 [INFO] vessel_anomaly: 🔗 Connecting to AISstream.io...
2026-06-09 13:58:27 [INFO] vessel_anomaly: ✅ Connected! Streaming AIS data for Indonesian waters...
2026-06-09 13:58:27 [INFO] vessel_anomaly: 📍 Bounding Box: [[[1.0, 103.0], [4.0, 105.0]]]
2026-06-09 13:58:28 [WARNING] vessel_anomaly: 🔌 WebSocket connection closed: no close frame received or sent
2026-06-09 13:58:28 [INFO] vessel_anomaly: 🔄 Reconnecting in 5 seconds...
2026-06-09 13:58:33 [INFO] vessel_anomaly: 🔗 Connecting to AISstream.io...
2026-06-09 13:58:34 [INFO] vessel_anomaly: ✅ Connected! Streaming AIS data for Indonesian waters...
2026-06-09 13:58:34 [INFO] vessel_anomaly: 📍 Bounding Box: [[[1.0, 103.0], [4.0, 105.0]]]
2026-06-09 13:58:35 [WARNING] vessel_anomaly: 🔌 WebSocket connection closed: no close frame received or sent
2026-06-09 13:58:35 [INFO] vessel_anomaly: 🔄 Reconnecting in 5 seconds...
2026-06-09 13:58:40 [INFO] vessel_anomaly: 🔗 Connecting to AISstream.io...
2026-06-09 13:58:41 [INFO] vessel_anomaly: ✅ Connected! Streaming AIS data for Indonesian waters...
2026-06-09 13:58:41 [INFO] vessel_anomaly: 📍 Bounding Box: [[[1.0, 103.0], [4.0, 105.0]]]
2026-06-09 13:58:42 [WARNING] vessel_anomaly: 🔌 WebSocket connection closed: no close frame received or sent
2026-06-09 13:58:42 [INFO] vessel_anomaly: 🔄 Reconnecting in 5 seconds...
2026-06-09 13:58:44 [WARNING] vessel_anomaly: ⚠️ Backup sources also empty, will retry...
2026-06-09 13:58:47 [INFO] vessel_anomaly: 🔗 Connecting to AISstream.io...
2026-06-09 13:58:48 [INFO] vessel_anomaly: ✅ Connected! Streaming AIS data for Indonesian waters...
2026-06-09 13:58:48 [INFO] vessel_anomaly: 📍 Bounding Box: [[[1.0, 103.0], [4.0, 105.0]]]
2026-06-09 13:58:49 [WARNING] vessel_anomaly: 🔌 WebSocket connection closed: no close frame received or sent
2026-06-09 13:58:49 [INFO] vessel_anomaly: 🔄 Reconnecting in 5 seconds...
2026-06-09 13:58:54 [INFO] vessel_anomaly: 🔗 Connecting to AISstream.io...
2026-06-09 13:58:55 [INFO] vessel_anomaly: ✅ Connected! Streaming AIS data for Indonesian waters...
2026-06-09 13:58:55 [INFO] vessel_anomaly: 📍 Bounding Box: [[[1.0, 103.0], [4.0, 105.0]]]
2026-06-09 13:58:55 [WARNING] vessel_anomaly: 🔌 WebSocket connection closed: no close frame received or sent
2026-06-09 13:58:55 [INFO] vessel_anomaly: 🔄 Reconnecting in 5 seconds...
2026-06-09 13:59:00 [INFO] vessel_anomaly: 🔗 Connecting to AISstream.io...
2026-06-09 13:59:02 [INFO] vessel_anomaly: ✅ Connected! Streaming AIS data for Indonesian waters...
2026-06-09 13:59:02 [INFO] vessel_anomaly: 📍 Bounding Box: [[[1.0, 103.0], [4.0, 105.0]]]
2026-06-09 13:59:02 [WARNING] vessel_anomaly: 🔌 WebSocket connection closed: no close frame received or sent
2026-06-09 13:59:02 [INFO] vessel_anomaly: 🔄 Reconnecting in 5 seconds...
2026-06-09 13:59:07 [INFO] vessel_anomaly: 🔗 Connecting to AISstream.io...
2026-06-09 13:59:09 [INFO] vessel_anomaly: ✅ Connected! Streaming AIS data for Indonesian waters...
2026-06-09 13:59:09 [INFO] vessel_anomaly: 📍 Bounding Box: [[[1.0, 103.0], [4.0, 105.0]]]
2026-06-09 13:59:09 [WARNING] vessel_anomaly: 🔌 WebSocket connection closed: no close frame received or sent
2026-06-09 13:59:09 [INFO] vessel_anomaly: 🔄 Reconnecting in 5 seconds...
2026-06-09 13:59:14 [INFO] vessel_anomaly: 🔗 Connecting to AISstream.io...
2026-06-09 13:59:15 [WARNING] vessel_anomaly: ⚠️ Backup sources also empty, will retry...
2026-06-09 13:59:16 [INFO] vessel_anomaly: ✅ Connected! Streaming AIS data for Indonesian waters...
2026-06-09 13:59:16 [INFO] vessel_anomaly: 📍 Bounding Box: [[[1.0, 103.0], [4.0, 105.0]]]
2026-06-09 13:59:16 [WARNING] vessel_anomaly: 🔌 WebSocket connection closed: no close frame received or sent
2026-06-09 13:59:16 [INFO] vessel_anomaly: 🔄 Reconnecting in 5 seconds...
2026-06-09 13:59:21 [INFO] vessel_anomaly: 🔗 Connecting to AISstream.io...
2026-06-09 13:59:22 [INFO] vessel_anomaly: ✅ Connected! Streaming AIS data for Indonesian waters...
2026-06-09 13:59:22 [INFO] vessel_anomaly: 📍 Bounding Box: [[[1.0, 103.0], [4.0, 105.0]]]
2026-06-09 13:59:23 [WARNING] vessel_anomaly: 🔌 WebSocket connection closed: no close frame received or sent
2026-06-09 13:59:23 [INFO] vessel_anomaly: 🔄 Reconnecting in 5 seconds...
2026-06-09 13:59:28 [INFO] vessel_anomaly: 🔗 Connecting to AISstream.io...
2026-06-09 13:59:29 [INFO] vessel_anomaly: ✅ Connected! Streaming AIS data for Indonesian waters...
2026-06-09 13:59:29 [INFO] vessel_anomaly: 📍 Bounding Box: [[[1.0, 103.0], [4.0, 105.0]]]
2026-06-09 13:59:30 [WARNING] vessel_anomaly: 🔌 WebSocket connection closed: no close frame received or sent
2026-06-09 13:59:30 [INFO] vessel_anomaly: 🔄 Reconnecting in 5 seconds...
2026-06-09 13:59:35 [INFO] vessel_anomaly: 🔗 Connecting to AISstream.io...
2026-06-09 13:59:36 [INFO] vessel_anomaly: ✅ Connected! Streaming AIS data for Indonesian waters...
2026-06-09 13:59:36 [INFO] vessel_anomaly: 📍 Bounding Box: [[[1.0, 103.0], [4.0, 105.0]]]
2026-06-09 13:59:37 [WARNING] vessel_anomaly: 🔌 WebSocket connection closed: no close frame received or sent
2026-06-09 13:59:37 [INFO] vessel_anomaly: 🔄 Reconnecting in 5 seconds...
2026-06-09 13:59:42 [INFO] vessel_anomaly: 🔗 Connecting to AISstream.io...
2026-06-09 13:59:43 [INFO] vessel_anomaly: ✅ Connected! Streaming AIS data for Indonesian waters...
2026-06-09 13:59:43 [INFO] vessel_anomaly: 📍 Bounding Box: [[[1.0, 103.0], [4.0, 105.0]]]
2026-06-09 13:59:44 [WARNING] vessel_anomaly: 🔌 WebSocket connection closed: no close frame received or sent
2026-06-09 13:59:44 [INFO] vessel_anomaly: 🔄 Reconnecting in 5 seconds...
2026-06-09 13:59:47 [WARNING] vessel_anomaly: ⚠️ Backup sources also empty, will retry...
2026-06-09 13:59:49 [INFO] vessel_anomaly: 🔗 Connecting to AISstream.io...
2026-06-09 13:59:50 [INFO] vessel_anomaly: ✅ Connected! Streaming AIS data for Indonesian waters...
2026-06-09 13:59:50 [INFO] vessel_anomaly: 📍 Bounding Box: [[[1.0, 103.0], [4.0, 105.0]]]
2026-06-09 13:59:50 [WARNING] vessel_anomaly: 🔌 WebSocket connection closed: no close frame received or sent
2026-06-09 13:59:50 [INFO] vessel_anomaly: 🔄 Reconnecting in 5 seconds...
2026-06-09 13:59:52 [INFO] vessel_anomaly: 
🛑 Shutdown signal received...
2026-06-09 13:59:52 [INFO] vessel_anomaly: 🛑 Data collector stopping...
2026-06-09 13:59:52 [INFO] vessel_anomaly: 🛑 Model trainer stopping...
2026-06-09 14:08:40 [INFO] vessel_anomaly: 🔧 Initializing components...
2026-06-09 14:08:40 [INFO] vessel_anomaly:   ✅ Database initialized
2026-06-09 14:08:40 [INFO] vessel_anomaly:   ✅ Feature engine initialized
2026-06-09 14:08:40 [INFO] vessel_anomaly: 🆕 New Isolation Forest model initialized
2026-06-09 14:08:40 [INFO] vessel_anomaly:   ✅ Anomaly detector initialized
2026-06-09 14:08:40 [INFO] vessel_anomaly:   ✅ Dashboard initialized
2026-06-09 14:08:40 [INFO] vessel_anomaly:   ✅ Alert system initialized
2026-06-09 14:08:40 [INFO] vessel_anomaly:   ✅ Data collector initialized
2026-06-09 14:08:40 [INFO] vessel_anomaly:   ✅ Model trainer initialized
2026-06-09 14:08:40 [INFO] vessel_anomaly: 
2026-06-09 14:08:40 [INFO] vessel_anomaly: 🚀 All components ready! Starting services...
2026-06-09 14:08:40 [INFO] vessel_anomaly: 
2026-06-09 14:08:40 [INFO] vessel_anomaly: 📡 AIS Data Collector started (background thread)
2026-06-09 14:08:40 [INFO] vessel_anomaly: 🌐 Starting web dashboard...
2026-06-09 14:08:40 [INFO] vessel_anomaly:    Open browser at: http://localhost:5000
2026-06-09 14:08:40 [INFO] vessel_anomaly: 
2026-06-09 14:08:40 [INFO] vessel_anomaly: ============================================================
2026-06-09 14:08:40 [INFO] vessel_anomaly:    VESSEL GUARD is now ACTIVE
2026-06-09 14:08:40 [INFO] vessel_anomaly:    Monitoring: MEDITERRANEAN SEA (Test Area)
2026-06-09 14:08:40 [INFO] vessel_anomaly:    (Change bbox in config.py for other areas)
2026-06-09 14:08:40 [INFO] vessel_anomaly: ============================================================
2026-06-09 14:08:40 [INFO] vessel_anomaly: 🚀 Starting AIS data collector...
2026-06-09 14:08:40 [INFO] vessel_anomaly: 
2026-06-09 14:08:40 [INFO] vessel_anomaly: 🌐 Dashboard starting at http://0.0.0.0:5000
2026-06-09 14:08:40 [INFO] vessel_anomaly: 🔗 Connecting to AISstream.io...
2026-06-09 14:08:40 [INFO] vessel_anomaly: ⏳ Waiting for minimum 50 samples before initial training...
2026-06-09 14:08:40 [INFO] vessel_anomaly: 🎓 Model trainer started (retrain every 6 hours)
2026-06-09 14:08:41 [INFO] vessel_anomaly: 🖥️ Dashboard client connected
2026-06-09 14:08:42 [INFO] vessel_anomaly: ✅ Connected! Streaming AIS data for Indonesian waters...
2026-06-09 14:08:42 [INFO] vessel_anomaly: 📍 Bounding Box: [[[30.0, -6.0], [46.0, 37.0]]]
2026-06-09 14:08:42 [WARNING] vessel_anomaly: 🔌 WebSocket connection closed: no close frame received or sent
2026-06-09 14:08:42 [INFO] vessel_anomaly: 🔄 Reconnecting in 5 seconds...
2026-06-09 14:08:47 [INFO] vessel_anomaly: 🔗 Connecting to AISstream.io...
2026-06-09 14:08:49 [INFO] vessel_anomaly: ✅ Connected! Streaming AIS data for Indonesian waters...
2026-06-09 14:08:49 [INFO] vessel_anomaly: 📍 Bounding Box: [[[30.0, -6.0], [46.0, 37.0]]]
2026-06-09 14:08:50 [WARNING] vessel_anomaly: 🔌 WebSocket connection closed: no close frame received or sent
2026-06-09 14:08:50 [INFO] vessel_anomaly: 🔄 Reconnecting in 5 seconds...
2026-06-09 14:08:52 [INFO] vessel_anomaly: 🖥️ Dashboard client disconnected
2026-06-09 14:08:52 [INFO] vessel_anomaly: 🖥️ Dashboard client connected
2026-06-09 14:08:55 [INFO] vessel_anomaly: 🔗 Connecting to AISstream.io...
2026-06-09 14:08:57 [INFO] vessel_anomaly: ✅ Connected! Streaming AIS data for Indonesian waters...
2026-06-09 14:08:57 [INFO] vessel_anomaly: 📍 Bounding Box: [[[30.0, -6.0], [46.0, 37.0]]]
2026-06-09 14:08:57 [WARNING] vessel_anomaly: 🔌 WebSocket connection closed: no close frame received or sent
2026-06-09 14:08:57 [INFO] vessel_anomaly: 🔄 Reconnecting in 5 seconds...
2026-06-09 14:09:02 [INFO] vessel_anomaly: 🔗 Connecting to AISstream.io...
2026-06-09 14:09:03 [INFO] vessel_anomaly: ✅ Connected! Streaming AIS data for Indonesian waters...
2026-06-09 14:09:03 [INFO] vessel_anomaly: 📍 Bounding Box: [[[30.0, -6.0], [46.0, 37.0]]]
2026-06-09 14:09:04 [WARNING] vessel_anomaly: 🔌 WebSocket connection closed: no close frame received or sent
2026-06-09 14:09:04 [INFO] vessel_anomaly: 🔄 Reconnecting in 5 seconds...
2026-06-09 14:09:09 [INFO] vessel_anomaly: 🔗 Connecting to AISstream.io...
2026-06-09 14:09:10 [INFO] vessel_anomaly: ✅ Connected! Streaming AIS data for Indonesian waters...
2026-06-09 14:09:10 [INFO] vessel_anomaly: 📍 Bounding Box: [[[30.0, -6.0], [46.0, 37.0]]]
2026-06-09 14:09:11 [WARNING] vessel_anomaly: 🔌 WebSocket connection closed: no close frame received or sent
2026-06-09 14:09:11 [INFO] vessel_anomaly: 🔄 Reconnecting in 5 seconds...
2026-06-09 14:09:16 [INFO] vessel_anomaly: 🔗 Connecting to AISstream.io...
2026-06-09 14:09:18 [INFO] vessel_anomaly: ✅ Connected! Streaming AIS data for Indonesian waters...
2026-06-09 14:09:18 [INFO] vessel_anomaly: 📍 Bounding Box: [[[30.0, -6.0], [46.0, 37.0]]]
2026-06-09 14:09:18 [WARNING] vessel_anomaly: 🔌 WebSocket connection closed: no close frame received or sent
2026-06-09 14:09:18 [INFO] vessel_anomaly: 🔄 Reconnecting in 5 seconds...
2026-06-09 14:09:23 [INFO] vessel_anomaly: 🔗 Connecting to AISstream.io...
2026-06-09 14:09:24 [INFO] vessel_anomaly: ✅ Connected! Streaming AIS data for Indonesian waters...
2026-06-09 14:09:24 [INFO] vessel_anomaly: 📍 Bounding Box: [[[30.0, -6.0], [46.0, 37.0]]]
2026-06-09 14:09:25 [WARNING] vessel_anomaly: 🔌 WebSocket connection closed: no close frame received or sent
2026-06-09 14:09:25 [INFO] vessel_anomaly: 🔄 Reconnecting in 5 seconds...
2026-06-09 14:09:30 [INFO] vessel_anomaly: 🔗 Connecting to AISstream.io...
2026-06-09 14:09:31 [INFO] vessel_anomaly: ✅ Connected! Streaming AIS data for Indonesian waters...
2026-06-09 14:09:31 [INFO] vessel_anomaly: 📍 Bounding Box: [[[30.0, -6.0], [46.0, 37.0]]]
2026-06-09 14:09:32 [WARNING] vessel_anomaly: 🔌 WebSocket connection closed: no close frame received or sent
2026-06-09 14:09:32 [INFO] vessel_anomaly: 🔄 Reconnecting in 5 seconds...
2026-06-09 14:09:37 [INFO] vessel_anomaly: 🔗 Connecting to AISstream.io...
2026-06-09 14:09:39 [INFO] vessel_anomaly: ✅ Connected! Streaming AIS data for Indonesian waters...
2026-06-09 14:09:39 [INFO] vessel_anomaly: 📍 Bounding Box: [[[30.0, -6.0], [46.0, 37.0]]]
2026-06-09 14:09:40 [WARNING] vessel_anomaly: 🔌 WebSocket connection closed: no close frame received or sent
2026-06-09 14:09:40 [INFO] vessel_anomaly: 🔄 Reconnecting in 5 seconds...
2026-06-09 14:09:45 [INFO] vessel_anomaly: 🔗 Connecting to AISstream.io...
2026-06-09 14:09:45 [INFO] vessel_anomaly: 
🛑 Shutdown signal received...
2026-06-09 14:09:45 [INFO] vessel_anomaly: 🛑 Data collector stopping...
2026-06-09 14:09:45 [INFO] vessel_anomaly: 🛑 Model trainer stopping...
2026-06-09 14:09:47 [INFO] vessel_anomaly: ✅ Connected! Streaming AIS data for Indonesian waters...
2026-06-09 14:09:47 [INFO] vessel_anomaly: 📍 Bounding Box: [[[30.0, -6.0], [46.0, 37.0]]]
2026-06-09 14:09:48 [WARNING] vessel_anomaly: 🔌 WebSocket connection closed: no close frame received or sent
2026-06-09 14:11:41 [INFO] vessel_anomaly: 🔧 Initializing components...
2026-06-09 14:11:41 [INFO] vessel_anomaly:   ✅ Database initialized
2026-06-09 14:11:41 [INFO] vessel_anomaly:   ✅ Feature engine initialized
2026-06-09 14:11:41 [INFO] vessel_anomaly: 🆕 New Isolation Forest model initialized
2026-06-09 14:11:41 [INFO] vessel_anomaly:   ✅ Anomaly detector initialized
2026-06-09 14:11:41 [INFO] vessel_anomaly:   ✅ Dashboard initialized
2026-06-09 14:11:41 [INFO] vessel_anomaly:   ✅ Alert system initialized
2026-06-09 14:11:41 [INFO] vessel_anomaly:   ✅ Data collector initialized
2026-06-09 14:11:41 [INFO] vessel_anomaly:   ✅ Model trainer initialized
2026-06-09 14:11:41 [INFO] vessel_anomaly: 
2026-06-09 14:11:41 [INFO] vessel_anomaly: 🚀 All components ready! Starting services...
2026-06-09 14:11:41 [INFO] vessel_anomaly: 
2026-06-09 14:11:41 [INFO] vessel_anomaly: 📡 AIS Data Collector started (background thread)
2026-06-09 14:11:41 [INFO] vessel_anomaly: 🌐 Starting web dashboard...
2026-06-09 14:11:41 [INFO] vessel_anomaly:    Open browser at: http://localhost:5000
2026-06-09 14:11:41 [INFO] vessel_anomaly: 
2026-06-09 14:11:41 [INFO] vessel_anomaly: ============================================================
2026-06-09 14:11:41 [INFO] vessel_anomaly:    VESSEL GUARD is now ACTIVE
2026-06-09 14:11:41 [INFO] vessel_anomaly: 🚀 Starting AIS data collector...
2026-06-09 14:11:41 [INFO] vessel_anomaly: 🔗 Connecting to AISstream.io...
2026-06-09 14:11:41 [INFO] vessel_anomaly:    Monitoring: MEDITERRANEAN SEA (Test Area)
2026-06-09 14:11:41 [INFO] vessel_anomaly:    (Change bbox in config.py for other areas)
2026-06-09 14:11:41 [INFO] vessel_anomaly: ============================================================
2026-06-09 14:11:41 [INFO] vessel_anomaly: 
2026-06-09 14:11:41 [INFO] vessel_anomaly: 🌐 Dashboard starting at http://0.0.0.0:5000
2026-06-09 14:11:41 [INFO] vessel_anomaly: ⏳ Waiting for minimum 50 samples before initial training...
2026-06-09 14:11:41 [INFO] vessel_anomaly: 🎓 Model trainer started (retrain every 6 hours)
2026-06-09 14:11:41 [INFO] vessel_anomaly: 🖥️ Dashboard client connected
2026-06-09 14:11:42 [INFO] vessel_anomaly: 🖥️ Dashboard client connected
2026-06-09 14:11:42 [INFO] vessel_anomaly: ✅ Connected! Streaming AIS data for Indonesian waters...
2026-06-09 14:11:42 [INFO] vessel_anomaly: 📍 Bounding Box: [[[30.0, -6.0], [46.0, 37.0]]]
2026-06-09 14:11:43 [WARNING] vessel_anomaly: 🔌 WebSocket connection closed: no close frame received or sent
2026-06-09 14:11:43 [INFO] vessel_anomaly: 🔄 Reconnecting in 5 seconds...
2026-06-09 14:11:48 [INFO] vessel_anomaly: 🔗 Connecting to AISstream.io...
2026-06-09 14:11:49 [INFO] vessel_anomaly: ✅ Connected! Streaming AIS data for Indonesian waters...
2026-06-09 14:11:49 [INFO] vessel_anomaly: 📍 Bounding Box: [[[30.0, -6.0], [46.0, 37.0]]]
2026-06-09 14:11:50 [WARNING] vessel_anomaly: 🔌 WebSocket connection closed: no close frame received or sent
2026-06-09 14:11:50 [INFO] vessel_anomaly: 🔄 Reconnecting in 5 seconds...
2026-06-09 14:11:55 [INFO] vessel_anomaly: 🔗 Connecting to AISstream.io...
2026-06-09 14:11:56 [INFO] vessel_anomaly: ✅ Connected! Streaming AIS data for Indonesian waters...
2026-06-09 14:11:56 [INFO] vessel_anomaly: 📍 Bounding Box: [[[30.0, -6.0], [46.0, 37.0]]]
2026-06-09 14:11:57 [WARNING] vessel_anomaly: 🔌 WebSocket connection closed: no close frame received or sent
2026-06-09 14:11:57 [INFO] vessel_anomaly: 🔄 Reconnecting in 5 seconds...
2026-06-09 14:12:02 [INFO] vessel_anomaly: 🔗 Connecting to AISstream.io...
2026-06-09 14:12:04 [INFO] vessel_anomaly: ✅ Connected! Streaming AIS data for Indonesian waters...
2026-06-09 14:12:04 [INFO] vessel_anomaly: 📍 Bounding Box: [[[30.0, -6.0], [46.0, 37.0]]]
2026-06-09 14:12:04 [WARNING] vessel_anomaly: 🔌 WebSocket connection closed: no close frame received or sent
2026-06-09 14:12:05 [INFO] vessel_anomaly: 🔄 Reconnecting in 5 seconds...
2026-06-09 14:12:10 [INFO] vessel_anomaly: 🔗 Connecting to AISstream.io...
2026-06-09 14:12:11 [INFO] vessel_anomaly: ✅ Connected! Streaming AIS data for Indonesian waters...
2026-06-09 14:12:11 [INFO] vessel_anomaly: 📍 Bounding Box: [[[30.0, -6.0], [46.0, 37.0]]]
2026-06-09 14:12:12 [WARNING] vessel_anomaly: 🔌 WebSocket connection closed: no close frame received or sent
2026-06-09 14:12:12 [INFO] vessel_anomaly: 🔄 Reconnecting in 5 seconds...
2026-06-09 14:12:17 [INFO] vessel_anomaly: 🔗 Connecting to AISstream.io...
2026-06-09 14:12:18 [INFO] vessel_anomaly: ✅ Connected! Streaming AIS data for Indonesian waters...
2026-06-09 14:12:18 [INFO] vessel_anomaly: 📍 Bounding Box: [[[30.0, -6.0], [46.0, 37.0]]]
2026-06-09 14:12:18 [WARNING] vessel_anomaly: 🔌 WebSocket connection closed: no close frame received or sent
2026-06-09 14:12:18 [INFO] vessel_anomaly: 🔄 Reconnecting in 5 seconds...
2026-06-09 14:12:23 [INFO] vessel_anomaly: 🔗 Connecting to AISstream.io...
2026-06-09 14:12:25 [INFO] vessel_anomaly: ✅ Connected! Streaming AIS data for Indonesian waters...
2026-06-09 14:12:25 [INFO] vessel_anomaly: 📍 Bounding Box: [[[30.0, -6.0], [46.0, 37.0]]]
2026-06-09 14:12:25 [WARNING] vessel_anomaly: 🔌 WebSocket connection closed: no close frame received or sent
2026-06-09 14:12:25 [INFO] vessel_anomaly: 🔄 Reconnecting in 5 seconds...
2026-06-09 14:12:30 [INFO] vessel_anomaly: 🔗 Connecting to AISstream.io...
2026-06-09 14:12:32 [INFO] vessel_anomaly: ✅ Connected! Streaming AIS data for Indonesian waters...
2026-06-09 14:12:32 [INFO] vessel_anomaly: 📍 Bounding Box: [[[30.0, -6.0], [46.0, 37.0]]]
2026-06-09 14:12:32 [WARNING] vessel_anomaly: 🔌 WebSocket connection closed: no close frame received or sent
2026-06-09 14:12:32 [INFO] vessel_anomaly: 🔄 Reconnecting in 5 seconds...
2026-06-09 14:12:37 [INFO] vessel_anomaly: 🖥️ Dashboard client disconnected
2026-06-09 14:12:37 [INFO] vessel_anomaly: 🔗 Connecting to AISstream.io...
2026-06-09 14:12:39 [INFO] vessel_anomaly: ✅ Connected! Streaming AIS data for Indonesian waters...
2026-06-09 14:12:39 [INFO] vessel_anomaly: 📍 Bounding Box: [[[30.0, -6.0], [46.0, 37.0]]]
2026-06-09 14:12:39 [WARNING] vessel_anomaly: 🔌 WebSocket connection closed: no close frame received or sent
2026-06-09 14:12:39 [INFO] vessel_anomaly: 🔄 Reconnecting in 5 seconds...
2026-06-09 14:12:44 [INFO] vessel_anomaly: 🔗 Connecting to AISstream.io...
2026-06-09 14:12:46 [INFO] vessel_anomaly: ✅ Connected! Streaming AIS data for Indonesian waters...
2026-06-09 14:12:46 [INFO] vessel_anomaly: 📍 Bounding Box: [[[30.0, -6.0], [46.0, 37.0]]]
2026-06-09 14:12:46 [WARNING] vessel_anomaly: 🔌 WebSocket connection closed: no close frame received or sent
2026-06-09 14:12:46 [INFO] vessel_anomaly: 🔄 Reconnecting in 5 seconds...
2026-06-09 14:12:51 [INFO] vessel_anomaly: 🔗 Connecting to AISstream.io...
2026-06-09 14:12:53 [INFO] vessel_anomaly: ✅ Connected! Streaming AIS data for Indonesian waters...
2026-06-09 14:12:53 [INFO] vessel_anomaly: 📍 Bounding Box: [[[30.0, -6.0], [46.0, 37.0]]]
2026-06-09 14:12:54 [WARNING] vessel_anomaly: 🔌 WebSocket connection closed: no close frame received or sent
2026-06-09 14:12:54 [INFO] vessel_anomaly: 🔄 Reconnecting in 5 seconds...
2026-06-09 14:12:59 [INFO] vessel_anomaly: 🔗 Connecting to AISstream.io...
2026-06-09 14:13:00 [INFO] vessel_anomaly: ✅ Connected! Streaming AIS data for Indonesian waters...
2026-06-09 14:13:00 [INFO] vessel_anomaly: 📍 Bounding Box: [[[30.0, -6.0], [46.0, 37.0]]]
2026-06-09 14:13:01 [WARNING] vessel_anomaly: 🔌 WebSocket connection closed: no close frame received or sent
2026-06-09 14:13:01 [INFO] vessel_anomaly: 🔄 Reconnecting in 5 seconds...
2026-06-09 14:13:06 [INFO] vessel_anomaly: 🔗 Connecting to AISstream.io...
2026-06-09 14:13:07 [INFO] vessel_anomaly: ✅ Connected! Streaming AIS data for Indonesian waters...
2026-06-09 14:13:07 [INFO] vessel_anomaly: 📍 Bounding Box: [[[30.0, -6.0], [46.0, 37.0]]]
2026-06-09 14:13:07 [WARNING] vessel_anomaly: 🔌 WebSocket connection closed: no close frame received or sent
2026-06-09 14:13:07 [INFO] vessel_anomaly: 🔄 Reconnecting in 5 seconds...
2026-06-09 14:13:12 [INFO] vessel_anomaly: 🔗 Connecting to AISstream.io...
2026-06-09 14:13:14 [INFO] vessel_anomaly: ✅ Connected! Streaming AIS data for Indonesian waters...
2026-06-09 14:13:14 [INFO] vessel_anomaly: 📍 Bounding Box: [[[30.0, -6.0], [46.0, 37.0]]]
2026-06-09 14:13:14 [WARNING] vessel_anomaly: 🔌 WebSocket connection closed: no close frame received or sent
2026-06-09 14:13:14 [INFO] vessel_anomaly: 🔄 Reconnecting in 5 seconds...
2026-06-09 14:13:19 [INFO] vessel_anomaly: 🔗 Connecting to AISstream.io...
2026-06-09 14:13:20 [INFO] vessel_anomaly: ✅ Connected! Streaming AIS data for Indonesian waters...
2026-06-09 14:13:20 [INFO] vessel_anomaly: 📍 Bounding Box: [[[30.0, -6.0], [46.0, 37.0]]]
2026-06-09 14:13:21 [WARNING] vessel_anomaly: 🔌 WebSocket connection closed: no close frame received or sent
2026-06-09 14:13:21 [INFO] vessel_anomaly: 🔄 Reconnecting in 5 seconds...
2026-06-09 14:13:26 [INFO] vessel_anomaly: 🔗 Connecting to AISstream.io...
2026-06-09 14:13:27 [INFO] vessel_anomaly: ✅ Connected! Streaming AIS data for Indonesian waters...
2026-06-09 14:13:27 [INFO] vessel_anomaly: 📍 Bounding Box: [[[30.0, -6.0], [46.0, 37.0]]]
2026-06-09 14:13:28 [WARNING] vessel_anomaly: 🔌 WebSocket connection closed: no close frame received or sent
2026-06-09 14:13:28 [INFO] vessel_anomaly: 🔄 Reconnecting in 5 seconds...
2026-06-09 14:13:33 [INFO] vessel_anomaly: 🔗 Connecting to AISstream.io...
2026-06-09 14:13:34 [INFO] vessel_anomaly: ✅ Connected! Streaming AIS data for Indonesian waters...
2026-06-09 14:13:34 [INFO] vessel_anomaly: 📍 Bounding Box: [[[30.0, -6.0], [46.0, 37.0]]]
2026-06-09 14:13:35 [WARNING] vessel_anomaly: 🔌 WebSocket connection closed: no close frame received or sent
2026-06-09 14:13:35 [INFO] vessel_anomaly: 🔄 Reconnecting in 5 seconds...
2026-06-09 14:13:40 [INFO] vessel_anomaly: 🔗 Connecting to AISstream.io...
2026-06-09 14:13:41 [INFO] vessel_anomaly: ✅ Connected! Streaming AIS data for Indonesian waters...
2026-06-09 14:13:41 [INFO] vessel_anomaly: 📍 Bounding Box: [[[30.0, -6.0], [46.0, 37.0]]]
2026-06-09 14:13:42 [WARNING] vessel_anomaly: 🔌 WebSocket connection closed: no close frame received or sent
2026-06-09 14:13:42 [INFO] vessel_anomaly: 🔄 Reconnecting in 5 seconds...
2026-06-09 14:13:47 [INFO] vessel_anomaly: 🔗 Connecting to AISstream.io...
2026-06-09 14:13:48 [INFO] vessel_anomaly: ✅ Connected! Streaming AIS data for Indonesian waters...
2026-06-09 14:13:48 [INFO] vessel_anomaly: 📍 Bounding Box: [[[30.0, -6.0], [46.0, 37.0]]]
2026-06-09 14:13:49 [WARNING] vessel_anomaly: 🔌 WebSocket connection closed: no close frame received or sent
2026-06-09 14:13:49 [INFO] vessel_anomaly: 🔄 Reconnecting in 5 seconds...
2026-06-09 14:13:54 [INFO] vessel_anomaly: 🔗 Connecting to AISstream.io...
2026-06-09 14:13:55 [INFO] vessel_anomaly: ✅ Connected! Streaming AIS data for Indonesian waters...
2026-06-09 14:13:55 [INFO] vessel_anomaly: 📍 Bounding Box: [[[30.0, -6.0], [46.0, 37.0]]]
2026-06-09 14:13:55 [WARNING] vessel_anomaly: 🔌 WebSocket connection closed: no close frame received or sent
2026-06-09 14:13:55 [INFO] vessel_anomaly: 🔄 Reconnecting in 5 seconds...
2026-06-09 14:14:00 [INFO] vessel_anomaly: 🔗 Connecting to AISstream.io...
2026-06-09 14:14:02 [INFO] vessel_anomaly: ✅ Connected! Streaming AIS data for Indonesian waters...
2026-06-09 14:14:02 [INFO] vessel_anomaly: 📍 Bounding Box: [[[30.0, -6.0], [46.0, 37.0]]]
2026-06-09 14:14:02 [WARNING] vessel_anomaly: 🔌 WebSocket connection closed: no close frame received or sent
2026-06-09 14:14:02 [INFO] vessel_anomaly: 🔄 Reconnecting in 5 seconds...
2026-06-09 14:14:07 [INFO] vessel_anomaly: 🔗 Connecting to AISstream.io...
2026-06-09 14:14:08 [INFO] vessel_anomaly: ✅ Connected! Streaming AIS data for Indonesian waters...
2026-06-09 14:14:08 [INFO] vessel_anomaly: 📍 Bounding Box: [[[30.0, -6.0], [46.0, 37.0]]]
2026-06-09 14:14:09 [WARNING] vessel_anomaly: 🔌 WebSocket connection closed: no close frame received or sent
2026-06-09 14:14:09 [INFO] vessel_anomaly: 🔄 Reconnecting in 5 seconds...
2026-06-09 14:14:14 [INFO] vessel_anomaly: 🔗 Connecting to AISstream.io...
2026-06-09 14:14:15 [INFO] vessel_anomaly: ✅ Connected! Streaming AIS data for Indonesian waters...
2026-06-09 14:14:15 [INFO] vessel_anomaly: 📍 Bounding Box: [[[30.0, -6.0], [46.0, 37.0]]]
2026-06-09 14:14:16 [WARNING] vessel_anomaly: 🔌 WebSocket connection closed: no close frame received or sent
2026-06-09 14:14:16 [INFO] vessel_anomaly: 🔄 Reconnecting in 5 seconds...
2026-06-09 14:14:18 [INFO] vessel_anomaly: 
🛑 Shutdown signal received...
2026-06-09 14:14:18 [INFO] vessel_anomaly: 🛑 Data collector stopping...
2026-06-09 14:14:18 [INFO] vessel_anomaly: 🛑 Model trainer stopping...
2026-06-09 14:14:25 [INFO] vessel_anomaly: 🔧 Initializing components...
2026-06-09 14:14:25 [INFO] vessel_anomaly:   ✅ Database initialized
2026-06-09 14:14:25 [INFO] vessel_anomaly:   ✅ Feature engine initialized
2026-06-09 14:14:25 [INFO] vessel_anomaly: 🆕 New Isolation Forest model initialized
2026-06-09 14:14:25 [INFO] vessel_anomaly:   ✅ Anomaly detector initialized
2026-06-09 14:14:25 [INFO] vessel_anomaly:   ✅ Dashboard initialized
2026-06-09 14:14:25 [INFO] vessel_anomaly:   ✅ Alert system initialized
2026-06-09 14:14:25 [INFO] vessel_anomaly:   ✅ Data collector initialized
2026-06-09 14:14:25 [INFO] vessel_anomaly:   ✅ Model trainer initialized
2026-06-09 14:14:25 [INFO] vessel_anomaly: 
2026-06-09 14:14:25 [INFO] vessel_anomaly: 🚀 All components ready! Starting services...
2026-06-09 14:14:25 [INFO] vessel_anomaly: 
2026-06-09 14:14:25 [INFO] vessel_anomaly: 📡 AIS Data Collector started (background thread)
2026-06-09 14:14:25 [INFO] vessel_anomaly: 🚀 Starting AIS data collector...
2026-06-09 14:14:25 [INFO] vessel_anomaly: 🔗 Connecting to AISstream.io...
2026-06-09 14:14:25 [INFO] vessel_anomaly: 🌐 Starting web dashboard...
2026-06-09 14:14:25 [INFO] vessel_anomaly:    Open browser at: http://localhost:5000
2026-06-09 14:14:25 [INFO] vessel_anomaly: 
2026-06-09 14:14:25 [INFO] vessel_anomaly: ============================================================
2026-06-09 14:14:25 [INFO] vessel_anomaly:    VESSEL GUARD is now ACTIVE
2026-06-09 14:14:25 [INFO] vessel_anomaly:    Monitoring: DOVER STRAIT (World's Busiest!)
2026-06-09 14:14:25 [INFO] vessel_anomaly:    (100+ vessels per hour expected)
2026-06-09 14:14:25 [INFO] vessel_anomaly: ============================================================
2026-06-09 14:14:25 [INFO] vessel_anomaly: 
2026-06-09 14:14:25 [INFO] vessel_anomaly: 🌐 Dashboard starting at http://0.0.0.0:5000
2026-06-09 14:14:25 [INFO] vessel_anomaly: ⏳ Waiting for minimum 50 samples before initial training...
2026-06-09 14:14:25 [INFO] vessel_anomaly: 🎓 Model trainer started (retrain every 6 hours)
2026-06-09 14:14:26 [INFO] vessel_anomaly: 🖥️ Dashboard client connected
2026-06-09 14:14:27 [INFO] vessel_anomaly: ✅ Connected! Streaming AIS data for Indonesian waters...
2026-06-09 14:14:27 [INFO] vessel_anomaly: 📍 Bounding Box: [[[50.8, 0.8], [51.2, 1.8]]]
2026-06-09 14:14:27 [WARNING] vessel_anomaly: 🔌 WebSocket connection closed: no close frame received or sent
2026-06-09 14:14:27 [INFO] vessel_anomaly: 🔄 Reconnecting in 5 seconds...
2026-06-09 14:14:32 [INFO] vessel_anomaly: 🔗 Connecting to AISstream.io...
2026-06-09 14:14:33 [INFO] vessel_anomaly: ✅ Connected! Streaming AIS data for Indonesian waters...
2026-06-09 14:14:33 [INFO] vessel_anomaly: 📍 Bounding Box: [[[50.8, 0.8], [51.2, 1.8]]]
2026-06-09 14:14:34 [WARNING] vessel_anomaly: 🔌 WebSocket connection closed: no close frame received or sent
2026-06-09 14:14:34 [INFO] vessel_anomaly: 🔄 Reconnecting in 5 seconds...
2026-06-09 14:14:39 [INFO] vessel_anomaly: 🔗 Connecting to AISstream.io...
2026-06-09 14:14:40 [INFO] vessel_anomaly: ✅ Connected! Streaming AIS data for Indonesian waters...
2026-06-09 14:14:40 [INFO] vessel_anomaly: 📍 Bounding Box: [[[50.8, 0.8], [51.2, 1.8]]]
2026-06-09 14:14:41 [WARNING] vessel_anomaly: 🔌 WebSocket connection closed: no close frame received or sent
2026-06-09 14:14:41 [INFO] vessel_anomaly: 🔄 Reconnecting in 5 seconds...
2026-06-09 14:14:46 [INFO] vessel_anomaly: 🖥️ Dashboard client disconnected
2026-06-09 14:14:46 [INFO] vessel_anomaly: 🔗 Connecting to AISstream.io...
2026-06-09 14:14:46 [INFO] vessel_anomaly: 🖥️ Dashboard client connected
2026-06-09 14:14:48 [INFO] vessel_anomaly: ✅ Connected! Streaming AIS data for Indonesian waters...
2026-06-09 14:14:48 [INFO] vessel_anomaly: 📍 Bounding Box: [[[50.8, 0.8], [51.2, 1.8]]]
2026-06-09 14:14:48 [WARNING] vessel_anomaly: 🔌 WebSocket connection closed: no close frame received or sent
2026-06-09 14:14:48 [INFO] vessel_anomaly: 🔄 Reconnecting in 5 seconds...
2026-06-09 14:14:53 [INFO] vessel_anomaly: 🔗 Connecting to AISstream.io...
2026-06-09 14:14:54 [INFO] vessel_anomaly: ✅ Connected! Streaming AIS data for Indonesian waters...
2026-06-09 14:14:54 [INFO] vessel_anomaly: 📍 Bounding Box: [[[50.8, 0.8], [51.2, 1.8]]]
2026-06-09 14:14:55 [WARNING] vessel_anomaly: 🔌 WebSocket connection closed: no close frame received or sent
2026-06-09 14:14:55 [INFO] vessel_anomaly: 🔄 Reconnecting in 5 seconds...
2026-06-09 14:15:00 [INFO] vessel_anomaly: 🔗 Connecting to AISstream.io...
2026-06-09 14:15:01 [INFO] vessel_anomaly: ✅ Connected! Streaming AIS data for Indonesian waters...
2026-06-09 14:15:01 [INFO] vessel_anomaly: 📍 Bounding Box: [[[50.8, 0.8], [51.2, 1.8]]]
2026-06-09 14:15:02 [WARNING] vessel_anomaly: 🔌 WebSocket connection closed: no close frame received or sent
2026-06-09 14:15:02 [INFO] vessel_anomaly: 🔄 Reconnecting in 5 seconds...
2026-06-09 14:15:07 [INFO] vessel_anomaly: 🔗 Connecting to AISstream.io...
2026-06-09 14:15:08 [INFO] vessel_anomaly: ✅ Connected! Streaming AIS data for Indonesian waters...
2026-06-09 14:15:08 [INFO] vessel_anomaly: 📍 Bounding Box: [[[50.8, 0.8], [51.2, 1.8]]]
2026-06-09 14:15:09 [WARNING] vessel_anomaly: 🔌 WebSocket connection closed: no close frame received or sent
2026-06-09 14:15:09 [INFO] vessel_anomaly: 🔄 Reconnecting in 5 seconds...
2026-06-09 14:15:14 [INFO] vessel_anomaly: 🔗 Connecting to AISstream.io...
2026-06-09 14:15:15 [INFO] vessel_anomaly: ✅ Connected! Streaming AIS data for Indonesian waters...
2026-06-09 14:15:15 [INFO] vessel_anomaly: 📍 Bounding Box: [[[50.8, 0.8], [51.2, 1.8]]]
2026-06-09 14:15:16 [WARNING] vessel_anomaly: 🔌 WebSocket connection closed: no close frame received or sent
2026-06-09 14:15:16 [INFO] vessel_anomaly: 🔄 Reconnecting in 5 seconds...
2026-06-09 14:15:21 [INFO] vessel_anomaly: 🔗 Connecting to AISstream.io...
2026-06-09 14:15:22 [INFO] vessel_anomaly: ✅ Connected! Streaming AIS data for Indonesian waters...
2026-06-09 14:15:22 [INFO] vessel_anomaly: 📍 Bounding Box: [[[50.8, 0.8], [51.2, 1.8]]]
2026-06-09 14:15:23 [WARNING] vessel_anomaly: 🔌 WebSocket connection closed: no close frame received or sent
2026-06-09 14:15:23 [INFO] vessel_anomaly: 🔄 Reconnecting in 5 seconds...
2026-06-09 14:15:28 [INFO] vessel_anomaly: 🔗 Connecting to AISstream.io...
2026-06-09 14:15:29 [INFO] vessel_anomaly: ✅ Connected! Streaming AIS data for Indonesian waters...
2026-06-09 14:15:29 [INFO] vessel_anomaly: 📍 Bounding Box: [[[50.8, 0.8], [51.2, 1.8]]]
2026-06-09 14:15:30 [WARNING] vessel_anomaly: 🔌 WebSocket connection closed: no close frame received or sent
2026-06-09 14:15:30 [INFO] vessel_anomaly: 🔄 Reconnecting in 5 seconds...
2026-06-09 14:15:35 [INFO] vessel_anomaly: 🔗 Connecting to AISstream.io...
2026-06-09 14:15:36 [INFO] vessel_anomaly: ✅ Connected! Streaming AIS data for Indonesian waters...
2026-06-09 14:15:36 [INFO] vessel_anomaly: 📍 Bounding Box: [[[50.8, 0.8], [51.2, 1.8]]]
2026-06-09 14:15:37 [WARNING] vessel_anomaly: 🔌 WebSocket connection closed: no close frame received or sent
2026-06-09 14:15:37 [INFO] vessel_anomaly: 🔄 Reconnecting in 5 seconds...
2026-06-09 14:15:42 [INFO] vessel_anomaly: 🔗 Connecting to AISstream.io...
2026-06-09 14:15:43 [INFO] vessel_anomaly: ✅ Connected! Streaming AIS data for Indonesian waters...
2026-06-09 14:15:43 [INFO] vessel_anomaly: 📍 Bounding Box: [[[50.8, 0.8], [51.2, 1.8]]]
2026-06-09 14:15:44 [WARNING] vessel_anomaly: 🔌 WebSocket connection closed: no close frame received or sent
2026-06-09 14:15:44 [INFO] vessel_anomaly: 🔄 Reconnecting in 5 seconds...
2026-06-09 14:15:49 [INFO] vessel_anomaly: 🔗 Connecting to AISstream.io...
2026-06-09 14:15:50 [INFO] vessel_anomaly: ✅ Connected! Streaming AIS data for Indonesian waters...
2026-06-09 14:15:50 [INFO] vessel_anomaly: 📍 Bounding Box: [[[50.8, 0.8], [51.2, 1.8]]]
2026-06-09 14:15:51 [WARNING] vessel_anomaly: 🔌 WebSocket connection closed: no close frame received or sent
2026-06-09 14:15:51 [INFO] vessel_anomaly: 🔄 Reconnecting in 5 seconds...
2026-06-09 14:15:56 [INFO] vessel_anomaly: 🔗 Connecting to AISstream.io...
2026-06-09 14:15:56 [INFO] vessel_anomaly: 
🛑 Shutdown signal received...
2026-06-09 14:15:56 [INFO] vessel_anomaly: 🛑 Data collector stopping...
2026-06-09 14:15:56 [INFO] vessel_anomaly: 🛑 Model trainer stopping...
2026-06-09 14:15:57 [INFO] vessel_anomaly: ✅ Connected! Streaming AIS data for Indonesian waters...
2026-06-09 14:15:57 [INFO] vessel_anomaly: 📍 Bounding Box: [[[50.8, 0.8], [51.2, 1.8]]]
2026-06-09 14:19:28 [INFO] vessel_anomaly: 🔧 Initializing components...
2026-06-09 14:19:28 [INFO] vessel_anomaly:   ✅ Database initialized
2026-06-09 14:19:28 [INFO] vessel_anomaly:   ✅ Feature engine initialized
2026-06-09 14:19:28 [INFO] vessel_anomaly: 🆕 New Isolation Forest model initialized
2026-06-09 14:19:28 [INFO] vessel_anomaly:   ✅ Anomaly detector initialized
2026-06-09 14:19:28 [INFO] vessel_anomaly:   ✅ Dashboard initialized
2026-06-09 14:19:28 [INFO] vessel_anomaly:   ✅ Alert system initialized
2026-06-09 14:19:28 [INFO] vessel_anomaly:   ✅ Data collector initialized
2026-06-09 14:19:28 [INFO] vessel_anomaly:   ✅ Model trainer initialized
2026-06-09 14:19:28 [INFO] vessel_anomaly: 
2026-06-09 14:19:28 [INFO] vessel_anomaly: 🚀 All components ready! Starting services...
2026-06-09 14:19:28 [INFO] vessel_anomaly: 
2026-06-09 14:19:28 [INFO] vessel_anomaly: 📡 AIS Data Collector started (background thread)
2026-06-09 14:19:28 [INFO] vessel_anomaly: 🌐 Starting web dashboard...
2026-06-09 14:19:28 [INFO] vessel_anomaly:    Open browser at: http://localhost:5000
2026-06-09 14:19:28 [INFO] vessel_anomaly: 
2026-06-09 14:19:28 [INFO] vessel_anomaly: ============================================================
2026-06-09 14:19:28 [INFO] vessel_anomaly: 🚀 Starting AIS data collector...
2026-06-09 14:19:28 [INFO] vessel_anomaly:    VESSEL GUARD is now ACTIVE
2026-06-09 14:19:28 [INFO] vessel_anomaly: 🔗 Connecting to AISstream.io...
2026-06-09 14:19:28 [INFO] vessel_anomaly:    Monitoring Indonesian waters for anomalies...
2026-06-09 14:19:28 [INFO] vessel_anomaly: ============================================================
2026-06-09 14:19:28 [INFO] vessel_anomaly: 
2026-06-09 14:19:28 [INFO] vessel_anomaly: 🌐 Dashboard starting at http://0.0.0.0:5000
2026-06-09 14:19:28 [INFO] vessel_anomaly: ⏳ Waiting for minimum 50 samples before initial training...
2026-06-09 14:19:28 [INFO] vessel_anomaly: 🎓 Model trainer started (retrain every 6 hours)
2026-06-09 14:19:28 [INFO] vessel_anomaly: 🚢 Starting realistic vessel simulation for Indonesian waters...
2026-06-09 14:19:28 [INFO] vessel_anomaly:    (Simulated data based on real shipping patterns)
2026-06-09 14:19:28 [INFO] vessel_anomaly: 🖥️ Dashboard client connected
2026-06-09 14:19:30 [INFO] vessel_anomaly: ✅ Connected! Streaming AIS data for Indonesian waters...
2026-06-09 14:19:30 [INFO] vessel_anomaly: 📍 Bounding Box: [[[-14.0, 92.0], [8.0, 141.5]]]
2026-06-09 14:19:30 [INFO] vessel_anomaly: 🖥️ Dashboard client disconnected
2026-06-09 14:19:30 [INFO] vessel_anomaly: 🖥️ Dashboard client connected
2026-06-09 14:19:30 [WARNING] vessel_anomaly: 🔌 WebSocket connection closed: no close frame received or sent
2026-06-09 14:19:30 [INFO] vessel_anomaly: 🔄 Reconnecting in 5 seconds...
2026-06-09 14:19:31 [INFO] vessel_anomaly: 🚢 Generating 30 realistic vessels for Indonesian waters...
2026-06-09 14:19:31 [INFO] vessel_anomaly: ✅ Generated 30 vessels across shipping lanes
2026-06-09 14:19:38 [INFO] vessel_anomaly: ✅ Initial fleet deployed: 30 vessels
2026-06-09 14:19:38 [INFO] vessel_anomaly: 🔗 Connecting to AISstream.io...
2026-06-09 14:19:39 [INFO] vessel_anomaly: ✅ Connected! Streaming AIS data for Indonesian waters...
2026-06-09 14:19:39 [INFO] vessel_anomaly: 📍 Bounding Box: [[[-14.0, 92.0], [8.0, 141.5]]]
2026-06-09 14:19:40 [WARNING] vessel_anomaly: 🔌 WebSocket connection closed: no close frame received or sent
2026-06-09 14:19:40 [INFO] vessel_anomaly: 🔄 Reconnecting in 5 seconds...
2026-06-09 14:19:42 [INFO] vessel_anomaly: 🖥️ Dashboard client connected
2026-06-09 14:19:45 [INFO] vessel_anomaly: 🔗 Connecting to AISstream.io...
2026-06-09 14:19:46 [INFO] vessel_anomaly: ✅ Connected! Streaming AIS data for Indonesian waters...
2026-06-09 14:19:46 [INFO] vessel_anomaly: 📍 Bounding Box: [[[-14.0, 92.0], [8.0, 141.5]]]
2026-06-09 14:19:47 [INFO] vessel_anomaly: 🖥️ Dashboard client disconnected
2026-06-09 14:19:47 [INFO] vessel_anomaly: 🖥️ Dashboard client connected
2026-06-09 14:19:47 [WARNING] vessel_anomaly: 🔌 WebSocket connection closed: no close frame received or sent
2026-06-09 14:19:47 [INFO] vessel_anomaly: 🔄 Reconnecting in 5 seconds...
2026-06-09 14:19:49 [INFO] vessel_anomaly: 🖥️ Dashboard client disconnected
2026-06-09 14:19:49 [INFO] vessel_anomaly: 🖥️ Dashboard client connected
2026-06-09 14:19:50 [INFO] vessel_anomaly: 🖥️ Dashboard client disconnected
2026-06-09 14:19:50 [INFO] vessel_anomaly: 🖥️ Dashboard client connected
2026-06-09 14:19:51 [INFO] vessel_anomaly: 🖥️ Dashboard client disconnected
2026-06-09 14:19:51 [INFO] vessel_anomaly: 🖥️ Dashboard client connected
2026-06-09 14:19:52 [INFO] vessel_anomaly: 🔗 Connecting to AISstream.io...
2026-06-09 14:19:53 [INFO] vessel_anomaly: ✅ Connected! Streaming AIS data for Indonesian waters...
2026-06-09 14:19:53 [INFO] vessel_anomaly: 📍 Bounding Box: [[[-14.0, 92.0], [8.0, 141.5]]]
2026-06-09 14:19:54 [WARNING] vessel_anomaly: 🔌 WebSocket connection closed: no close frame received or sent
2026-06-09 14:19:54 [INFO] vessel_anomaly: 🔄 Reconnecting in 5 seconds...
2026-06-09 14:19:59 [INFO] vessel_anomaly: 🔗 Connecting to AISstream.io...
2026-06-09 14:20:00 [INFO] vessel_anomaly: ✅ Connected! Streaming AIS data for Indonesian waters...
2026-06-09 14:20:00 [INFO] vessel_anomaly: 📍 Bounding Box: [[[-14.0, 92.0], [8.0, 141.5]]]
2026-06-09 14:20:01 [WARNING] vessel_anomaly: 🔌 WebSocket connection closed: no close frame received or sent
2026-06-09 14:20:01 [INFO] vessel_anomaly: 🔄 Reconnecting in 5 seconds...
2026-06-09 14:20:06 [INFO] vessel_anomaly: 🔗 Connecting to AISstream.io...
2026-06-09 14:20:07 [INFO] vessel_anomaly: ✅ Connected! Streaming AIS data for Indonesian waters...
2026-06-09 14:20:07 [INFO] vessel_anomaly: 📍 Bounding Box: [[[-14.0, 92.0], [8.0, 141.5]]]
2026-06-09 14:20:08 [WARNING] vessel_anomaly: 🔌 WebSocket connection closed: no close frame received or sent
2026-06-09 14:20:08 [INFO] vessel_anomaly: 🔄 Reconnecting in 5 seconds...
2026-06-09 14:20:11 [INFO] vessel_anomaly: 🖥️ Dashboard client connected
2026-06-09 14:20:13 [INFO] vessel_anomaly: 🖥️ Dashboard client disconnected
2026-06-09 14:20:13 [INFO] vessel_anomaly: 🖥️ Dashboard client connected
2026-06-09 14:20:13 [INFO] vessel_anomaly: 🔗 Connecting to AISstream.io...
2026-06-09 14:20:14 [INFO] vessel_anomaly: ✅ Connected! Streaming AIS data for Indonesian waters...
2026-06-09 14:20:14 [INFO] vessel_anomaly: 🖥️ Dashboard client disconnected
2026-06-09 14:20:14 [INFO] vessel_anomaly: 📍 Bounding Box: [[[-14.0, 92.0], [8.0, 141.5]]]
2026-06-09 14:20:14 [INFO] vessel_anomaly: 🖥️ Dashboard client connected
2026-06-09 14:20:15 [WARNING] vessel_anomaly: 🔌 WebSocket connection closed: no close frame received or sent
2026-06-09 14:20:15 [INFO] vessel_anomaly: 🔄 Reconnecting in 5 seconds...
2026-06-09 14:20:15 [INFO] vessel_anomaly: 🖥️ Dashboard client disconnected
2026-06-09 14:20:15 [INFO] vessel_anomaly: 🖥️ Dashboard client disconnected
2026-06-09 14:20:15 [INFO] vessel_anomaly: 🖥️ Dashboard client connected
2026-06-09 14:20:17 [INFO] vessel_anomaly: 🖥️ Dashboard client disconnected
2026-06-09 14:20:17 [INFO] vessel_anomaly: 🖥️ Dashboard client connected
2026-06-09 14:20:20 [INFO] vessel_anomaly: 🔗 Connecting to AISstream.io...
2026-06-09 14:20:21 [INFO] vessel_anomaly: ✅ Connected! Streaming AIS data for Indonesian waters...
2026-06-09 14:20:21 [INFO] vessel_anomaly: 📍 Bounding Box: [[[-14.0, 92.0], [8.0, 141.5]]]
2026-06-09 14:20:22 [WARNING] vessel_anomaly: 🔌 WebSocket connection closed: no close frame received or sent
2026-06-09 14:20:22 [INFO] vessel_anomaly: 🔄 Reconnecting in 5 seconds...
2026-06-09 14:20:27 [INFO] vessel_anomaly: 🔗 Connecting to AISstream.io...
2026-06-09 14:20:29 [INFO] vessel_anomaly: ✅ Connected! Streaming AIS data for Indonesian waters...
2026-06-09 14:20:29 [INFO] vessel_anomaly: 📍 Bounding Box: [[[-14.0, 92.0], [8.0, 141.5]]]
2026-06-09 14:20:29 [WARNING] vessel_anomaly: 🔌 WebSocket connection closed: no close frame received or sent
2026-06-09 14:20:29 [INFO] vessel_anomaly: 🔄 Reconnecting in 5 seconds...
2026-06-09 14:20:34 [INFO] vessel_anomaly: 🔗 Connecting to AISstream.io...
2026-06-09 14:20:35 [INFO] vessel_anomaly: ✅ Connected! Streaming AIS data for Indonesian waters...
2026-06-09 14:20:35 [INFO] vessel_anomaly: 📍 Bounding Box: [[[-14.0, 92.0], [8.0, 141.5]]]
2026-06-09 14:20:36 [WARNING] vessel_anomaly: 🔌 WebSocket connection closed: no close frame received or sent
2026-06-09 14:20:36 [INFO] vessel_anomaly: 🔄 Reconnecting in 5 seconds...
2026-06-09 14:20:37 [INFO] vessel_anomaly: 🖥️ Dashboard client disconnected
2026-06-09 14:20:41 [INFO] vessel_anomaly: 🔗 Connecting to AISstream.io...
2026-06-09 14:20:42 [INFO] vessel_anomaly: ✅ Connected! Streaming AIS data for Indonesian waters...
2026-06-09 14:20:42 [INFO] vessel_anomaly: 📍 Bounding Box: [[[-14.0, 92.0], [8.0, 141.5]]]
2026-06-09 14:20:43 [WARNING] vessel_anomaly: 🔌 WebSocket connection closed: no close frame received or sent
2026-06-09 14:20:43 [INFO] vessel_anomaly: 🔄 Reconnecting in 5 seconds...
2026-06-09 14:20:48 [INFO] vessel_anomaly: 🔗 Connecting to AISstream.io...
2026-06-09 14:20:49 [INFO] vessel_anomaly: ✅ Connected! Streaming AIS data for Indonesian waters...
2026-06-09 14:20:49 [INFO] vessel_anomaly: 📍 Bounding Box: [[[-14.0, 92.0], [8.0, 141.5]]]
2026-06-09 14:20:50 [WARNING] vessel_anomaly: 🔌 WebSocket connection closed: no close frame received or sent
2026-06-09 14:20:50 [INFO] vessel_anomaly: 🔄 Reconnecting in 5 seconds...
2026-06-09 14:20:55 [INFO] vessel_anomaly: 🔗 Connecting to AISstream.io...
2026-06-09 14:20:56 [INFO] vessel_anomaly: 
🛑 Shutdown signal received...
2026-06-09 14:20:56 [INFO] vessel_anomaly: 🛑 Data collector stopping...
2026-06-09 14:20:56 [INFO] vessel_anomaly: 🛑 Model trainer stopping...
2026-06-09 14:20:56 [INFO] vessel_anomaly: ✅ Connected! Streaming AIS data for Indonesian waters...
2026-06-09 14:20:56 [INFO] vessel_anomaly: 📍 Bounding Box: [[[-14.0, 92.0], [8.0, 141.5]]]
2026-06-09 14:20:57 [WARNING] vessel_anomaly: 🔌 WebSocket connection closed: no close frame received or sent
2026-06-09 14:20:58 [INFO] vessel_anomaly: 
🛑 Shutdown signal received...
2026-06-09 14:20:58 [INFO] vessel_anomaly: 🛑 Data collector stopping...
2026-06-09 14:20:58 [INFO] vessel_anomaly: 🛑 Model trainer stopping...
2026-06-09 14:29:23 [INFO] vessel_anomaly: 🔧 Initializing components...
2026-06-09 14:29:23 [INFO] vessel_anomaly:   ✅ Database initialized
2026-06-09 14:29:23 [INFO] vessel_anomaly:   ✅ Feature engine initialized
2026-06-09 14:29:23 [INFO] vessel_anomaly: 🆕 New Isolation Forest model initialized
2026-06-09 14:29:23 [INFO] vessel_anomaly:   ✅ Anomaly detector initialized
2026-06-09 14:29:23 [INFO] vessel_anomaly:   ✅ Dashboard initialized
2026-06-09 14:29:23 [INFO] vessel_anomaly:   ✅ Alert system initialized
2026-06-09 14:29:23 [INFO] vessel_anomaly:   ✅ Data collector initialized
2026-06-09 14:29:23 [INFO] vessel_anomaly:   ✅ Model trainer initialized
2026-06-09 14:29:23 [INFO] vessel_anomaly: 
2026-06-09 14:29:23 [INFO] vessel_anomaly: 🚀 All components ready! Starting services...
2026-06-09 14:29:23 [INFO] vessel_anomaly: 
2026-06-09 14:29:23 [INFO] vessel_anomaly: 📡 AIS Data Collector started (background thread)
2026-06-09 14:29:23 [INFO] vessel_anomaly: 🌐 Starting web dashboard...
2026-06-09 14:29:23 [INFO] vessel_anomaly:    Open browser at: http://localhost:5000
2026-06-09 14:29:23 [INFO] vessel_anomaly: 
2026-06-09 14:29:23 [INFO] vessel_anomaly: ============================================================
2026-06-09 14:29:23 [INFO] vessel_anomaly: 🚀 Starting AIS data collector...
2026-06-09 14:29:23 [INFO] vessel_anomaly:    VESSEL GUARD is now ACTIVE
2026-06-09 14:29:23 [INFO] vessel_anomaly: 🔗 Connecting to AISstream.io...
2026-06-09 14:29:23 [INFO] vessel_anomaly:    Monitoring Indonesian waters for anomalies...
2026-06-09 14:29:23 [INFO] vessel_anomaly: ============================================================
2026-06-09 14:29:23 [INFO] vessel_anomaly: 
2026-06-09 14:29:23 [INFO] vessel_anomaly: 🌐 Dashboard starting at http://0.0.0.0:5000
2026-06-09 14:29:23 [INFO] vessel_anomaly: ⏳ Waiting for minimum 50 samples before initial training...
2026-06-09 14:29:23 [INFO] vessel_anomaly: 🎓 Model trainer started (retrain every 6 hours)
2026-06-09 14:29:23 [INFO] vessel_anomaly: 🖥️ Dashboard client connected
2026-06-09 14:29:24 [INFO] vessel_anomaly: 🖥️ Dashboard client disconnected
2026-06-09 14:29:24 [INFO] vessel_anomaly: 🖥️ Dashboard client connected
2026-06-09 14:29:24 [INFO] vessel_anomaly: ✅ Connected! Streaming AIS data for Indonesian waters...
2026-06-09 14:29:24 [INFO] vessel_anomaly: 📍 Bounding Box: [[[-14.0, 92.0], [8.0, 141.5]]]
2026-06-09 14:29:25 [WARNING] vessel_anomaly: 🔌 WebSocket connection closed: no close frame received or sent
2026-06-09 14:29:25 [INFO] vessel_anomaly: 🔄 Reconnecting in 5 seconds...
2026-06-09 14:29:30 [INFO] vessel_anomaly: 🔗 Connecting to AISstream.io...
2026-06-09 14:29:31 [INFO] vessel_anomaly: ✅ Connected! Streaming AIS data for Indonesian waters...
2026-06-09 14:29:31 [INFO] vessel_anomaly: 📍 Bounding Box: [[[-14.0, 92.0], [8.0, 141.5]]]
2026-06-09 14:29:32 [WARNING] vessel_anomaly: 🔌 WebSocket connection closed: no close frame received or sent
2026-06-09 14:29:32 [INFO] vessel_anomaly: 🔄 Reconnecting in 5 seconds...
2026-06-09 14:29:37 [INFO] vessel_anomaly: 🔗 Connecting to AISstream.io...
2026-06-09 14:29:38 [INFO] vessel_anomaly: ✅ Connected! Streaming AIS data for Indonesian waters...
2026-06-09 14:29:38 [INFO] vessel_anomaly: 📍 Bounding Box: [[[-14.0, 92.0], [8.0, 141.5]]]
2026-06-09 14:29:39 [WARNING] vessel_anomaly: 🔌 WebSocket connection closed: no close frame received or sent
2026-06-09 14:29:39 [INFO] vessel_anomaly: 🔄 Reconnecting in 5 seconds...
2026-06-09 14:29:44 [INFO] vessel_anomaly: 🔗 Connecting to AISstream.io...
2026-06-09 14:29:46 [INFO] vessel_anomaly: ✅ Connected! Streaming AIS data for Indonesian waters...
2026-06-09 14:29:46 [INFO] vessel_anomaly: 📍 Bounding Box: [[[-14.0, 92.0], [8.0, 141.5]]]
2026-06-09 14:29:47 [WARNING] vessel_anomaly: 🔌 WebSocket connection closed: no close frame received or sent
2026-06-09 14:29:47 [INFO] vessel_anomaly: 🔄 Reconnecting in 5 seconds...
2026-06-09 14:29:52 [INFO] vessel_anomaly: 🔗 Connecting to AISstream.io...
2026-06-09 14:29:53 [INFO] vessel_anomaly: ✅ Connected! Streaming AIS data for Indonesian waters...
2026-06-09 14:29:53 [INFO] vessel_anomaly: 📍 Bounding Box: [[[-14.0, 92.0], [8.0, 141.5]]]
2026-06-09 14:29:54 [WARNING] vessel_anomaly: 🔌 WebSocket connection closed: no close frame received or sent
2026-06-09 14:29:54 [INFO] vessel_anomaly: 🔄 Reconnecting in 5 seconds...
2026-06-09 14:29:59 [INFO] vessel_anomaly: 🔗 Connecting to AISstream.io...
2026-06-09 14:30:00 [INFO] vessel_anomaly: ✅ Connected! Streaming AIS data for Indonesian waters...
2026-06-09 14:30:00 [INFO] vessel_anomaly: 📍 Bounding Box: [[[-14.0, 92.0], [8.0, 141.5]]]
2026-06-09 14:30:00 [WARNING] vessel_anomaly: 🔌 WebSocket connection closed: no close frame received or sent
2026-06-09 14:30:00 [INFO] vessel_anomaly: 🔄 Reconnecting in 5 seconds...
2026-06-09 14:30:05 [INFO] vessel_anomaly: 🔗 Connecting to AISstream.io...
2026-06-09 14:30:06 [INFO] vessel_anomaly: ✅ Connected! Streaming AIS data for Indonesian waters...
2026-06-09 14:30:06 [INFO] vessel_anomaly: 📍 Bounding Box: [[[-14.0, 92.0], [8.0, 141.5]]]
2026-06-09 14:30:07 [WARNING] vessel_anomaly: 🔌 WebSocket connection closed: no close frame received or sent
2026-06-09 14:30:07 [INFO] vessel_anomaly: 🔄 Reconnecting in 5 seconds...
2026-06-09 14:30:12 [INFO] vessel_anomaly: 🔗 Connecting to AISstream.io...
2026-06-09 14:30:13 [INFO] vessel_anomaly: ✅ Connected! Streaming AIS data for Indonesian waters...
2026-06-09 14:30:13 [INFO] vessel_anomaly: 📍 Bounding Box: [[[-14.0, 92.0], [8.0, 141.5]]]
2026-06-09 14:30:14 [WARNING] vessel_anomaly: 🔌 WebSocket connection closed: no close frame received or sent
2026-06-09 14:30:14 [INFO] vessel_anomaly: 🔄 Reconnecting in 5 seconds...
2026-06-09 14:30:19 [INFO] vessel_anomaly: 🔗 Connecting to AISstream.io...
2026-06-09 14:30:20 [INFO] vessel_anomaly: ✅ Connected! Streaming AIS data for Indonesian waters...
2026-06-09 14:30:20 [INFO] vessel_anomaly: 📍 Bounding Box: [[[-14.0, 92.0], [8.0, 141.5]]]
2026-06-09 14:30:21 [WARNING] vessel_anomaly: 🔌 WebSocket connection closed: no close frame received or sent
2026-06-09 14:30:21 [INFO] vessel_anomaly: 🔄 Reconnecting in 5 seconds...
2026-06-09 14:30:26 [INFO] vessel_anomaly: 🔗 Connecting to AISstream.io...
2026-06-09 14:30:28 [INFO] vessel_anomaly: ✅ Connected! Streaming AIS data for Indonesian waters...
2026-06-09 14:30:28 [INFO] vessel_anomaly: 📍 Bounding Box: [[[-14.0, 92.0], [8.0, 141.5]]]
2026-06-09 14:30:28 [WARNING] vessel_anomaly: 🔌 WebSocket connection closed: no close frame received or sent
2026-06-09 14:30:28 [INFO] vessel_anomaly: 🔄 Reconnecting in 5 seconds...
2026-06-09 14:30:33 [INFO] vessel_anomaly: 🔗 Connecting to AISstream.io...
2026-06-09 14:30:34 [INFO] vessel_anomaly: ✅ Connected! Streaming AIS data for Indonesian waters...
2026-06-09 14:30:34 [INFO] vessel_anomaly: 📍 Bounding Box: [[[-14.0, 92.0], [8.0, 141.5]]]
2026-06-09 14:30:35 [WARNING] vessel_anomaly: 🔌 WebSocket connection closed: no close frame received or sent
2026-06-09 14:30:35 [INFO] vessel_anomaly: 🔄 Reconnecting in 5 seconds...
2026-06-09 14:30:40 [INFO] vessel_anomaly: 🔗 Connecting to AISstream.io...
2026-06-09 14:30:41 [INFO] vessel_anomaly: ✅ Connected! Streaming AIS data for Indonesian waters...
2026-06-09 14:30:41 [INFO] vessel_anomaly: 📍 Bounding Box: [[[-14.0, 92.0], [8.0, 141.5]]]
2026-06-09 14:30:42 [WARNING] vessel_anomaly: 🔌 WebSocket connection closed: no close frame received or sent
2026-06-09 14:30:42 [INFO] vessel_anomaly: 🔄 Reconnecting in 5 seconds...
2026-06-09 14:30:47 [INFO] vessel_anomaly: 🔗 Connecting to AISstream.io...
2026-06-09 14:30:48 [INFO] vessel_anomaly: ✅ Connected! Streaming AIS data for Indonesian waters...
2026-06-09 14:30:48 [INFO] vessel_anomaly: 📍 Bounding Box: [[[-14.0, 92.0], [8.0, 141.5]]]
2026-06-09 14:30:49 [WARNING] vessel_anomaly: 🔌 WebSocket connection closed: no close frame received or sent
2026-06-09 14:30:49 [INFO] vessel_anomaly: 🔄 Reconnecting in 5 seconds...
2026-06-09 14:30:54 [INFO] vessel_anomaly: 🔗 Connecting to AISstream.io...
2026-06-09 14:30:55 [INFO] vessel_anomaly: ✅ Connected! Streaming AIS data for Indonesian waters...
2026-06-09 14:30:55 [INFO] vessel_anomaly: 📍 Bounding Box: [[[-14.0, 92.0], [8.0, 141.5]]]
2026-06-09 14:30:55 [WARNING] vessel_anomaly: 🔌 WebSocket connection closed: no close frame received or sent
2026-06-09 14:30:55 [INFO] vessel_anomaly: 🔄 Reconnecting in 5 seconds...
2026-06-09 14:31:00 [INFO] vessel_anomaly: 🔗 Connecting to AISstream.io...
2026-06-09 14:31:01 [INFO] vessel_anomaly: ✅ Connected! Streaming AIS data for Indonesian waters...
2026-06-09 14:31:01 [INFO] vessel_anomaly: 📍 Bounding Box: [[[-14.0, 92.0], [8.0, 141.5]]]
2026-06-09 14:31:02 [WARNING] vessel_anomaly: 🔌 WebSocket connection closed: no close frame received or sent
2026-06-09 14:31:02 [INFO] vessel_anomaly: 🔄 Reconnecting in 5 seconds...
2026-06-09 14:31:07 [INFO] vessel_anomaly: 🔗 Connecting to AISstream.io...
2026-06-09 14:31:08 [INFO] vessel_anomaly: ✅ Connected! Streaming AIS data for Indonesian waters...
2026-06-09 14:31:08 [INFO] vessel_anomaly: 📍 Bounding Box: [[[-14.0, 92.0], [8.0, 141.5]]]
2026-06-09 14:31:09 [WARNING] vessel_anomaly: 🔌 WebSocket connection closed: no close frame received or sent
2026-06-09 14:31:09 [INFO] vessel_anomaly: 🔄 Reconnecting in 5 seconds...
2026-06-09 14:31:14 [INFO] vessel_anomaly: 🔗 Connecting to AISstream.io...
2026-06-09 14:31:15 [INFO] vessel_anomaly: ✅ Connected! Streaming AIS data for Indonesian waters...
2026-06-09 14:31:15 [INFO] vessel_anomaly: 📍 Bounding Box: [[[-14.0, 92.0], [8.0, 141.5]]]
2026-06-09 14:31:16 [WARNING] vessel_anomaly: 🔌 WebSocket connection closed: no close frame received or sent
2026-06-09 14:31:16 [INFO] vessel_anomaly: 🔄 Reconnecting in 5 seconds...
2026-06-09 14:31:21 [INFO] vessel_anomaly: 🔗 Connecting to AISstream.io...
2026-06-09 14:31:22 [INFO] vessel_anomaly: ✅ Connected! Streaming AIS data for Indonesian waters...
2026-06-09 14:31:22 [INFO] vessel_anomaly: 📍 Bounding Box: [[[-14.0, 92.0], [8.0, 141.5]]]
2026-06-09 14:31:23 [INFO] vessel_anomaly: 
🛑 Shutdown signal received...
2026-06-09 14:31:23 [INFO] vessel_anomaly: 🛑 Data collector stopping...
2026-06-09 14:31:23 [INFO] vessel_anomaly: 🛑 Model trainer stopping...
2026-06-09 14:31:23 [WARNING] vessel_anomaly: 🔌 WebSocket connection closed: no close frame received or sent
